artist_name,track_name,track_id,popularity,danceability,energy,key,loudness,mode,speechiness,acousticness,instrumentalness,liveness,valence,tempo,duration_ms,time_signature
Dadá Boladão,Surtada - Remix Brega Funk,5F8ffc8KWKNawllr5WsW0r,86,0.8320000000000001,0.55,5,-7.026,0,0.0587,0.249,8.17e-06,0.182,0.8809999999999999,154.064,152784,4
Marília Mendonça,Supera - Ao Vivo,3GmJxfnUDrIs1iCfKUELFz,85,0.665,0.743,4,-4.434,1,0.0567,0.0604,0.0,0.9590000000000001,0.6579999999999999,131.57299999999998,147748,4
MC Du Black,Gaiola É o Troco,3Uq45ipGutypFPmETfaoaH,85,0.722,0.84,10,-3.24,0,0.0785,0.42,0.0,0.11199999999999999,0.851,150.108,187246,4
Anitta,Some que ele vem atrás,2qD7VoDYcrAPY0cVEfpsR5,84,0.648,0.795,0,-5.5360000000000005,0,0.17,0.0748,0.0,0.38,0.598,180.043,194771,4
Jorge & Mateus,Cheirosa - Ao Vivo,2PWjKmjyTZeDpmOUa3a5da,84,0.528,0.87,11,-3.123,1,0.0851,0.24,0.0,0.33299999999999996,0.7140000000000001,152.37,181930,4
Felipe Original,Hit Contagiante,5dKesZwp6deuhEeW8F1UEi,84,0.8190000000000001,0.684,6,-7.169,0,0.11900000000000001,0.132,0.0,0.0942,0.9590000000000001,170.187,137125,4
Lexa,Chama Ela (feat. Pedro Sampaio),14kRWkCWBYfQqILflEcpSJ,84,0.888,0.841,6,-1.933,1,0.147,0.46,9.120000000000001e-05,0.0568,0.9640000000000001,149.994,120200,4
Jorge & Mateus,Tijolão - Ao Vivo,6QwFUcPc5nhsqZuhXUYtV7,83,0.637,0.877,4,-3.68,0,0.198,0.469,0.0,0.34299999999999997,0.691,118.889,175219,4
Anitta,Combatchy (feat. MC Rebecca),2bPtwnrpFNEe8N7Q85kLHw,83,0.826,0.73,1,-3.032,1,0.0809,0.38299999999999995,0.00037400000000000004,0.0197,0.605,150.134,157600,4
Zé Neto & Cristiano,Ferida Curada,1U3tv41tFRgOfbytpuYQrR,83,0.49,0.845,2,-3.359,1,0.0973,0.49,0.0,0.213,0.5479999999999999,146.105,159164,4
Ludmilla,Invocada (Participação especial de Léo Santana) - Ao vivo,4k20Ie47EcWtS4wMBn8w8S,83,0.7759999999999999,0.8640000000000001,1,-4.281000000000001,1,0.0517,0.478,0.0,0.932,0.701,134.99200000000002,157494,4
Leo Santana,Contatinho - Ao Vivo Em São Paulo / 2019,4RC2nzqaQygxoVQOVv3XlT,83,0.787,0.934,10,-5.136,0,0.0773,0.223,1.87e-05,0.951,0.813,152.018,173230,4
Matheus & Kauan,Quarta Cadeira - Ao Vivo,5q0NlM6Pm8Pp3orq7zGiRn,82,0.565,0.82,5,-5.031000000000001,0,0.243,0.589,0.0,0.621,0.604,76.471,224002,4
Pk,Quando a vontade bater (Participação especial de PK Delas),26WpOBpHiIMoBuMEIwtOCH,83,0.621,0.7,8,-5.502000000000001,1,0.247,0.539,0.0,0.152,0.7040000000000001,149.90200000000002,166400,4
Matuê,Kenny G,3MkdA6vwF0ifRl86yzTlJW,82,0.41700000000000004,0.767,9,-3.31,1,0.19399999999999998,0.0778,0.0,0.113,0.152,72.57300000000001,189600,3
MC JottaPê,Sentou e Gostou,6V43u5SCjkfMpxMAXRPifr,82,0.7020000000000001,0.672,7,-3.3080000000000003,1,0.397,0.261,0.0009880000000000002,0.0916,0.722,131.453,163253,4
Luan Santana,quando a bad bater - ao vivo,1nVIlX3h3Ds9bH6JMQopIU,82,0.647,0.787,1,-4.7669999999999995,1,0.0413,0.307,0.0,0.532,0.535,128.121,179722,4
Vitão,Complicado,52vPpP2gEYaBROIS77J38P,82,0.7340000000000001,0.484,7,-7.486000000000001,0,0.13,0.57,0.0,0.22399999999999998,0.499,130.05,179339,4
Marília Mendonça,Serenata - Ao Vivo,5fY9bVl1Wj4PIM3wnduWop,81,0.711,0.711,4,-5.691,1,0.0896,0.10300000000000001,0.0,0.971,0.743,131.813,156371,4
Luan Santana,choque térmico - ao vivo,159ntSAEWJ9zIMOSXmQ530,81,0.737,0.758,2,-5.507999999999999,1,0.0402,0.342,0.0,0.8340000000000001,0.7340000000000001,126.978,180001,4
ANAVITÓRIA,Pupila,7Gk5OrMYaMRtT2JmgJVAfk,81,0.716,0.426,10,-9.576,1,0.128,0.401,0.0,0.11,0.434,88.794,202288,4
MC G15,Ela Vem,31yFXM26dazFnWI2eoOM5R,81,0.616,0.634,11,-7.388999999999999,1,0.546,0.619,0.0,0.0732,0.586,185.18599999999998,196800,5
Gusttavo Lima,Quem Traiu Levou - Ao Vivo,1owErGXMkNVCgCmCjI1vRL,81,0.583,0.958,11,-2.395,1,0.0849,0.325,1.98e-06,0.322,0.826,173.937,154183,4
Guilherme & Benuto,3 Batidas - Ao Vivo,1uryupl9hqVZYurJwH4G9k,81,0.552,0.7090000000000001,8,-5.435,1,0.129,0.611,0.0,0.763,0.528,117.58200000000001,157186,4
Giulia Be,menina solta,2MOq63fxuFLYQM3CsDcFs1,81,0.632,0.5589999999999999,11,-6.74,0,0.0797,0.331,0.0,0.16,0.6729999999999999,91.811,150026,4
Marília Mendonça,Todo Mundo Vai Sofrer - Ao Vivo,4E6RdcCWMiHTu7zy1VTNDo,81,0.621,0.743,3,-3.864,1,0.0738,0.281,0.0,0.41100000000000003,0.581,111.454,154661,4
Marília Mendonça,Bebi Liguei - Ao Vivo,3RbXsVQr4jeTxvT35Hssq3,80,0.603,0.804,0,-4.253,1,0.198,0.36200000000000004,0.0,0.743,0.682,153.88299999999998,159780,4
Xand Avião,Algo Mais (Amante) - Ao Vivo,4jGzR5Vri06Y5T9SxM7m5P,80,0.6970000000000001,0.8440000000000001,9,-3.076,1,0.0575,0.285,0.0,0.753,0.665,139.993,231680,4
Dj Guuga,Vidrado Em Você,2kOmW169C7UV4SZDN9u0YO,80,0.843,0.925,2,0.302,1,0.0997,0.139,7.65e-06,0.109,0.59,159.92600000000002,134769,4
Yasmin Santos,"Para, Pensa e Volta - Ao Vivo",2KyXyTrp3kp1Fsg7B1osYD,80,0.611,0.7909999999999999,2,-3.095,1,0.0436,0.245,0.0,0.237,0.5720000000000001,111.928,174179,4
Matheus & Kauan,Vou Ter Que Superar - Ao Vivo,6sRLrSetyIwIKhW1eMlUNP,79,0.505,0.721,1,-5.86,1,0.061,0.768,0.0,0.8690000000000001,0.42100000000000004,106.24799999999999,189059,4
Diego & Victor Hugo,A Culpa é do Meu Grau (feat. Zé Neto & Cristiano) - Ao Vivo em Brasília,4gDvg62vG96w0qJaF6wzcd,79,0.542,0.8759999999999999,6,-3.378,1,0.0972,0.7240000000000001,0.0,0.925,0.634,118.777,182735,4
MC Kevin o Chris,Resenha lá em casa,3NnW2EqJxvHYrRy3upaznl,79,0.674,0.447,5,-3.761,1,0.493,0.688,0.0,0.182,0.8240000000000001,150.237,236852,4
Atitude 67,Tão Linda,59WWulo1LM0njpIkcduCMn,79,0.877,0.557,9,-9.074,1,0.0911,0.16899999999999998,0.0,0.265,0.8290000000000001,152.874,147843,4
MC Ysa,Baile da Colômbia (Brega Funk) - Remix,2qiqXQ2Suc253bR7k9AKVD,79,0.838,0.568,5,-5.555,0,0.111,0.419,0.0,0.0617,0.9390000000000001,170.015,124000,4
Zé Felipe,Tiro Certo - Ao Vivo,6PrHpASrdyqydEKc8JFmEX,79,0.71,0.905,5,-5.146,1,0.0716,0.557,1.31e-06,0.7090000000000001,0.688,130.046,179065,4
Melim,Gelo,0J6cINt02c8UQqDG7vLShY,79,0.542,0.563,0,-7.446000000000001,1,0.0958,0.242,0.0,0.109,0.897,169.90900000000002,149728,4
Vitão,Café,6i9ToXS6CAfjpp8veBklg1,79,0.7759999999999999,0.5,11,-4.788,1,0.0979,0.0537,0.0,0.344,0.491,92.027,190435,4
Luíza & Maurílio,S de Saudade,3J5Pu25BODMex4Jpy4l6FL,78,0.7140000000000001,0.7120000000000001,11,-4.4030000000000005,1,0.0545,0.621,0.0,0.127,0.789,123.804,174863,4
IZA,Brisa,5rNNZ6fVYxkhwqUfImVhU1,78,0.693,0.8220000000000001,8,-2.478,1,0.259,0.45899999999999996,0.0,0.261,0.7909999999999999,159.66299999999998,151500,4
Gustavo Mioto,Fake News - Ao Vivo,4Cm51VOGs75ik79YMpJykG,78,0.804,0.637,11,-3.187,1,0.0542,0.47,0.0,0.9690000000000001,0.732,113.979,175205,4
MC Kevin o Chris,Evoluiu,0WhDotK0QXigmsrlw0DxKK,78,0.7759999999999999,0.465,7,-6.367999999999999,0,0.434,0.466,0.0,0.363,0.6940000000000001,149.829,179644,4
Gusttavo Lima,Perrengue - Ao Vivo,5pddmkNwatcLOEqDqj7xEp,78,0.826,0.866,0,-1.517,1,0.0355,0.332,0.0,0.665,0.909,123.11,211483,4
Pabllo Vittar,Amor de Que,29caulxU0jxucdVIyhSJTc,78,0.737,0.8190000000000001,11,-5.056,0,0.0446,0.0726,0.0,0.36,0.904,139.988,157929,4
MC Doni,Te Amo Sem Compromisso,4mkagJJ8AM1hzeyrgAJc3x,78,0.94,0.711,3,-3.975,1,0.191,0.0036899999999999997,0.000117,0.0765,0.693,130.0,132923,4
Israel & Rodolffo,Também Sei Fazer Falta - Ao Vivo,6hrV6KYL9zM8vFAbOSxFHY,78,0.715,0.7609999999999999,0,-5.539,1,0.0683,0.523,0.0,0.684,0.7829999999999999,151.93200000000002,156838,4
Y2K,Lalala,51Fjme0JiitpyXKuyQiCDo,94,0.843,0.391,2,-7.899,1,0.0845,0.18100000000000002,0.0,0.13699999999999998,0.496,129.972,160627,4
MC Kevin o Chris,Ela É do Tipo (feat. Drake) - Remix,7qLnSuxwLNlcapat8OCWZp,80,0.5760000000000001,0.524,6,-5.428,1,0.24,0.89,0.0,0.10800000000000001,0.715,99.387,212433,3
Maiara & Maraisa,Aí Eu Bebo - Ao Vivo,6lK3nCiigk34SGqEjpQoqO,77,0.8270000000000001,0.6829999999999999,11,-5.113,0,0.0719,0.479,0.0,0.409,0.85,135.944,173892,4
Gusttavo Lima,Carreira Solo - Ao Vivo,6ZWkf3FDQQmyeel23ECpIP,77,0.8059999999999999,0.9329999999999999,2,-1.1520000000000001,1,0.0376,0.409,0.0,0.871,0.9159999999999999,126.95700000000001,215767,4
Diego & Arnaldo,Relógio Parado - Ao Vivo,5n8Y78Pl5q8lqS7sJP61qw,77,0.741,0.943,1,-1.401,1,0.0456,0.0486,0.0,0.965,0.725,124.984,180736,4
Zé Neto & Cristiano,Estado Decadente - Acústico,4eB8rsNNm5791m3uvEBNLR,77,0.757,0.687,1,-4.78,1,0.0658,0.586,0.0,0.111,0.583,117.927,173831,4
Projota,Sei Lá,6l1PdE7lQbodewVQh16GCM,77,0.6609999999999999,0.43,6,-8.738,1,0.0422,0.519,0.0,0.111,0.9620000000000001,151.955,190364,3
Diego & Victor Hugo,Áudio - Ao Vivo em Brasília,2PqPSf3gtTED79rWGwVtYg,77,0.605,0.812,11,-4.699,1,0.0403,0.515,0.0,0.419,0.451,110.081,190245,4
Pixote,Nem de Graça / Saudade Arregaça - Ao Vivo,141xCZ6pvh4ymCsQkOFX80,77,0.47700000000000004,0.813,10,-5.919,1,0.0743,0.605,0.0,0.467,0.75,97.88799999999999,342622,4
Pabllo Vittar,Parabéns,6X0XdIcgwfVa9orJnDMQB0,77,0.723,0.856,1,-5.596,1,0.0562,0.00687,2.48e-06,0.397,0.688,170.106,136844,4
Dua Lipa,Don't Start Now,6WrI0LAC5M1Rw2MnX2ZvEg,97,0.794,0.7929999999999999,11,-4.521,0,0.0842,0.0125,0.0,0.0952,0.677,123.941,183290,4
Gusttavo Lima,Milu,1nqaSoiLuqevDes4S18sO7,77,0.845,0.787,2,-2.6830000000000003,1,0.0374,0.261,3.43e-06,0.102,0.882,124.98299999999999,224997,4
Shawn Mendes,Señorita,0TK2YIli7K1leLovkQiNik,96,0.759,0.54,9,-6.039,0,0.0287,0.037000000000000005,0.0,0.0945,0.75,116.947,190960,4
MC WM,Para não,23GNCotvXa7WPvgYuruJjE,76,0.775,0.929,11,-3.049,0,0.154,0.467,0.0,0.358,0.9109999999999999,150.06799999999998,164800,4
Mc Leozin,Maldita de Ex,6Diq6oBnDVzsrNcRllXRbM,76,0.8109999999999999,0.583,6,-0.9690000000000001,0,0.0306,0.19399999999999998,0.000256,0.0685,0.6729999999999999,133.054,164258,4
Mc Livinho,Se Prepara 2,0CgMeXQiNYJxPVQ2EMJxdL,76,0.648,0.45299999999999996,8,-8.969,0,0.522,0.106,3.78e-06,0.106,0.359,130.19899999999998,147336,4
Murilo Huff,Dois Enganados,72N0CRIAqjETbhghrkCUW2,76,0.711,0.56,1,-4.098,1,0.0355,0.6990000000000001,0.0,0.857,0.504,105.05,172751,4
Anitta,Onda diferente (feat. Papatinho),2H8ETIUEoN9YMf56X66bxd,77,0.705,0.721,1,-5.545,0,0.514,0.33299999999999996,0.0,0.10099999999999999,0.574,75.132,160900,4
Mano Walter,Fingindo Maturidade - Ao Vivo,3tU3UAasaDA9OixXGC3O33,76,0.5770000000000001,0.919,5,-3.194,1,0.0982,0.28600000000000003,0.0,0.943,0.736,166.05900000000003,189003,4
Maiara & Maraisa,Não Abro Mão - Ao Vivo,3L2uyIJoJPjYkSETVNSPBQ,76,0.615,0.499,1,-3.182,0,0.0378,0.892,0.0,0.945,0.588,94.79799999999999,180629,4
Marília Mendonça,Intenção - Ao Vivo,1qy7aOHnfnOMJoT1fhoLYG,76,0.613,0.611,6,-6.587000000000001,0,0.0843,0.376,0.0,0.91,0.628,139.474,202767,4
Wesley Safadão,Dois Lados,3vSXPjfcebTt5mB8DXHWM6,76,0.664,0.852,1,-4.059,1,0.0534,0.41700000000000004,0.0,0.10099999999999999,0.934,160.035,147187,4
Pedro Sampaio,Vai menina,1oQppEGTHYN53xfEaTz4ua,76,0.795,0.878,1,-3.261,0,0.278,0.413,0.0,0.0968,0.963,149.971,122435,4
Guilherme & Benuto,Flor Que Se Cheira - Ao Vivo,49pu85144Xir6PgWjeyJhG,76,0.68,0.759,2,-5.254,0,0.14400000000000002,0.637,0.0,0.556,0.797,117.82700000000001,161375,4
Matheus & Kauan,Mágica - Ao Vivo,5cN5ZOVcYBl4Lnq50Zeqsx,76,0.568,0.698,1,-5.438,1,0.0727,0.629,0.0,0.0999,0.534,121.663,161598,4
Tones and I,Dance Monkey,2XU0oxnq2qxCpomAAuJY8K,98,0.8240000000000001,0.588,6,-6.4,0,0.0924,0.6920000000000001,0.00010400000000000001,0.149,0.513,98.027,209438,4
MC Kevin o Chris,Ela É do Tipo,2x8TNY9KwNvD19gVGs4WOP,76,0.632,0.39799999999999996,6,-6.615,1,0.373,0.945,0.0,0.228,0.633,90.695,204931,4
MC JottaPê,Eterna Sacanagem,1AfNdxHdE4OLcnQUyC6j3i,76,0.5579999999999999,0.675,8,-4.564,1,0.484,0.501,0.0,0.106,0.769,92.678,168800,5
Selena Gomez,Lose You To Love Me,1HfMVBKM75vxSfsQ5VefZ5,98,0.505,0.34,4,-9.005,1,0.0438,0.5760000000000001,0.0,0.21,0.0916,101.993,206459,4
Dilsinho,Pouco a Pouco (Ao Vivo) (feat. Sorriso Maroto),2lm3Ric7MeBk8hLfsiVokr,75,0.485,0.648,2,-6.465,1,0.0362,0.862,0.0,0.8640000000000001,0.6920000000000001,148.05200000000002,196831,4
Pineapple StormTv,Poesia Acústica #7: Céu Azul,2FGhB10Gon36GgFcOTMQEW,76,0.795,0.6970000000000001,9,-4.276,0,0.31,0.0873,0.0,0.0997,0.542,102.756,572039,4
Post Malone,Circles,21jGcNKet2qwijlDFuPiPb,99,0.695,0.762,0,-3.497,1,0.0395,0.192,0.00244,0.0863,0.5529999999999999,120.042,215280,4
Marília Mendonça,Ciumeira - Ao Vivo,7D5F5BzIon5zhzQrOU2pdN,75,0.741,0.813,11,-4.83,0,0.0452,0.204,0.0,0.797,0.765,123.84200000000001,190084,4
Pk,Do jeito que tu gosta,34D0w6kVzuQ35vyHIFrWTC,75,0.639,0.534,9,-7.263999999999999,0,0.365,0.815,0.0,0.127,0.655,96.855,143246,3
MC Kevinho,Credo que delícia,4H9vyrlKZpzd1FW3oupnzD,75,0.779,0.861,3,-3.958,0,0.124,0.24,0.0,0.161,0.9109999999999999,146.062,123288,4
Pedro Sampaio,SENTADÃO,4lKuzrdZrJuCAedbIslF3A,75,0.68,0.8690000000000001,6,-1.94,1,0.0589,0.17800000000000002,0.0,0.223,0.924,173.997,143448,4
Billie Eilish,bad guy,2Fxmhks0bxGSBdJ92vM42m,96,0.701,0.425,7,-10.965,1,0.375,0.32799999999999996,0.13,0.1,0.562,135.128,194088,4
MC Kevinho,Uma nora pra cada dia,2bbFhnxYjeb9jYEX2MDKLQ,76,0.888,0.528,9,-8.751,0,0.192,0.0394,0.0,0.0964,0.924,150.181,131200,4
Marília Mendonça,Apaixonadinha - Ao Vivo,0rUL7vUZmCKxB0gS83W3aM,75,0.6629999999999999,0.7709999999999999,0,-4.665,1,0.20600000000000002,0.21600000000000003,0.0,0.713,0.778,166.02599999999998,180921,4
Sorriso Maroto,50 Vezes - Ao Vivo,01wavOnjFBNgdMWBFYIAP4,75,0.557,0.657,7,-6.428,1,0.0277,0.8220000000000001,1.54e-06,0.9520000000000001,0.574,147.872,184107,4
Lil Nas X,Old Town Road - Remix,2YpeDb67231RjR0MgVLzsG,91,0.878,0.619,6,-5.56,1,0.102,0.0533,0.0,0.113,0.639,136.041,157067,4
Mc Poze do Rodo,To Voando Alto,7HLU2aJTAQfSIgJ2dMASsP,75,0.887,0.6829999999999999,6,-3.167,1,0.17300000000000001,0.311,1.95e-06,0.0833,0.797,145.266,137430,4
IZA,Meu talismã,5aayWOEE7u7bxZ3r7dwIrX,75,0.665,0.805,6,-1.9380000000000002,1,0.0879,0.18600000000000003,0.0,0.289,0.667,85.1,165176,4
Travis Scott,HIGHEST IN THE ROOM,3eekarcy7kvN4yt5ZFzltW,98,0.598,0.42700000000000005,7,-8.764,0,0.0317,0.0546,5.83e-06,0.21,0.0605,76.469,175721,4
WIU,Mantém,17rF54WvGGqPVxDheq8PP8,75,0.754,0.765,10,-5.354,0,0.0777,0.38,0.0,0.113,0.53,129.983,195692,4
Hungria Hip Hop,Um Pedido,3CgZi8DMUftJHK6WL2gKc1,75,0.813,0.57,1,-7.709,1,0.139,0.39,0.0,0.0987,0.215,139.996,203546,4
Orochi,Acende o Isqueiro,1DdEU9f7uXklMx6Dm0Mdwq,75,0.48,0.565,8,-9.954,0,0.375,0.38,0.0,0.096,0.8059999999999999,112.988,207529,5
Felipe Araújo,Hoje Eu Beberei - Felipe Araújo In Brasília / Ao Vivo,4rnI4obabjGCPI2CCCs5VR,74,0.7090000000000001,0.905,2,-2.91,1,0.0461,0.353,0.0,0.955,0.8079999999999999,125.01299999999999,149696,4
Ludmilla,Verdinha,2RMOwSvOGQyy985Vx4VSGQ,74,0.845,0.9540000000000001,8,-3.656,0,0.124,0.345,5.21e-05,0.115,0.63,137.995,160396,4
MEDUZA,Piece Of Your Heart,1DFD5Fotzgn6yYXkYsKiGs,90,0.677,0.7440000000000001,10,-6.806,0,0.0295,0.0404,0.00016,0.07400000000000001,0.631,124.08,152913,4
George Henrique & Rodrigo,Bagunça Minha Vida - Ao Vivo Em Goiânia / 2019,33g4LmRrWddOvMLnynSktj,74,0.871,0.494,11,-9.911,0,0.0816,0.622,0.0,0.0998,0.713,117.947,145198,4
Ferrugem,Até que enfim - Ao vivo,1zI3RU0boCVsAXChjCvESu,74,0.568,0.703,3,-5.268,1,0.034,0.5379999999999999,0.0,0.922,0.74,139.889,224182,4
Marília Mendonça,Bebaça - Ao Vivo,6YjyT6MEMsMc41NNWk2dYg,74,0.6629999999999999,0.884,2,-3.4,0,0.0716,0.652,0.0,0.156,0.875,172.05900000000003,175203,4
Pedro Sampaio,Fica à vontade,0h1mVA8gOPR71lxSeY67uT,74,0.7240000000000001,0.9109999999999999,11,-2.01,0,0.245,0.39299999999999996,1.27e-05,0.29600000000000004,0.9470000000000001,150.132,140000,4
POCAH,Não sou obrigada,0nkDm27DGppCSk8dnGtvPa,74,0.8190000000000001,0.951,6,-2.8960000000000004,0,0.141,0.35600000000000004,0.0,0.145,0.963,153.963,148340,4
Yasmin Santos,Saudade em Gotas (feat. Wesley Safadão) - Ao Vivo,4pnlRYoaaGu24SuC3et5Pv,74,0.716,0.828,11,-4.375,1,0.0727,0.16,0.0,0.6859999999999999,0.8059999999999999,124.895,190950,4
Vintage Culture,In The Dark,3K16ZsnNjOTY1Esnrx0rQg,75,0.56,0.888,6,-5.131,0,0.0511,0.00216,0.0386,0.10400000000000001,0.162,124.05,207265,4
Zé Neto & Cristiano,Long Neck - Acústico,4Lxv5hGnHOUYBVeDgWgcaP,74,0.623,0.687,11,-5.435,1,0.0431,0.37,0.0,0.295,0.7040000000000001,127.875,167500,4
Diego & Victor Hugo,Do Copo Eu Vim (feat. Marília Mendonça) - Ao Vivo em Brasília,6NgwHmEgfQVIYQBq8QcWMi,74,0.6679999999999999,0.884,0,-3.239,1,0.0651,0.6629999999999999,0.0,0.45,0.7070000000000001,116.993,144071,4
Marília Mendonça,Sem Sal - Ao Vivo,0EZuXcsnjEmGuRYdFdcctX,74,0.5589999999999999,0.8440000000000001,0,-3.685,1,0.124,0.11199999999999999,0.0,0.935,0.823,139.385,162751,4
MC Kevin o Chris,Morena Cor do Pecado,3N6isgIE6SAFbRfRIbQ3sd,74,0.708,0.305,6,-10.192,1,0.841,0.307,8.82e-06,0.12,0.86,104.432,133878,5
Vitão,Embrasa,4iANxSIDT3kGekiquMSAgT,74,0.6990000000000001,0.531,0,-5.7139999999999995,1,0.0889,0.107,0.0,0.568,0.701,127.96700000000001,243021,4
Lewis Capaldi,Someone You Loved,7qEHsqek33rTcFNT9PFqLf,96,0.501,0.405,1,-5.678999999999999,1,0.0319,0.7509999999999999,0.0,0.105,0.446,109.891,182161,4
Zé Neto & Cristiano,Bebi Minha Bicicleta (Coração Falido) - Ao Vivo,5qMnAsvgTfHMd5KQpzpnA1,70,0.57,0.889,0,-3.813,1,0.20600000000000002,0.456,0.0,0.6509999999999999,0.426,97.421,179100,4
Marília Mendonça,Obrigado por Estragar Tudo - Ao Vivo,4a5GPCo8oX4vvaRkciKlih,74,0.43799999999999994,0.728,2,-4.934,1,0.12300000000000001,0.606,0.0,0.915,0.609,152.76,176667,4
Boyzinho o Rei da Bregadeira,Trip do Boyzinho,41GMwa6sCB3iA2aS5T30iE,74,0.7340000000000001,0.75,5,-3.072,0,0.0465,0.158,0.048,0.784,0.529,135.974,169903,4
Maroon 5,Memories,2b8fOow8UzyDFAE27YhOZM,100,0.764,0.32,11,-7.209,1,0.0546,0.8370000000000001,0.0,0.0822,0.575,91.01899999999999,189486,4
João Gustavo e Murilo,Casa mais feliz da rua - Ao vivo,2fvxmRWpeqZN8xatpB66pC,73,0.565,0.7190000000000001,4,-8.41,1,0.0509,0.25,0.0,0.158,0.624,160.004,165750,4
Dilsinho,Onze e Pouquinho,65i9Mc7h1CG7ssI1OhMPcT,73,0.609,0.597,9,-8.881,0,0.0378,0.722,0.0,0.158,0.746,140.03,180687,4
Vou pro Sereno,Teu Segredo - Ao Vivo,3kySOLOrkLeOPvu3HXEgVz,73,0.5,0.672,9,-7.3629999999999995,1,0.0433,0.674,0.0,0.971,0.5379999999999999,80.479,182861,4
Tropkillaz,Bola Rebola,1OUPXna2MCgAt3VNmXJBtg,78,0.8340000000000001,0.777,5,-4.538,0,0.0593,0.22,0.00609,0.335,0.865,129.984,193440,4
Lagum,Oi,78kar2tZk7655xZMibzXO3,73,0.8059999999999999,0.56,7,-9.356,1,0.0485,0.29600000000000004,0.0,0.10099999999999999,0.72,134.05700000000002,175973,4
Mc Th,Deixa,4zZ2rPOa8itw3VuusVSicv,74,0.7120000000000001,0.638,3,-4.551,0,0.18100000000000002,0.3,0.0,0.0929,0.887,94.82799999999999,161684,4
Ariana Grande,7 rings,6ocbgoVGwYJhOv1GgI9NsF,90,0.778,0.317,1,-10.732000000000001,0,0.33399999999999996,0.5920000000000001,0.0,0.0881,0.327,140.048,178627,4
A Banca Records,Outro Dia,1lTsRXDMWFbsFjQGkbL5TX,73,0.841,0.303,9,-14.794,1,0.389,0.313,7.14e-06,0.0926,0.32,128.061,232525,4
Mc Bola,Positividade,1YAtg8jo5fR3Q01eO2jPTl,73,0.83,0.5329999999999999,2,-3.852,1,0.0735,0.237,0.0,0.105,0.615,163.93099999999998,190244,4
DJ Dollynho Da Lapa,Surtada - Versão Funk,450ngaSmjQMdJFVzCADNQB,73,0.687,0.861,0,-1.932,0,0.56,0.376,9.92e-06,0.0555,0.485,105.031,123000,5
MEDUZA,Piece Of Your Heart - Alok Remix,6iW38RGqdDGOofmz2HeXLW,79,0.797,0.86,10,-4.38,0,0.0413,0.0312,0.0137,0.33399999999999996,0.192,124.03299999999999,166452,4
Vitão,Edredom,0wryAFpQqHTvhteQx7ZNp2,73,0.6890000000000001,0.619,7,-6.164,1,0.358,0.17800000000000002,0.0,0.375,0.71,95.92200000000001,172700,4
Marília Mendonça,Bem Pior Que Eu - Ao Vivo,4UANYptjv2kpV6IY7IjXoJ,73,0.6709999999999999,0.652,0,-4.689,1,0.0403,0.0164,0.0,0.929,0.40399999999999997,113.867,168172,4
Wesley Safadão,Na Cama Que Eu Paguei - Ao Vivo,6hqQPoB1yYKcLfByfxO8he,73,0.5479999999999999,0.846,6,-4.256,1,0.0741,0.0708,0.0,0.19899999999999998,0.8109999999999999,126.219,208155,4
Pk,Indomável (Participação especial de Belo),4YbZBChhX5SkLhNJcvvhuD,73,0.525,0.562,5,-6.41,0,0.21600000000000003,0.63,0.0,0.0867,0.679,100.198,213665,4
Billie Eilish,everything i wanted,3ZCTVFBt2Brf31RLEnCkWJ,98,0.7040000000000001,0.225,6,-14.454,0,0.0994,0.902,0.657,0.106,0.243,120.006,245426,4
MC Kevin o Chris,Vamos pra Gaiola,7FiIQXpIeLo3ITfGGpb8PB,73,0.872,0.971,6,-5.5760000000000005,1,0.281,0.917,0.00143,0.121,0.521,149.987,161600,4
Thiaguinho,Deixa Tudo Como Tá - Ao Vivo,2BfbIbgrFXULyZ44mlSpbn,73,0.693,0.509,4,-9.343,1,0.154,0.429,0.0,0.799,0.5539999999999999,142.952,211698,4
Orochi,Amor de Fim de Noite,0nDnvGagGAQP5vpgCyS5yH,73,0.47200000000000003,0.42700000000000005,7,-9.693,0,0.0664,0.841,0.0,0.0839,0.6920000000000001,139.532,221143,4
MC WM,Senta braba,2SgVsDXzET5EU8VngMh9dv,73,0.8759999999999999,0.7240000000000001,7,-2.915,1,0.0955,0.228,0.000655,0.10400000000000001,0.789,100.021,149616,4
Matuê,Banco,7MPQNyAX02uIEQCRsC4sgc,72,0.662,0.715,1,-6.593,1,0.153,0.12300000000000001,1.41e-06,0.0916,0.28,165.87900000000002,254734,4
Ed Sheeran,I Don't Care (with Justin Bieber),3HVWdVOQ0ZA45FuZGSfvns,92,0.7979999999999999,0.675,6,-5.041,1,0.0442,0.0912,0.0,0.0894,0.8420000000000001,101.956,219947,4
Costa Gold,Irmão DQbrada!,4CPhkF6SboNZoZfjgaEYME,72,0.8959999999999999,0.758,10,-5.334,0,0.42200000000000004,0.228,0.0,0.10099999999999999,0.764,133.93,360560,4
Raí Saia Rodada,Bebe e Vem Me Procurar,3tu0GkIZwwkmILoD4HemBq,72,0.5710000000000001,0.941,5,-6.712000000000001,0,0.0334,0.415,6.51e-06,0.299,0.9690000000000001,169.95,154291,4
Sam Smith,How Do You Sleep?,6b2RcmUt1g9N9mQ3CbjX2Y,94,0.47700000000000004,0.682,1,-4.931,0,0.0925,0.153,0.0,0.0763,0.345,110.56700000000001,202205,5
Luísa Sonza,Bomba Relógio,2wBInx2dacbbZUlLaklP7t,72,0.778,0.596,0,-6.779,0,0.0644,0.747,0.0,0.203,0.868,107.905,210838,4
The Black Eyed Peas,RITMO (Bad Boys For Life),6cy3ki60hLwimwIje7tALf,97,0.721,0.716,10,-7.037000000000001,0,0.0657,0.0334,0.00084,0.237,0.667,104.994,221714,4
Humberto & Ronaldo,Tchau Obrigado - Ao Vivo,1tqYKKvlnIcwNak6UWzzX0,72,0.569,0.598,6,-4.337,0,0.0329,0.748,0.0,0.848,0.858,134.382,150485,4
blackbear,hot girl bummer,7aiClxsDWFRQ0Kzk5KI5ku,97,0.778,0.5589999999999999,6,-7.109,0,0.0776,0.128,0.0,0.39899999999999997,0.6779999999999999,129.989,185093,1
Maneiro Na Voz,Botadona,1L4FkMHbsJWmNmXLFtgHmW,72,0.6659999999999999,0.6709999999999999,8,-8.522,0,0.0577,0.501,3.56e-06,0.316,0.9640000000000001,180.09599999999998,120346,4
Camila Cabello,Liar,7LzouaWGFCy4tkXDOOnEyM,93,0.74,0.498,11,-6.684,0,0.0456,0.0169,0.00282,0.319,0.652,98.016,207039,4
Selena Gomez,Look At Her Now,4yI3HpbSFSgFZtJP2kDe5m,92,0.563,0.564,10,-7.906000000000001,0,0.271,0.114,0.0254,0.304,0.55,154.355,162596,5
MC Kevin o Chris,Namorar Não Dá,3TvRRQj7qg8GOD612X9hKT,72,0.774,0.654,1,-3.6260000000000003,1,0.425,0.233,0.0020800000000000003,0.087,0.742,99.86399999999999,122462,3
Marília Mendonça,Abandono de Incapaz - Ao Vivo,0BNGeZfk8vEB5uXM6z8MBy,72,0.594,0.721,0,-3.9130000000000003,1,0.10300000000000001,0.0855,0.0,0.685,0.848,145.264,159499,4
Gustavo Mioto,Com ou Sem Mim (Ao Vivo em Fortaleza),2BU6XXSG8SqiptRuj6EiLA,72,0.605,0.72,7,-3.616,0,0.0481,0.159,0.0,0.956,0.29600000000000004,141.954,201856,4
Gusttavo Lima,A Gente Fez Amor - Ao Vivo,3tv697PZNnaQN0Mn2zGhS5,56,0.794,0.937,8,-2.4330000000000003,0,0.0333,0.363,4.61e-06,0.96,0.8290000000000001,134.012,237517,4
Gloria Groove,MIL GRAU,4BkjISAYyQ6OMnEpzpQxgA,72,0.8220000000000001,0.977,10,-1.431,0,0.0509,0.462,1.17e-06,0.0489,0.8240000000000001,97.094,145979,4
Neo Beats,Surtada,61vDGoB9k3ximR5YNzjmBc,72,0.764,0.46799999999999997,5,-9.181000000000001,0,0.446,0.24,0.0,0.252,0.7559999999999999,77.044,163247,4
Harry Styles,Watermelon Sugar,1e9oZCCiX42nJl0AcqriVo,91,0.5479999999999999,0.816,0,-4.209,1,0.0465,0.122,0.0,0.335,0.557,95.39,174000,4
Tribo da Periferia,Conspiração,6RtBJYQuduBYuDmX5ww6rW,71,0.8220000000000001,0.51,5,-6.954,0,0.0634,0.342,0.0,0.401,0.33899999999999997,134.85299999999998,170667,4
Dj Guuga,7 Dias 7 Corpos,75G8U8YHMcHirBsO0we3zR,71,0.8909999999999999,0.877,3,-1.5859999999999999,0,0.374,0.38,0.0,0.11800000000000001,0.853,79.99,162433,4
Mc Nando,Garupa 2,2ZWCFtbgpxCgb6qR0yHAkh,71,0.9470000000000001,0.9209999999999999,7,-2.988,1,0.37799999999999995,0.705,0.0035,0.0621,0.738,130.02200000000002,142500,4
Marília Mendonça,Passa Mal - Ao Vivo,7Cpd4UGXnTrloIgZpSs46e,71,0.688,0.91,11,-2.2569999999999997,0,0.0742,0.0651,0.0,0.674,0.877,147.767,154258,4
Post Malone,Goodbyes (feat. Young Thug),0t3ZvGKlmYmVsDzBJAXK8C,93,0.5479999999999999,0.653,5,-3.875,1,0.081,0.456,0.0,0.10300000000000001,0.163,150.06799999999998,174853,4
Maiara & Maraisa,Nem Tchum - Ao Vivo,4oRI9c4EmcKo9kbgVM8zWP,71,0.48100000000000004,0.502,5,-6.2589999999999995,1,0.12,0.866,0.0,0.975,0.489,139.235,202475,4
Dennis DJ,Apimentadíssima,7yfVmOVRrstIgkNPz45tAJ,71,0.856,0.8240000000000001,2,-4.504,1,0.293,0.225,0.0011300000000000001,0.0748,0.677,149.836,137624,4
Marília Mendonça,Love À Queima Roupa - Ao Vivo,0aUGXSCmdJz9I9kdY9e9kk,71,0.7609999999999999,0.848,4,-4.265,1,0.0371,0.524,0.0,0.794,0.92,121.788,149051,4
Orochi,Balão,2vHshN6rsDYqoiZlMhfRpo,71,0.627,0.575,0,-6.182,0,0.16699999999999998,0.16399999999999998,0.0,0.184,0.203,116.834,253333,4
Ed Sheeran,South of the Border (feat. Camila Cabello & Cardi B),4vUmTMuQqjdnvlZmAH61Qk,93,0.857,0.621,9,-6.376,0,0.0824,0.14800000000000002,0.0,0.0865,0.6679999999999999,97.986,204467,4
Pineapple StormTv,Você Não Ama Ninguém,5e0CF6LhfPARWyiu4eFohr,71,0.618,0.7120000000000001,2,-6.316,1,0.048,0.158,0.0,0.158,0.265,127.949,292500,4
Gusttavo Lima,Contador de Reencontros - Ao Vivo,4U4XfCvNcTSHIZsMljIXo6,49,0.736,0.909,8,-2.7889999999999997,1,0.0403,0.0868,8.39e-05,0.765,0.841,142.03799999999998,187133,4
Gusttavo Lima,Entrevista Com Seu Ex - Ao Vivo,0tgYJMrJaId90cJX4TUO3s,48,0.847,0.92,10,-1.482,1,0.0473,0.27899999999999997,0.0,0.73,0.69,117.93299999999999,174692,4
Gusttavo Lima,Vai Viver Sua Vida - Ao Vivo,7dY2fGczDBbm4SmeTJClvA,48,0.612,0.9329999999999999,5,-1.807,1,0.168,0.122,0.0,0.266,0.685,164.114,189342,4
Gusttavo Lima,Romance no Deserto (Romance in Durango) (feat. Fagner) - Ao Vivo,6opvoowp00InBMl09NE11G,47,0.8029999999999999,0.8059999999999999,9,-3.3489999999999998,1,0.0476,0.489,0.0,0.652,0.825,114.00399999999999,249575,4
Casa Worship,A Casa É Sua,3h3fui1QXImL2zRcs9v2Lc,71,0.327,0.731,8,-5.821000000000001,1,0.0398,0.322,8.66e-06,0.267,0.0792,132.76,562388,4
Gusttavo Lima,Última Letra (Mi Última Letra) - Ao Vivo,4oubZYBFLVt9dEhUGDR8M5,47,0.831,0.8390000000000001,9,-2.318,0,0.0355,0.377,5.0900000000000004e-05,0.924,0.845,123.02600000000001,229850,4
Gusttavo Lima,"Se Tem Briga, Tem Amor - Ao Vivo",18w3xQnNqNNUhr9yOxIGI1,46,0.5920000000000001,0.971,11,-1.554,1,0.24,0.0864,0.0,0.56,0.746,182.57,159933,4
Gusttavo Lima,Chora Até Perder a Fala - Ao Vivo,3ZkTtSBN1wcSw35F8GDRmr,44,0.738,0.8420000000000001,1,-3.82,0,0.0428,0.419,1.49e-05,0.2,0.5870000000000001,126.95,241533,4
MEDUZA,Lose Control,7CHi4DtfK4heMlQaudCuHK,92,0.598,0.526,10,-8.658999999999999,0,0.0415,0.129,0.0,0.14,0.529,123.935,168387,4
Gusttavo Lima,Milu - Ao Vivo,7nZXhlDto9K0QaOFvq2xeZ,42,0.7559999999999999,0.937,2,-2.585,1,0.0911,0.35100000000000003,3.84e-05,0.517,0.634,125.029,257954,4
Gusttavo Lima,Online - Ao Vivo,67gZRsdrJUvoTFGWoYV2xK,41,0.53,0.927,2,-2.656,1,0.08,0.23399999999999999,2.69e-06,0.365,0.79,155.05,168467,4
IZA,Evapora,1HBrxfreCZDstJMYVzgRPM,74,0.69,0.7070000000000001,11,-4.789,1,0.27899999999999997,0.125,2.77e-06,0.237,0.677,103.90899999999999,127076,4
Gusttavo Lima,Lo Que Tú y Yo Vivimos (feat. Gente de Zona) - Ao Vivo,1FlnGCttPR7Sy18wmAz8co,40,0.6709999999999999,0.915,0,-4.002,1,0.10300000000000001,0.23,0.0,0.9179999999999999,0.39,92.066,237508,4
Gusttavo Lima,Caquinho - Ao Vivo,598WklP5fzUD106zT3tQuv,40,0.6859999999999999,0.48100000000000004,10,-6.039,1,0.0536,0.7829999999999999,0.0,0.963,0.5720000000000001,89.352,160033,4
Gusttavo Lima,Até a Garrafa Chora - Ao Vivo,1B90AIPeyjdFmlnJ4uE1lV,40,0.872,0.833,2,-1.933,1,0.051,0.48100000000000004,1.17e-06,0.243,0.925,123.961,171942,4
Gusttavo Lima,Eu Vou pra Igreja - Ao Vivo,18fT65ybiDkI5IDtkCw2us,40,0.8270000000000001,0.821,4,-2.432,1,0.04,0.34299999999999997,0.0,0.8809999999999999,0.745,128.921,170350,4
Kalli,Kallidade,2G7vVF2QPQtlnQ7EQntij8,71,0.7829999999999999,0.483,1,-8.963,1,0.127,0.212,0.0,0.185,0.299,100.036,158400,4
POCAH,Pode chorar,6bSvoJ36Z446sBPf7NEhh9,71,0.563,0.7490000000000001,0,-4.414,0,0.0588,0.12,0.000196,0.0597,0.6509999999999999,99.274,143377,5
Marília Mendonça,Bye Bye - Ao Vivo,055TcJ0BdCrW7qE8Yq5KRM,71,0.738,0.7979999999999999,0,-4.489,1,0.0572,0.12,0.0,0.92,0.439,115.916,166199,4
Sidoka,Não Me Sinto Mal Mais,563yuGweEqRVQtjfsDVRyK,71,0.8140000000000001,0.665,9,-7.87,1,0.17300000000000001,0.35100000000000003,0.00172,0.10800000000000001,0.326,126.027,265356,4
Mc Don Juan,Bye Bye,3NpRkAnxexTh4TklAZNjag,71,0.655,0.34,10,-6.834,1,0.358,0.332,8.73e-05,0.106,0.24,90.67,184615,5
DJ Felipe Único,Mochila nas Costas / Empurra Empurra,49N07rRWNp03L2HPCogaF0,71,0.912,0.813,1,-3.9610000000000003,1,0.166,0.741,4.11e-05,0.0734,0.873,135.026,241778,4
Alok,Table For 2,11xOwUHV7P1q7UpEQuMIrx,73,0.657,0.614,0,-7.829,0,0.055,0.0625,0.0,0.397,0.723,113.009,176283,4
Alok,All The Lies,6PqUdUGS4h5aGY7YyEGXr8,72,0.611,0.835,6,-4.107,1,0.139,0.16699999999999998,0.0,0.107,0.672,102.023,179457,4
Henrique & Diego,Tchau Tchau,1psCVg04oOY36IqUVyRfhO,71,0.58,0.83,7,-4.266,0,0.14800000000000002,0.154,0.0,0.0449,0.7340000000000001,135.936,170077,4
Bruno & Marrone,Show De Recaída - Ao Vivo Em Uberlândia / 2018,2M53M7wYGFjUMlHIXhJoqW,71,0.7829999999999999,0.7559999999999999,8,-4.181,1,0.035,0.258,0.0,0.11599999999999999,0.79,114.98700000000001,172512,4
Pedro Sampaio,Aquecimento do Pedro Sampaio,7wAQTVTggrFQ4bceY6e3GE,71,0.828,0.7020000000000001,6,-7.996,0,0.271,0.0265,2.48e-05,0.0762,0.846,150.077,129600,4
Wesley Safadão,Igual Ela Só Uma,6XGhqvxCMCcBy5XiqG7SWV,71,0.708,0.8909999999999999,11,-3.117,0,0.0285,0.12300000000000001,0.0,0.248,0.932,128.025,170441,4
Thiaguinho,A Fila Anda - Ao Vivo,4pl0csAczZemDLdyNYOmxT,70,0.7509999999999999,0.6970000000000001,0,-8.012,1,0.0581,0.223,0.0,0.924,0.555,141.42700000000002,177805,4
Zé Neto & Cristiano,Enchendo e Derramando,4ABwmZSNZPHqH2cXPhKgfH,71,0.642,0.6920000000000001,5,-6.294,1,0.0489,0.5710000000000001,0.0,0.21899999999999997,0.652,137.762,192288,4
Sam Smith,Dancing With A Stranger (with Normani),6Qs4SXO9dwPj5GKvVOv8Ki,88,0.741,0.52,8,-7.513,1,0.0656,0.45,1.97e-06,0.222,0.34700000000000003,102.99799999999999,171030,4
Filipe Ret,Eu Não Sou Tão Bom Assim,4Sz4wqydJaWpFfR2QoaLCJ,70,0.8059999999999999,0.8490000000000001,5,-5.558,0,0.0694,0.268,0.0,0.19399999999999998,0.895,94.99,242526,4
Lil Nas X,Old Town Road,0F7FA14euOIX8KcbEturGH,86,0.907,0.53,1,-6.112,1,0.127,0.0578,2.23e-06,0.10099999999999999,0.507,135.998,113000,4
Orgânico,Baila Mais,0BvvhRyleab8gLZLU7QrhZ,70,0.757,0.547,7,-5.5089999999999995,0,0.0353,0.462,0.0,0.0789,0.527,101.023,386139,4
Zé Neto & Cristiano,Barzinho Aleatório - Ao Vivo,3WjSkl7VDWY1prwJw7dSG0,56,0.39399999999999996,0.9179999999999999,7,-2.657,1,0.33399999999999996,0.342,0.0,0.982,0.588,157.925,158969,4
Gusttavo Lima,Online,4NLfKIsRhP1cve1kcrYg40,70,0.5760000000000001,0.857,2,-2.57,1,0.0828,0.34299999999999997,0.0,0.171,0.772,155.092,164053,4
Dilsinho,Péssimo Negócio (Ao Vivo),5MMrkwK6AgNAsgHVdC7daZ,70,0.5379999999999999,0.6509999999999999,10,-5.805,1,0.0336,0.8009999999999999,0.0,0.948,0.544,148.03,201378,4
Gloria Groove,YoYo,161tk6AjNHvS8LC7Y4MHur,70,0.777,0.735,11,-2.108,1,0.231,0.126,0.0,0.0778,0.713,92.039,156522,4
MC Kevin o Chris,Romance Proibido - Ao Vivo,2UxeBJPanPvF3Q2xH6zkbC,60,0.652,0.7979999999999999,11,-5.167000000000001,0,0.243,0.498,1.01e-05,0.335,0.5579999999999999,150.003,162176,4
Luísa Sonza,Garupa,1HEr5uCRyuuLlVCOB1RiTE,70,0.785,0.76,6,-4.168,0,0.0438,0.175,6.25e-05,0.16899999999999998,0.498,101.964,128067,4
DJ DS,Quanto Tempo Eu Perdi Com Esse Amor de Bosta,3u8L63t5b4lX6m8ptinPdU,70,0.715,0.625,1,-8.509,1,0.491,0.6629999999999999,0.000629,0.0614,0.721,132.224,189091,4
Vitão,7 Chamadas,3K2VA0D9DCYn0BCzFSA2Wk,66,0.893,0.48200000000000004,5,-7.716,1,0.0602,0.0848,0.0,0.496,0.6920000000000001,105.066,173914,4
Péricles,Supera - Ao Vivo,0ePqDlJvdIrs58EKvPb9hN,70,0.556,0.7140000000000001,11,-5.973,0,0.0614,0.452,0.0,0.983,0.696,147.57,232279,4
MC Caverinha,Flash,3UEm2avDtIIaT3UvuvsxES,70,0.9129999999999999,0.366,7,-14.341,1,0.32899999999999996,0.731,2.3100000000000002e-05,0.14800000000000002,0.12300000000000001,125.035,155937,4
Regard,Ride It,2tnVG71enUj33Ic2nFN6kZ,95,0.882,0.78,0,-4.256,1,0.0939,0.159,5.22e-05,0.0973,0.867,117.945,157606,4
Zé Neto & Cristiano,Condomínio Fechado - Ao Vivo,2YNhkVQHYWyjSov4yHXG0r,49,0.604,0.889,1,-2.8310000000000004,1,0.10400000000000001,0.5489999999999999,0.0,0.799,0.652,117.49799999999999,171102,4
Ariana Grande,"thank u, next",3e9HZxeyfWwjeyPAMmWSSQ,88,0.7170000000000001,0.653,1,-5.6339999999999995,1,0.0658,0.22899999999999998,0.0,0.10099999999999999,0.41200000000000003,106.96600000000001,207320,4
Zé Neto & Cristiano,Por Mais Beijos Ao Vivo (Beijos Ao Vivo),0Rq0sTzIMl8kZ8JckXOM6h,48,0.452,0.904,11,-2.835,1,0.0767,0.33799999999999997,2.0399999999999998e-05,0.879,0.371,123.23299999999999,193956,4
Zé Neto & Cristiano,Três Opções - Ao Vivo,69PSG0fqeFrWSdoLXUXFCa,48,0.684,0.951,1,-2.421,0,0.223,0.39899999999999997,0.0,0.391,0.624,98.11,169612,4
Zé Neto & Cristiano,Pra Juntar - Ao Vivo,1RrJcpY4pk78NMGJaf2R9u,48,0.664,0.748,0,-3.622,1,0.0317,0.382,0.0,0.8959999999999999,0.371,104.037,181546,4
Zé Neto & Cristiano,Beijo de Autoajuda - Ao Vivo,1yZfPG5krGf2ycRTYH8byo,48,0.586,0.818,1,-3.45,1,0.0445,0.34,0.0,0.8490000000000001,0.42100000000000004,109.88,146790,4
Vitão,Te Liguei,1BoDeH9mShHMX9NWzKSz4a,70,0.672,0.594,9,-7.3,0,0.267,0.0848,0.0,0.299,0.5670000000000001,140.189,234637,4
Lucas Lucco,Sumiu do Mapa - Ao Vivo,76gCEZkHTzU8lY3aY6mFRM,69,0.809,0.848,7,-3.782,1,0.0386,0.319,0.0,0.64,0.768,125.01,147669,4
DJ Snake,"Fuego (with Sean Paul & Anitta, feat. Tainy)",660eekzsNZ7sdATvfIsAkR,77,0.8190000000000001,0.8590000000000001,8,-6.263999999999999,1,0.22399999999999998,0.0244,0.0,0.0916,0.612,104.906,195429,4
Guilherme & Benuto,Declaração pro Bar - Ao Vivo,48CAeajgzcGJaVUSsXd7h0,69,0.679,0.767,2,-5.058,0,0.133,0.69,0.0,0.805,0.603,112.90100000000001,161397,4
NGC Daddy,Love And Choppa,26NEo4Ar57Ph1daWpZX4ke,70,0.897,0.513,8,-9.652999999999999,1,0.389,0.521,0.000583,0.07200000000000001,0.7979999999999999,130.077,140856,4
Fernando & Sorocaba,Alô Som (feat. Maiara & Maraisa) - Ao Vivo,6UnYL2ZUw8Vg40RRmFrrcI,69,0.737,0.8690000000000001,7,-3.173,1,0.0608,0.261,0.0,0.861,0.6459999999999999,119.98700000000001,193967,4
Cleber & Cauan,Pedaço Meu - Ao Vivo,3pQQwzmxazhfCfXMU9hhou,69,0.498,0.823,9,-2.681,1,0.0536,0.5329999999999999,0.0,0.8290000000000001,0.35,103.836,195716,4
Alok,On & On,7sYAS4CpbV90oSemgaEQat,75,0.747,0.7759999999999999,10,-5.898,0,0.0722,0.0233,1.3800000000000002e-05,0.7609999999999999,0.67,125.07,147027,4
Tribo da Periferia,Nosso Plano,72BaF0PLFjyY5mylb1xUFt,69,0.782,0.63,9,-10.022,0,0.317,0.42100000000000004,0.0,0.268,0.293,139.942,219429,4
Arizona Zervas,ROXANNE,696DnlkuDOXcMAnKlTgXXK,97,0.621,0.601,6,-5.6160000000000005,0,0.14800000000000002,0.0522,0.0,0.46,0.457,116.735,163636,5
Djonga,LEAL,5cEZdqWwTQbQ5mfiZJpzps,69,0.545,0.498,11,-6.0,0,0.342,0.0835,0.0,0.128,0.5479999999999999,87.17,212651,4
Filipe Ret,Ilusão,3QpkDyuXdjxhIyLyKtyC6O,69,0.596,0.607,5,-6.682,0,0.209,0.34,0.0,0.0808,0.446,129.252,217732,5
Vitão,Caderninho,0iAiunuKLLAUmQxgkcJza2,69,0.706,0.183,3,-9.993,0,0.0592,0.7140000000000001,0.0,0.12,0.789,118.23899999999999,220453,4
Yasmin Santos,Então Vou Avisar - Ao Vivo,1idjI8gtxgHjy8KyZamY6o,69,0.534,0.835,9,-3.477,1,0.0939,0.312,0.0,0.855,0.433,163.907,187801,4
Aldair Playboy,Combate,7IruVxSLrjspZb6BtJDdSx,69,0.9520000000000001,0.701,11,-2.358,0,0.0491,0.204,3.17e-06,0.0706,0.9,129.984,159657,4
Filipe Ret,Sessão do Descarrego,6eK68flOp1XqQtbWohsdNE,69,0.778,0.6809999999999999,0,-7.148,0,0.245,0.247,0.0,0.111,0.142,121.04700000000001,235307,4
ANAVITÓRIA,relicário,1fZgxJgmmOl8zCyHgcKAWE,65,0.431,0.26,0,-12.001,1,0.0382,0.84,0.00015,0.10400000000000001,0.157,159.567,245539,3
Anuel AA,China,2ksOAxtIxY8yElEWw8RhgK,95,0.7859999999999999,0.8079999999999999,7,-3.702,1,0.0882,0.0846,0.00028900000000000003,0.0822,0.609,105.027,301714,4
Marília Mendonça,Casa da Mãe Joana - Ao Vivo,5zweis4XXFug8uxTRnqH1W,69,0.757,0.684,4,-5.206,0,0.037000000000000005,0.154,0.0,0.835,0.626,120.116,187444,4
Ariana Grande,Don’t Call Me Angel (Charlie’s Angels) (with Miley Cyrus & Lana Del Rey),6zegtH6XXd2PDPLvy1Y0n2,85,0.644,0.755,1,-5.325,1,0.0448,0.00237,7.64e-06,0.0859,0.33399999999999996,102.861,190067,4
MC Kevin o Chris,Um Bom Malandro (Versão Especial),60apCFfvNle25B6eCPcYQB,69,0.601,0.436,9,-6.689,1,0.643,0.245,0.0,0.0706,0.758,79.986,198452,4
Ferrugem,De repente vem você (Participação especial de Belo) - Ao vivo,35NaAQcpPAdSmYGuqKEuOI,69,0.33299999999999996,0.7440000000000001,7,-5.285,1,0.07400000000000001,0.495,0.0,0.971,0.644,159.77200000000002,215560,4
MC Lukkas,Reboladinha,1HbHkYYdpd6qBKQbQ8Xr3X,69,0.716,0.6890000000000001,2,-4.468999999999999,1,0.132,0.0785,0.0,0.14300000000000002,0.527,160.029,142154,4
Justin Bieber,Mistletoe,0EQeAkwuo2CMDFhZr2Ctmz,0,0.66,0.624,6,-7.422999999999999,0,0.0481,0.513,0.0,0.0841,0.841,161.984,184573,4
Justin Bieber,The Christmas Song (Chestnuts Roasting On An Open Fire),0o5mAZsElPFVmZz4VTHqjw,0,0.265,0.436,9,-9.542,0,0.0411,0.45,0.0,0.102,0.159,69.047,215160,4
Justin Bieber,Christmas Love,1JovaupBZ3rjnaRi159eYo,0,0.633,0.512,10,-8.577,1,0.0294,0.518,0.0,0.32799999999999996,0.376,99.944,206787,4
Justin Bieber,All I Want For Christmas Is You (SuperFestive!),2Ra2N9qvSfWQbjhgaYtSLn,0,0.5760000000000001,0.9109999999999999,9,-5.318,0,0.064,0.306,0.0,0.434,0.401,149.998,240333,4
Justin Bieber,Drummer Boy,43w1JXoCNLHPDo2h6NTqJR,0,0.7509999999999999,0.848,8,-8.32,1,0.0823,0.0248,0.000127,0.149,0.479,122.99,225333,4
Dubdogz,Techno Prank,4t8ilMPQ7E7S6pB4i4Kf2I,71,0.741,0.807,2,-6.562,1,0.0451,0.0563,0.747,0.35100000000000003,0.11800000000000001,124.06200000000001,203407,4
Simone & Simaria,O Que É O Que É?,430umKhe4mL3R8BYQvefB8,69,0.794,0.9129999999999999,7,-1.272,1,0.0871,0.271,0.0,0.34600000000000003,0.816,122.059,185632,4
Luccas Carlos,NADA FÁCIL,4pq5g8DHg6lX7gDqu4OGlg,69,0.615,0.6990000000000001,4,-5.5,0,0.063,0.688,0.0,0.142,0.46399999999999997,167.993,198847,4
Altamira,Vem Cá,7xeMD2bU9QrjrPRYSvSkKn,69,0.753,0.396,11,-8.19,1,0.133,0.525,0.0,0.182,0.7240000000000001,80.95100000000001,166661,4
Midian Lima,Não Pare,3VCfmjE0oEMYQUil14wd0J,69,0.517,0.59,4,-6.67,1,0.0393,0.27699999999999997,0.0,0.113,0.129,129.8,293593,4
Jonas Esticado,Vem Me Amar,0UavwCicOnQwMuh67yaxM3,69,0.612,0.934,1,-3.786,0,0.0393,0.349,0.0,0.231,0.958,166.96,155717,4
Sidoka,Olha Pro Oclin,5G3NKZf1Gqs7dQnY4Miliy,69,0.9009999999999999,0.484,5,-11.169,0,0.11699999999999999,0.0367,2.25e-05,0.198,0.7659999999999999,130.02,221490,4
Mc Dricka,Empurra Empurra,2OFO6Zws6Pxo5p0J7SmkOp,69,0.95,0.638,4,-2.3819999999999997,0,0.313,0.7979999999999999,0.0,0.225,0.961,130.015,240119,4
SHAED,Trampoline (with ZAYN),1iQDltZqI7BXnHrFy4Qo1k,93,0.619,0.45899999999999996,7,-5.782,0,0.0334,0.56,0.0,0.13699999999999998,0.498,126.803,184280,4
Vitor Kley,Adrenalizou - Gabriel Boni Remix,3JLiFx1nKJzgQZawENZODb,69,0.821,0.7170000000000001,9,-5.76,1,0.0385,0.0733,0.00036,0.33799999999999997,0.322,122.993,214436,4
Murilo Huff,Idiota Favorito,4tGhPwNEdXR7qJNLsvqRqw,69,0.7390000000000001,0.768,8,-3.793,1,0.0543,0.48,0.0,0.332,0.809,153.915,180390,4
Marília Mendonça,Amigo Emprestado - Ao Vivo,6nn9utEXmkfR5iBxerXtB5,69,0.667,0.772,2,-3.492,1,0.0514,0.308,0.0,0.606,0.794,137.376,159766,4
MC Kevin o Chris,Na Onda - Ao Vivo,5tsx4LW23RmQEDxOhZphkM,46,0.486,0.649,0,-4.971,1,0.0476,0.618,0.0,0.6829999999999999,0.331,129.755,200423,4
Anitta,Terremoto,7G2XZhDNHo7SSDWSVxC0UT,71,0.8909999999999999,0.805,8,-5.836,0,0.0898,0.32899999999999996,0.0,0.27699999999999997,0.9670000000000001,95.045,146276,4
MC Kevin o Chris,Rola Os Dados - Ao Vivo,5aMVhxcSAfuUdxLIMeXQDi,45,0.48100000000000004,0.625,3,-6.16,0,0.0568,0.614,1.67e-05,0.97,0.284,133.15200000000002,173844,1
Tiago Iorc,Tangerina - Ao Vivo,6TDPTk5c9r1aAaLEILqNmA,68,0.664,0.575,6,-13.538,0,0.0637,0.0364,0.00458,0.687,0.517,109.009,281035,4
MC Kevin o Chris,Evoluiu - Ao Vivo,0mkvYEUb50pxAUwTXY9lAG,43,0.42700000000000005,0.785,0,-6.272,0,0.0941,0.483,0.0,0.909,0.49700000000000005,149.911,230912,4
Raí Saia Rodada,Já Que Me Ensinou a Beber,2Cm5PX1a4uhcEy7D0E2gTV,68,0.652,0.888,7,-2.2319999999999998,1,0.0362,0.5379999999999999,0.0,0.0706,0.917,157.966,136824,4
MC GP,Voltei pras putas,32FjfUr6WlI54zX0Kh4MTI,68,0.8959999999999999,0.45899999999999996,10,-2.318,0,0.0939,0.0405,1.39e-05,0.0864,0.514,132.906,137195,4
Turma do Pagode,Muito Cedo,60glrFrvqFW5RmNNecsnaa,68,0.561,0.7440000000000001,4,-6.403,1,0.0408,0.581,0.0,0.821,0.638,152.076,203289,4
Vitão,Tá Foda,2iodbBGZvKP6fz5kkAJ8Qx,68,0.631,0.58,6,-6.888,1,0.17800000000000002,0.0269,0.0,0.045,0.635,173.99900000000002,189534,4
Normani,Motivation,0rIAC4PXANcKmitJfoqmVm,87,0.599,0.887,4,-3.967,1,0.0984,0.0192,1.21e-06,0.3,0.8809999999999999,170.918,193837,4
Lizzo,Good as Hell (feat. Ariana Grande) - Remix,07Oz5StQ7GRoygNLaXs2pd,91,0.6679999999999999,0.892,5,-3.0010000000000003,0,0.0645,0.298,0.0,0.735,0.478,95.927,159011,4
KVSH,Can't Get Over You,3dTmgecC7MCMbteWjf8Ls7,70,0.7140000000000001,0.795,9,-4.621,0,0.0354,0.013000000000000001,2.33e-05,0.0917,0.34700000000000003,123.00200000000001,142439,4
Post Malone,Take What You Want (feat. Ozzy Osbourne & Travis Scott),7CZyCXKG6d5ALeq41sLzbw,91,0.499,0.8,1,-2.665,0,0.0502,0.0906,0.0,0.147,0.272,139.91899999999998,229573,4
Yasmin Santos,Sofro Onde Eu Quiser,2Xr33epIjw1fbwOhrng4Pd,68,0.746,0.498,6,-7.237,1,0.0368,0.297,0.0,0.11199999999999999,0.691,125.949,155661,4
Pixote,Vai Errar de Novo - Ao Vivo,45x7IKCBRhKUc3kSFilH2q,68,0.61,0.856,0,-6.193,0,0.039,0.606,0.0,0.71,0.938,170.00799999999998,176103,4
Xamã,Monalisa,4ZEQFeESPTCNAhzRMmMki6,68,0.434,0.368,0,-10.831,0,0.10800000000000001,0.494,0.0,0.0952,0.48100000000000004,87.494,149032,3
Rubel,Partilhar,1PQRwFvNM7xV65bIkHmDtx,68,0.617,0.5329999999999999,7,-6.386,1,0.0395,0.47,0.0,0.114,0.589,123.959,262552,4
ANAVITÓRIA,pra você guardei o amor,1TNXJFbHrXe3gVch3HxD7p,62,0.579,0.221,2,-13.962,1,0.0325,0.9279999999999999,0.00267,0.109,0.314,77.113,228785,4
Morada,É Tudo Sobre Você - Ao Vivo,1tz9IZ5q3uWYkmQKnQMneO,68,0.38799999999999996,0.764,9,-5.157,0,0.0382,0.0724,0.0,0.6970000000000001,0.188,137.93,511304,4
Billie Eilish,bad guy (with Justin Bieber),3yNZ5r3LKfdmjoS3gkhUCT,84,0.67,0.45299999999999996,0,-11.265,1,0.295,0.252,0.33,0.11699999999999999,0.68,135.055,194840,4
True Damage,GIANTS,5C0ivQMxes2lWuOANhvVAm,83,0.642,0.6829999999999999,1,-5.386,1,0.262,0.0834,0.0,0.155,0.584,154.881,191720,4
Ariana Grande,boyfriend (with Social House),0Ryd8975WihbObpp5cPW1t,88,0.4,0.795,10,-3.7310000000000003,0,0.461,0.11900000000000001,0.0,0.159,0.7020000000000001,190.097,186107,4
Shevchenko e Elloco,Ninguém Fica Parado,0tPsiUXe3lALywkL6UfC8o,68,0.863,0.7340000000000001,6,-6.82,0,0.126,0.177,0.0,0.0482,0.8759999999999999,169.91299999999998,115827,4
Mc Livinho,Pilantragem,0ACg2QMNC20hgfyH5U1bef,68,0.86,0.679,0,-5.2829999999999995,1,0.292,0.8009999999999999,0.0,0.10800000000000001,0.602,79.905,212625,4
DJ Snake,Loco Contigo (feat. J. Balvin & Tyga),6osaMSJh9NguagEDQcZaKx,91,0.6940000000000001,0.758,11,-2.986,1,0.218,0.278,1.34e-06,0.102,0.371,192.09099999999998,185195,4
Luan Santana,sofrendo feito um louco - ao vivo,30AgVEbyzQzDofQgikkD99,68,0.525,0.762,7,-4.823,0,0.0668,0.28300000000000003,0.0,0.235,0.565,125.678,167927,4
Raí Saia Rodada,Sentimentos De Vaqueiro (Eu Acho Que Não),0Xmc8i1MocTXQXGCT0R0fB,68,0.7190000000000001,0.917,0,-2.008,1,0.0404,0.674,0.0,0.172,0.9279999999999999,159.945,161211,4
Dj Henrique de ferraz,Eu Já Catuquei,42t6dJM0L2svh709ksEuhn,68,0.9570000000000001,0.7040000000000001,0,-3.467,0,0.46299999999999997,0.667,0.0025,0.0428,0.39,130.006,158976,4
Os Barões Da Pisadinha,Tá Rocheda,3dPvQLKl42dMYWV4LWRTLK,68,0.775,0.8859999999999999,6,-6.68,0,0.0477,0.589,7.32e-06,0.0991,0.9390000000000001,172.017,203076,4
Billie Eilish,when the party's over,43zdsphuZLzwA9k4DJhU0I,90,0.36700000000000005,0.111,4,-14.084000000000001,1,0.0972,0.978,3.97e-05,0.0897,0.198,82.64200000000001,196077,4
ANAVITÓRIA,all star,6aTrO4wF0wQA6RrVp9nVrT,61,0.596,0.35100000000000003,5,-11.935,0,0.0363,0.858,8.53e-06,0.128,0.36200000000000004,157.872,206373,4
MC Kevinho,Salvou meu dia (Participação especial de Gusttavo Lima),7CBImG41isOs2r7lQU7CCy,69,0.782,0.73,11,-2.688,0,0.0807,0.409,0.0,0.326,0.83,162.077,163666,4
Ali Gatie,It's You,5DqdesEfbRyOlSS3Tf6c29,88,0.732,0.46299999999999997,11,-6.972,0,0.0287,0.374,0.0,0.19399999999999998,0.397,95.971,212607,4
Katy Perry,Harleys In Hawaii,5nCthAh3jt4xKuLJAifAaR,84,0.722,0.757,10,-6.207000000000001,0,0.132,0.185,6.32e-06,0.126,0.721,140.094,185815,4
ANAVITÓRIA,dois rios,4YNpbmyD7RQUhyBbu8V3HD,61,0.672,0.28,11,-14.714,0,0.0286,0.9640000000000001,0.0157,0.0843,0.312,139.958,214054,4
Gloria Groove,Coisa Boa,4SBQSroThFQ98U29IwnJ2g,69,0.6920000000000001,0.973,11,-1.1540000000000001,1,0.20199999999999999,0.516,0.0,0.071,0.568,100.292,165600,5
Ludmilla,Favela chegou - Ao vivo,2caDAj0O4uD8OlJ8bap9nz,68,0.606,0.877,1,-10.087,0,0.0735,0.495,0.0017699999999999999,0.958,0.767,150.045,169954,4
ANAVITÓRIA,por onde andei,22AAo9zdJD18OX6tC1VR95,61,0.602,0.474,0,-11.731,1,0.0647,0.925,0.0111,0.19399999999999998,0.433,168.035,208573,4
Maroon 5,Happy Christmas (War Is Over) - Bonus Track,1nEN1kpLEZ0sJWKRUQT03k,0,0.441,0.157,2,-10.792,1,0.0307,0.9359999999999999,0.0,0.107,0.18600000000000003,143.241,206707,3
MC Rick,Me Jogou no Lixo,1zm82sTS5wVSyOp1Zxo45U,68,0.919,0.637,7,-4.695,1,0.21600000000000003,0.426,0.0,0.0563,0.573,135.048,120973,4
Ed Sheeran,Beautiful People (feat. Khalid),4evmHXcjt3bTUHD1cvny97,92,0.64,0.648,5,-8.113,0,0.187,0.124,0.0,0.0802,0.5479999999999999,92.977,197867,4
Mc Anônimo,Pagou De Superada,3GSGW5pQhHKBmmQLebX3vx,68,0.841,0.551,1,-8.85,0,0.2,0.609,0.0006450000000000001,0.35200000000000004,0.8220000000000001,95.03299999999999,160784,4
MC Reizin,Não Tem Como Resistir,2xb3PnT4FD9Tlt6GLTVu8P,68,0.759,0.669,1,-8.605,0,0.0595,0.175,0.0,0.14300000000000002,0.6609999999999999,95.007,197053,4
ANAVITÓRIA,as coisas tão mais lindas,2qvSChyYgm8ybTncALA4pD,60,0.49,0.29,0,-13.905,1,0.0312,0.8440000000000001,0.00024700000000000004,0.156,0.184,81.72399999999999,218275,4
ANAVITÓRIA,espatódea,0uYwzkmWFcsu9qU6Z1XKfP,60,0.556,0.151,3,-15.811,1,0.0316,0.9690000000000001,0.0498,0.126,0.215,156.076,161750,4
Dennis DJ,Isso Que é Vida,1dKYlw6v9wofuqb7EXSvPn,68,0.86,0.73,9,-3.565,1,0.13,0.47100000000000003,0.0,0.0952,0.93,133.889,159459,4
