Condo,Size,Rooms,Suites
1000,74,1,1
2400,164,4,2
700,70,2,1
1580,155,3,3
900,56,2,1
2207,122,3,1
0,149,4,3
1000,118,3,1
1350,112,3,1
1050,149,4,2
900,73,2,1
1000,94,3,1
0,67,2,1
1650,156,4,3
1100,97,3,1
500,67,3,1
835,75,2,1
0,168,2,2
1500,93,2,1
1500,90,2,1
0,93,2,2
570,67,2,1
0,275,4,4
0,105,2,2
0,68,2,1
1750,126,3,1
1800,128,3,1
335,70,2,1
650,95,3,1
700,83,3,1
0,71,3,1
295,63,2,1
800,109,4,3
543,50,2,1
0,110,3,1
1452,221,3,3
701,126,3,3
1600,172,3,3
750,87,3,1
1100,185,4,1
0,83,3,1
550,69,2,1
0,77,3,1
190,34,2,1
700,85,3,1
0,58,3,0
0,120,3,1
0,60,3,1
820,140,3,1
0,118,3,3
0,70,2,1
720,85,3,1
530,64,2,1
650,83,3,1
452,65,3,1
882,82,2,1
0,70,2,1
553,31,1,1
821,82,3,1
1200,54,2,1
600,158,4,4
1300,110,3,1
750,105,2,1
0,100,1,1
0,113,3,1
550,67,2,1
0,54,2,1
900,130,3,3
0,169,3,2
1365,167,3,3
770,74,2,1
0,67,2,1
800,63,2,1
800,63,2,1
950,125,3,1
770,70,2,1
850,72,2,1
1500,121,3,1
1020,83,3,1
950,94,3,1
1180,100,3,3
0,125,3,3
1650,225,4,3
492,41,1,1
450,34,1,1
1020,83,3,1
1050,105,2,2
1700,92,3,1
800,83,2,2
1500,136,2,2
700,76,2,1
840,96,3,1
1500,111,3,1
2100,210,4,3
786,94,3,1
0,82,2,2
0,85,3,1
1058,127,3,1
1600,138,3,3
500,136,3,3
1488,105,3,1
0,206,4,4
0,95,3,1
0,112,3,1
937,98,3,1
0,278,4,3
972,33,1,1
0,278,4,4
500,51,1,1
500,51,1,1
0,115,3,3
2500,164,4,3
0,48,1,1
1729,60,2,1
729,81,2,2
761,53,1,1
950,173,4,3
1500,221,4,3
0,112,3,1
800,120,3,2
650,102,3,1
701,126,3,3
850,89,3,1
920,98,3,1
756,30,3,0
780,80,3,1
900,51,1,0
950,90,3,0
760,107,3,1
0,83,3,1
1200,120,4,1
600,50,2,1
900,112,3,1
530,86,2,1
750,92,3,1
0,52,2,0
990,118,3,3
600,63,2,1
0,132,3,1
550,60,2,1
700,110,3,1
1300,107,2,1
450,64,2,1
970,112,3,1
400,70,2,1
0,60,2,1
600,79,2,0
820,122,3,2
0,74,2,1
0,63,2,0
0,68,3,1
1480,110,3,1
0,109,3,3
250,35,1,1
1800,190,2,2
750,110,2,0
770,80,3,1
505,70,2,1
500,63,2,1
500,86,3,1
638,76,3,1
360,63,3,1
480,60,2,0
1368,125,3,1
300,77,2,0
550,65,2,1
0,68,2,1
740,55,2,0
0,72,3,0
1600,108,2,2
390,63,2,1
790,63,2,1
1000,75,2,0
1200,125,3,3
1200,83,1,1
900,97,3,1
2090,158,2,2
1850,152,3,2
880,59,2,1
1900,136,3,2
700,79,2,1
1500,105,3,3
1450,119,2,1
900,50,1,1
850,80,2,1
2800,180,4,2
0,100,3,1
3400,315,4,4
1200,139,4,1
1481,76,2,1
1600,138,2,2
900,128,3,3
0,184,3,1
2217,121,3,1
0,65,2,1
2600,210,3,1
1800,169,3,3
1680,116,3,1
870,62,2,1
1000,93,2,1
1490,167,3,3
1442,178,4,3
1400,98,2,1
0,140,3,2
0,180,2,2
0,210,4,3
650,184,3,1
850,65,2,0
2800,180,4,3
2200,240,3,3
1580,178,3,3
0,70,2,0
1625,178,2,2
750,67,3,1
1580,178,3,3
2300,226,4,4
0,158,4,3
760,72,2,1
1700,170,4,3
0,196,4,2
0,150,3,3
0,95,3,2
1200,121,2,1
2630,96,2,2
0,238,4,3
1300,115,3,1
2527,187,3,1
0,148,3,3
1100,134,3,3
1300,75,2,1
2850,198,4,3
0,119,3,1
1500,172,3,3
0,236,4,3
400,49,1,1
400,49,1,1
1048,77,1,1
0,140,3,1
0,162,3,3
0,216,4,2
1050,227,3,3
1600,138,2,2
0,131,2,2
1400,99,2,1
0,103,4,2
500,55,2,1
240,31,1,1
495,85,2,1
525,58,2,1
460,100,3,1
750,100,3,1
0,34,1,1
380,69,2,1
180,34,2,1
480,70,2,1
350,69,2,1
580,58,2,1
470,67,2,1
400,67,2,1
840,93,3,1
460,64,3,1
650,68,2,1
0,62,2,1
720,76,3,1
0,100,3,1
800,100,3,1
900,132,3,1
560,93,3,1
500,70,3,1
0,79,3,1
680,68,2,1
900,102,3,1
520,51,1,1
350,61,2,1
320,34,1,1
325,34,1,1
1300,50,1,1
350,40,1,1
532,40,1,1
2570,191,3,1
380,37,1,1
642,50,1,1
250,36,1,1
320,34,1,1
375,36,1,1
0,38,1,1
1260,93,3,2
550,60,2,1
1355,390,3,1
310,41,1,1
600,37,1,1
0,64,2,1
350,55,1,1
510,38,1,1
310,47,1,1
300,36,1,1
700,116,2,1
700,110,3,1
1500,120,2,1
0,37,1,1
790,72,2,1
570,58,2,1
570,57,2,1
400,57,2,1
650,96,3,1
480,52,2,1
590,58,2,1
600,70,3,1
0,33,1,1
656,132,3,1
335,74,2,1
280,30,1,1
547,57,2,1
610,68,3,1
550,58,2,1
720,97,3,1
1500,176,3,1
400,30,1,1
700,150,4,1
450,57,2,1
300,36,1,1
757,100,2,1
820,96,2,2
0,91,3,1
0,80,2,1
550,97,2,1
0,30,1,1
480,98,3,1
400,88,2,1
600,69,2,1
360,55,2,1
0,44,2,1
308,55,2,1
550,65,3,1
450,57,2,1
0,57,3,1
350,60,2,1
385,55,2,1
0,49,2,1
200,39,1,1
320,51,2,1
300,45,1,1
0,57,2,1
380,55,2,1
470,62,2,1
450,55,2,1
250,45,2,1
0,57,2,1
500,70,2,1
470,67,2,1
350,45,1,1
0,44,2,1
280,57,2,1
0,44,2,1
283,50,2,1
577,54,2,1
1063,90,3,1
528,48,2,1
689,35,1,1
680,48,1,1
0,67,2,1
0,200,3,3
1137,42,1,1
330,32,1,1
1582,235,3,1
820,85,2,1
0,55,2,1
639,60,2,1
1400,130,3,1
450,55,2,1
3200,213,4,1
1075,138,2,1
662,37,1,1
1400,108,2,1
980,118,3,1
450,38,1,1
700,35,1,1
600,41,1,1
350,54,1,1
0,45,2,1
250,38,2,1
685,80,3,1
400,46,2,1
0,53,2,1
400,45,2,1
0,48,2,1
190,37,2,1
180,37,2,1
320,32,1,1
420,50,1,1
700,75,2,1
270,37,2,1
200,34,1,1
320,60,2,1
180,37,2,1
0,34,1,1
250,37,1,1
0,66,2,1
220,37,2,1
230,37,2,1
0,45,2,1
500,56,2,1
380,55,2,1
500,62,3,1
450,61,3,1
550,87,3,1
380,56,2,1
600,75,2,1
0,65,3,1
480,52,2,1
380,53,2,1
0,62,3,1
520,66,2,1
0,78,3,1
620,55,2,1
500,61,2,1
550,83,2,1
430,57,2,1
380,53,2,1
610,85,3,1
500,61,3,1
1500,135,4,2
447,61,2,1
610,85,2,2
950,123,4,1
950,123,3,1
1500,135,3,3
380,53,2,1
450,62,3,1
550,83,2,1
1000,103,4,1
600,75,2,1
1000,103,3,1
851,93,3,1
1760,310,3,1
598,44,1,1
340,31,1,1
330,35,1,1
1980,266,4,1
0,39,1,1
1700,348,3,1
300,40,1,1
880,113,4,1
900,120,2,1
800,56,1,1
359,47,1,1
287,40,1,1
3320,400,2,1
400,65,2,1
287,40,1,1
0,39,1,1
290,38,1,1
460,70,2,1
221,45,1,1
400,39,1,1
300,56,1,1
500,59,2,1
2950,200,3,3
1300,140,3,1
1340,103,3,1
740,80,2,1
500,56,1,1
360,51,1,1
650,68,2,1
1700,128,3,2
1420,70,2,1
1045,62,2,1
450,60,2,1
650,85,2,1
840,97,2,1
2500,220,3,1
450,59,2,1
650,59,2,1
835,81,2,1
600,65,2,1
528,37,1,1
1996,127,3,1
650,42,1,1
0,320,3,3
450,72,1,1
1270,150,3,1
0,62,2,1
4000,210,4,2
800,84,2,1
750,105,2,1
2450,256,3,2
2200,156,3,3
1100,100,3,1
1200,94,2,2
1100,101,2,2
1500,135,3,1
0,66,2,1
1085,125,3,1
180,39,2,1
380,56,2,1
0,48,2,1
250,42,2,1
395,54,2,1
1850,120,3,1
0,47,2,1
380,50,2,1
350,64,3,1
900,94,3,1
600,96,3,1
717,69,3,1
400,51,2,1
270,41,2,1
1150,109,3,1
520,69,2,1
250,50,2,1
880,76,3,1
0,100,3,0
920,97,3,1
750,65,2,1
400,47,2,1
1200,126,3,1
550,74,2,1
350,55,2,1
0,59,2,0
534,50,1,1
930,96,3,1
440,53,2,1
320,55,2,1
720,100,2,2
0,78,3,1
0,157,4,0
1020,95,3,1
547,88,3,1
590,64,2,1
450,55,2,1
0,88,3,1
459,66,2,1
530,65,2,1
850,90,3,1
430,47,1,1
670,90,3,1
550,78,2,2
0,202,4,0
929,60,2,1
880,134,3,3
720,100,3,2
554,84,3,1
560,48,2,1
730,78,3,1
500,60,2,1
400,58,2,1
550,90,3,1
0,45,2,1
420,70,2,1
420,78,2,1
390,51,2,1
560,81,2,1
390,67,3,1
552,78,3,1
0,248,3,1
450,67,2,1
350,67,3,1
100,35,1,1
100,45,2,1
550,62,2,1
0,67,3,1
428,60,3,1
480,90,3,1
0,67,3,1
0,49,2,1
0,74,3,1
410,91,3,1
0,45,2,1
350,45,2,1
480,78,2,1
390,62,2,1
490,64,2,1
380,48,2,1
520,83,3,1
387,65,2,1
0,50,2,1
890,70,3,1
0,50,2,1
800,104,3,1
0,80,3,1
0,65,2,1
0,51,2,1
0,77,3,1
0,93,3,1
0,55,2,1
0,73,3,1
0,51,2,1
0,50,2,1
0,51,2,1
0,54,2,1
625,70,3,1
0,50,2,1
400,50,2,1
550,76,3,1
1500,143,3,1
510,50,2,1
0,90,3,1
899,88,3,1
420,50,2,1
1200,123,3,3
454,48,2,1
0,98,3,1
0,86,3,1
680,63,2,1
460,73,2,1
940,118,3,1
1100,140,3,3
530,68,3,1
600,42,1,1
460,50,2,1
600,52,2,1
1025,145,3,3
680,108,3,1
750,92,3,1
698,62,2,1
1500,143,3,3
480,58,2,1
0,64,2,1
1440,170,3,3
850,110,3,1
1900,250,4,3
0,108,4,2
630,54,2,1
970,95,3,1
1000,84,3,1
1750,189,3,3
1600,189,3,3
700,63,2,1
0,51,2,1
0,151,1,1
390,51,2,1
397,51,2,1
0,51,2,1
630,85,3,1
0,51,2,1
0,172,3,1
480,70,2,1
0,59,2,1
520,80,3,1
490,51,2,1
520,74,2,1
0,59,2,1
0,59,2,1
100,50,2,1
0,78,2,1
0,110,3,1
1630,146,4,2
0,63,2,1
450,50,2,1
0,99,3,1
0,153,2,2
735,83,3,1
0,151,3,1
1500,170,3,1
840,80,2,1
215,50,2,1
0,167,3,1
700,70,3,1
530,61,2,1
0,91,3,1
750,66,3,1
750,92,3,1
500,50,2,1
2069,148,3,3
750,89,1,1
450,67,3,1
420,67,2,1
690,70,2,1
0,67,2,1
835,89,3,1
0,133,3,2
0,70,3,1
600,70,2,1
1100,104,2,1
0,60,3,0
619,82,3,1
0,94,3,1
430,50,1,1
619,82,2,1
730,108,2,1
0,43,1,1
709,75,2,1
550,50,2,1
703,95,3,1
300,43,2,1
1138,100,2,1
1500,122,3,3
0,62,2,1
740,62,2,1
450,67,3,1
0,53,2,1
720,70,3,1
0,64,2,1
110,60,2,1
1100,126,3,3
350,63,2,1
1300,140,3,2
950,73,3,1
480,49,2,1
600,65,3,1
388,50,2,1
0,62,3,1
0,97,3,1
0,67,3,1
0,66,3,1
500,64,2,1
0,78,2,1
0,78,3,1
0,65,3,1
0,43,1,1
500,68,3,1
650,79,3,1
395,58,2,1
0,50,2,1
0,50,2,1
1500,135,4,2
380,48,2,1
650,125,3,1
350,50,2,1
400,60,3,1
370,64,3,1
450,63,3,1
0,59,3,1
530,63,2,1
380,50,2,1
510,78,3,1
0,59,3,1
0,63,3,0
0,45,2,1
0,63,3,1
0,63,3,1
280,50,2,1
0,39,1,1
350,59,3,1
0,62,3,0
350,40,1,1
0,63,3,1
550,80,3,1
0,39,2,1
0,50,2,1
350,63,3,1
0,59,3,1
0,59,3,1
450,60,3,1
543,78,2,1
0,63,2,1
0,40,2,0
800,79,3,1
421,59,3,1
300,50,2,1
0,80,3,1
300,63,3,1
0,63,3,1
350,67,2,1
0,80,3,1
394,66,2,1
450,88,3,1
380,118,3,1
0,59,2,1
0,80,3,1
400,66,2,1
200,64,2,1
260,49,2,1
150,50,2,1
0,48,2,1
370,66,2,1
250,48,2,1
350,60,2,1
250,68,2,1
400,74,2,1
237,48,2,1
420,80,3,1
250,54,2,1
0,68,2,1
0,60,2,1
385,66,2,1
365,60,2,1
0,66,2,1
470,60,2,1
0,103,3,2
0,47,2,1
600,98,3,1
500,75,3,1
550,60,2,1
500,57,2,1
0,64,2,1
0,94,3,2
700,87,3,1
0,63,3,1
0,63,3,1
1300,197,4,3
0,63,3,1
0,82,3,1
1200,118,3,1
0,63,2,1
0,97,3,1
0,63,2,1
0,98,3,1
1000,160,3,1
0,48,2,1
0,63,3,1
570,70,2,1
670,93,2,1
400,72,2,1
800,87,3,1
420,62,2,1
0,108,3,2
950,45,1,1
0,113,3,1
392,65,2,1
0,70,2,1
0,45,2,1
0,74,2,1
378,70,2,1
0,90,3,1
436,61,3,1
240,47,2,1
650,67,3,1
0,65,2,1
585,57,2,1
679,54,2,1
350,47,2,1
420,66,2,1
590,54,2,1
392,65,2,1
650,67,3,1
596,55,2,1
650,67,3,1
1485,145,3,1
560,86,3,1
465,68,2,1
0,64,3,1
280,64,3,1
0,50,2,0
468,54,2,1
633,77,3,1
650,67,3,1
310,49,2,1
290,44,2,1
680,58,2,1
150,52,2,1
0,40,2,0
0,40,2,1
100,35,2,1
0,37,1,1
0,48,2,1
0,47,2,1
100,45,2,1
0,43,2,1
60,40,2,1
50,45,2,1
170,56,2,1
90,40,2,1
130,60,2,1
135,42,2,1
60,45,2,1
200,52,2,1
160,39,1,1
165,43,2,1
50,32,1,1
180,56,2,1
60,40,2,1
150,49,2,1
100,40,2,1
0,40,2,1
150,48,2,1
200,48,2,1
150,56,2,1
153,48,2,1
400,87,3,1
330,55,2,1
700,95,3,3
330,55,2,1
600,95,3,1
330,65,3,1
2076,232,3,3
0,44,2,1
360,65,3,1
420,78,2,1
250,55,2,1
300,65,3,1
0,44,2,1
0,38,1,1
360,65,3,1
690,119,3,3
0,91,3,1
550,63,3,1
300,56,2,1
400,71,2,1
270,32,1,1
286,44,2,1
270,55,2,1
400,53,2,1
280,44,2,1
370,54,2,1
415,50,2,1
450,50,1,1
0,54,2,1
0,55,2,1
0,95,3,1
670,119,3,3
0,136,3,1
0,54,2,1
0,198,4,1
0,91,3,1
0,220,3,1
0,95,3,1
0,247,3,3
0,221,4,4
280,44,2,1
0,78,1,0
0,72,2,1
600,85,2,1
550,65,2,1
560,119,3,3
0,95,3,1
0,65,3,1
0,80,2,1
600,77,2,1
480,59,3,1
300,59,2,1
373,54,2,1
3,52,2,1
500,40,1,1
500,78,3,1
0,47,2,1
580,70,3,1
418,52,2,1
250,41,2,1
430,56,2,1
0,70,3,1
550,72,3,1
345,52,2,1
0,33,1,1
100,30,1,1
0,56,2,1
300,48,2,1
503,66,3,1
0,62,2,1
418,50,2,1
350,52,2,1
227,47,2,1
350,54,2,1
300,90,2,1
120,47,2,1
0,47,2,1
0,48,2,1
227,47,2,1
480,52,2,1
520,66,2,1
0,49,2,1
227,47,2,1
580,96,3,1
400,68,2,1
780,90,3,1
310,50,2,1
0,98,3,1
620,70,3,1
750,115,3,3
800,103,3,3
0,223,3,3
1749,152,3,3
400,68,2,1
650,60,2,1
1000,119,3,1
1000,103,3,1
1000,150,4,1
520,64,2,1
250,45,2,1
605,80,3,1
750,115,3,3
1000,103,4,1
580,96,3,1
400,68,2,1
700,46,2,1
750,101,3,3
1000,103,3,1
580,96,3,1
0,60,2,1
1000,119,4,1
450,68,3,1
180,41,2,1
0,42,2,1
400,51,2,1
400,47,2,1
500,54,2,1
0,49,2,1
290,45,2,1
190,43,2,1
200,47,2,1
350,51,2,1
0,40,2,1
480,52,2,1
0,50,2,1
280,50,2,1
300,48,2,1
100,46,2,1
225,45,2,1
415,48,2,1
400,48,2,1
470,55,2,1
300,57,2,1
0,44,2,1
270,67,3,1
470,58,2,1
0,47,2,1
395,47,2,1
340,49,2,1
0,56,2,1
0,48,2,1
255,50,2,1
0,48,2,1
0,50,2,1
110,48,2,1
140,52,2,1
0,40,2,1
100,40,2,1
0,49,2,1
130,57,2,1
90,51,2,1
0,45,2,1
0,42,2,1
70,48,2,1
100,50,2,1
0,42,2,1
0,42,1,1
150,40,1,1
85,47,2,1
110,47,2,1
0,60,2,1
0,42,2,1
140,50,2,1
86,46,2,1
240,48,2,1
70,47,2,1
40,45,2,1
160,41,2,1
0,41,2,0
300,57,2,1
350,48,2,1
352,44,2,1
220,50,2,1
0,72,3,1
0,41,2,0
270,65,2,1
470,66,3,1
0,50,2,1
500,76,3,1
520,55,2,1
0,40,2,1
380,48,2,1
0,63,2,1
508,63,3,1
560,76,3,1
350,48,2,1
519,55,2,1
500,63,2,1
0,65,2,1
350,64,2,1
200,47,2,1
300,55,2,1
0,64,2,1
350,50,2,1
624,130,3,1
0,146,4,2
0,43,1,1
100,56,2,1
100,56,3,1
0,52,2,1
120,52,3,1
250,53,2,1
150,56,3,1
560,50,2,1
100,49,2,1
70,58,2,1
110,58,3,1
0,49,2,1
160,48,2,1
200,60,2,1
150,42,2,1
1093,70,2,1
70,58,2,1
100,56,2,1
250,48,2,1
120,56,2,1
280,45,2,1
0,43,2,1
0,38,2,1
110,56,2,1
0,38,2,1
100,56,2,1
0,275,4,4
1200,131,3,1
1153,137,3,1
0,343,4,4
950,130,3,1
1230,120,3,1
800,92,2,1
0,279,4,4
0,343,4,4
0,275,4,4
0,200,2,2
0,275,4,4
0,108,3,1
890,45,1,1
450,90,2,1
0,201,4,4
0,201,3,3
1050,78,2,1
930,110,3,1
250,50,2,1
250,50,2,1
270,47,2,1
0,41,2,1
250,50,2,1
250,50,2,1
250,50,2,1
260,48,3,1
260,52,3,1
200,44,2,1
280,59,2,1
270,47,2,1
52,49,2,1
65,52,2,1
200,48,2,1
110,90,3,1
0,43,2,1
189,46,2,1
0,41,2,1
0,46,2,1
0,48,2,1
71,45,2,1
280,46,2,1
320,56,3,1
0,68,3,1
0,47,2,1
0,57,3,1
300,52,2,1
260,41,2,1
429,48,2,1
0,50,2,1
180,41,2,1
180,41,2,1
180,42,2,1
0,41,2,1
0,40,2,1
570,70,3,1
250,51,2,1
0,41,2,1
0,41,2,1
0,40,2,1
0,41,2,1
0,38,2,1
300,55,2,1
298,55,2,1
200,39,2,1
0,41,2,1
440,50,2,1
349,65,3,1
0,41,2,1
395,64,3,1
230,55,3,1
300,55,2,1
100,56,2,1
0,40,2,1
0,45,2,0
270,40,2,1
300,43,2,1
250,40,2,1
365,44,2,1
0,45,2,1
0,38,2,0
0,40,2,1
200,40,2,1
0,32,1,1
0,40,2,1
235,53,2,1
0,55,2,1
170,52,2,1
0,37,2,1
0,36,2,1
0,40,2,1
0,38,2,0
0,37,2,1
190,45,2,1
200,44,2,1
0,40,2,1
50,36,2,1
130,90,2,1
0,36,2,1
360,48,2,1
330,46,2,1
300,49,2,1
150,37,2,1
340,65,3,1
270,55,2,1
150,37,2,1
300,57,2,1
115,51,3,1
150,37,2,1
0,39,2,1
0,57,3,1
295,50,2,1
303,45,2,1
150,55,3,1
240,47,2,1
192,45,2,1
370,45,2,1
110,56,2,1
370,45,2,1
0,152,3,1
839,70,2,1
0,38,2,1
390,55,2,1
100,48,2,1
100,47,2,1
100,47,2,1
225,48,2,1
0,37,2,0
225,50,2,1
170,43,2,1
230,70,3,1
195,42,1,1
400,52,2,1
0,43,2,1
0,37,2,0
270,54,2,1
240,42,1,1
0,52,3,1
150,47,2,1
270,54,2,1
225,50,2,1
170,43,3,1
225,40,2,1
220,43,2,1
225,47,2,1
268,43,2,1
225,45,2,1
60,50,2,1
400,52,2,1
0,50,2,1
225,48,2,1
400,52,2,1
280,50,2,1
0,54,2,1
250,56,2,1
270,54,2,1
0,50,2,1
0,52,2,1
150,37,2,1
0,47,2,1
260,46,2,1
160,41,2,1
160,41,2,1
362,45,2,1
350,47,2,1
511,60,3,1
300,50,2,1
220,45,2,1
0,46,2,1
370,46,2,1
100,42,2,1
0,42,2,1
450,59,3,1
300,49,2,1
300,50,2,1
0,48,2,1
0,58,3,1
0,58,3,1
0,58,3,1
0,43,2,1
80,40,2,1
380,52,2,1
400,50,2,1
310,60,3,1
0,46,2,1
300,48,2,1
0,47,2,1
0,66,2,1
420,58,2,1
520,60,2,1
480,60,2,1
350,51,2,1
1200,126,3,1
350,55,2,1
550,78,3,1
650,70,3,1
0,60,2,1
350,48,2,1
490,65,2,1
0,72,3,1
440,70,2,1
495,52,2,1
730,63,2,1
0,60,2,1
450,64,2,1
0,60,2,1
200,34,2,1
450,70,3,1
3300,280,5,3
0,34,2,1
500,82,3,1
350,48,2,1
480,51,2,1
450,57,2,1
580,74,3,1
350,48,2,1
580,74,3,1
380,48,2,1
0,60,2,1
0,40,2,1
400,51,2,1
400,48,2,1
355,50,2,1
320,48,2,1
650,48,1,1
367,53,2,1
415,55,2,1
340,48,2,1
0,65,2,1
185,60,2,1
300,55,2,1
0,40,2,1
0,52,2,1
300,68,2,1
375,46,2,1
390,54,2,1
350,50,2,1
400,53,2,1
0,40,2,1
430,48,2,1
253,63,2,1
250,50,2,1
265,50,2,1
530,56,2,1
100,45,2,1
0,56,2,1
300,55,2,1
500,57,2,1
0,58,2,1
0,58,2,1
0,56,2,1
0,58,2,1
500,53,2,1
0,56,2,1
200,45,2,1
0,58,2,1
480,56,2,1
0,50,2,1
300,63,3,1
180,47,2,1
300,60,2,1
487,146,3,1
0,50,2,1
0,49,2,1
1,60,3,1
280,56,2,1
0,58,2,1
350,65,3,1
0,44,2,1
350,56,2,1
220,46,2,1
500,64,2,1
370,65,2,1
350,75,2,1
350,76,3,1
400,60,3,1
0,59,3,1
0,81,3,0
390,75,2,1
345,76,3,1
350,68,3,1
400,78,3,1
0,90,3,1
400,64,2,1
350,76,3,1
0,60,3,1
580,75,3,1
282,64,2,1
0,75,3,1
350,64,2,1
380,75,3,1
400,75,3,1
350,76,3,1
350,46,2,1
400,75,3,1
0,60,3,1
0,51,2,1
350,43,2,1
380,75,3,1
350,76,3,1
300,65,2,1
200,47,2,1
350,65,3,1
385,47,2,1
250,57,2,1
0,52,2,1
280,44,2,1
0,41,2,0
283,57,2,1
280,53,2,1
280,53,2,1
250,44,2,1
0,41,2,0
260,47,2,1
260,53,2,1
285,45,2,1
300,50,2,1
230,40,2,1
0,61,3,0
230,51,2,1
0,49,2,1
0,50,2,1
290,44,2,1
250,44,2,1
350,50,2,1
380,61,2,1
0,44,2,1
280,47,2,1
0,44,2,1
0,53,2,1
0,40,2,1
600,52,2,1
296,45,2,1
0,152,3,1
438,60,2,1
80,40,2,1
0,304,5,2
1400,128,3,1
0,50,2,1
0,44,2,1
359,48,2,1
480,97,3,1
0,51,2,1
330,55,2,1
300,52,2,1
100,45,2,1
300,52,2,1
400,52,2,1
100,38,2,1
0,49,2,1
130,44,2,1
245,52,1,1
0,54,2,1
290,56,3,1
377,55,2,1
1400,220,3,1
0,49,2,1
1289,128,3,1
290,63,2,1
0,62,2,1
0,57,2,1
260,50,2,1
400,58,3,1
300,54,2,1
0,62,2,1
180,56,2,1
0,94,3,1
269,56,2,1
0,54,2,1
260,56,2,1
0,48,2,1
190,54,2,1
0,50,2,1
240,60,2,1
230,63,2,1
193,49,2,1
215,60,2,1
220,50,2,1
174,50,2,1
215,50,2,1
200,50,2,1
215,50,2,1
215,50,2,1
0,60,2,1
215,52,2,1
0,50,2,1
220,54,2,1
202,52,2,1
269,56,2,1
650,82,3,1
547,65,3,1
485,60,2,1
0,50,2,1
864,127,3,3
850,124,3,1
2000,264,3,3
700,78,3,1
700,132,4,3
850,152,3,3
560,81,2,1
823,97,3,1
550,91,4,1
800,92,3,1
630,73,3,1
420,47,2,1
1532,120,3,1
1100,165,3,3
780,93,3,1
1281,130,3,1
700,81,3,1
937,171,3,3
0,124,3,1
970,132,4,2
850,124,3,1
0,45,2,1
800,106,3,1
0,90,2,1
250,48,2,1
0,60,2,1
0,46,2,1
630,80,3,1
450,58,2,1
480,51,2,1
390,51,2,1
250,48,2,1
430,54,2,1
260,44,2,1
0,47,2,1
250,44,2,1
200,47,2,1
280,52,2,1
150,47,2,1
437,57,2,1
315,52,2,1
437,57,2,1
150,47,2,1
250,46,2,1
200,47,2,1
437,57,2,1
280,48,2,1
350,50,2,1
430,52,2,1
250,55,2,1
0,47,2,1
350,50,2,1
0,54,3,1
715,58,2,1
655,109,3,1
350,56,2,1
800,104,3,1
700,109,3,1
1130,92,3,1
400,74,3,1
763,124,3,1
805,75,3,1
0,40,2,0
400,48,2,1
420,49,2,1
0,97,3,1
420,49,2,1
890,104,3,1
850,104,2,1
1000,109,3,1
0,81,3,1
270,56,2,1
404,55,2,1
850,105,2,2
300,65,2,1
580,60,2,1
0,55,2,1
890,84,3,1
0,117,2,2
750,124,4,1
631,81,3,1
320,50,2,1
0,152,3,2
100,47,2,1
0,53,2,1
0,44,2,1
100,47,2,1
150,47,2,1
850,152,3,1
1450,300,3,1
0,55,2,1
400,54,2,1
0,47,2,1
0,41,2,0
980,152,3,1
390,50,2,1
0,53,2,1
0,70,2,2
340,49,2,1
0,41,2,0
320,54,2,1
1500,300,4,2
0,50,2,1
0,125,3,1
0,45,2,1
0,42,2,1
350,53,2,1
70,54,2,1
240,42,2,1
713,79,3,1
1450,112,3,1
100,39,2,1
750,73,3,1
950,79,3,1
0,40,2,1
390,60,2,1
400,51,2,1
450,54,2,1
100,39,2,1
10,61,2,1
720,70,2,1
200,37,3,1
0,45,2,1
0,50,2,1
437,61,3,1
600,69,3,1
110,52,2,1
0,51,2,1
1100,100,3,2
290,49,2,1
390,63,3,1
0,38,1,1
280,51,2,1
500,79,3,1
0,51,2,0
0,70,3,1
435,64,2,1
280,48,2,1
190,49,2,1
400,64,3,1
210,42,2,1
0,56,2,1
300,49,2,1
320,34,1,1
0,53,2,1
0,41,2,1
0,152,4,1
150,42,2,1
350,55,2,1
350,52,2,1
530,34,1,1
436,48,2,1
840,93,3,1
0,51,2,0
380,66,3,1
270,52,2,1
310,47,2,1
250,40,2,1
400,55,2,1
443,65,3,1
0,65,2,1
475,74,3,2
0,56,2,1
0,56,2,1
220,41,2,1
0,41,2,0
0,49,2,1
360,74,2,1
220,37,2,1
690,63,2,1
0,49,2,1
0,41,2,0
430,53,2,1
1150,89,2,1
638,79,3,1
200,45,2,1
0,45,2,1
250,45,2,1
515,63,2,1
0,46,2,1
0,41,2,1
250,45,2,1
150,40,2,1
680,144,3,2
180,45,2,1
120,40,2,1
370,51,1,1
534,40,1,1
0,42,2,1
600,63,3,1
400,54,2,1
500,103,2,2
610,59,2,1
270,45,2,1
0,71,3,0
290,64,2,1
340,43,1,1
150,41,2,1
200,45,2,1
0,49,2,1
630,38,1,1
250,45,2,1
534,40,1,1
250,41,2,1
1070,91,3,1
725,86,2,1
425,61,2,1
0,41,2,1
680,63,2,1
670,52,2,1
0,48,2,1
530,71,2,1
0,49,2,1
0,70,3,1
240,34,2,1
700,68,2,1
1000,89,2,1
400,59,2,1
815,73,2,1
1070,91,3,1
1100,135,3,1
0,70,2,1
710,70,2,1
1980,148,3,3
540,60,2,1
950,109,3,3
0,70,2,1
0,147,4,0
1450,117,3,1
700,53,2,1
590,35,1,1
1260,130,3,1
1260,128,3,1
375,37,1,1
495,60,1,1
2567,274,3,3
1800,89,2,2
3800,227,4,3
0,61,3,0
2500,310,4,4
1580,123,3,1
0,220,4,3
710,70,2,1
2450,223,3,3
1900,220,3,3
1400,154,3,3
900,71,2,1
950,120,3,1
0,100,3,2
1000,118,3,3
0,30,1,1
550,60,2,1
1200,163,3,3
600,58,2,1
451,61,2,1
430,60,3,1
700,95,2,1
356,50,2,1
390,45,2,1
0,76,2,1
350,50,2,1
359,64,3,1
450,52,2,1
630,60,2,1
480,60,2,1
400,55,2,1
299,50,2,1
451,61,2,1
420,75,3,1
0,78,2,1
300,49,2,1
560,52,2,1
590,87,3,1
380,50,2,1
600,79,2,1
350,50,2,1
550,67,3,1
750,77,2,1
0,72,3,1
280,49,2,1
380,50,2,1
280,48,2,1
400,51,2,1
400,50,2,1
700,104,2,2
600,67,3,1
0,92,3,1
520,55,2,1
170,40,2,1
312,62,2,1
320,47,2,1
400,51,2,1
190,53,2,1
270,42,2,1
180,40,2,1
325,54,2,1
526,51,2,1
450,58,3,1
0,40,2,1
280,52,2,1
0,48,2,1
620,98,3,2
350,65,3,1
501,68,3,1
400,51,2,1
390,52,2,1
395,55,2,1
0,40,2,0
218,52,2,1
280,49,2,1
395,56,2,1
330,35,1,1
0,40,2,0
330,57,2,1
0,50,2,1
0,42,2,1
250,49,2,1
328,50,2,1
0,43,2,0
500,68,3,1
260,49,2,1
190,49,2,1
399,62,2,1
300,54,2,1
0,180,3,1
0,43,2,0
840,136,3,1
190,49,2,1
253,45,2,1
0,43,2,0
220,39,2,1
720,60,3,1
293,48,2,1
253,45,2,1
528,60,2,1
529,60,2,1
750,68,3,1
629,64,2,1
580,66,3,1
400,48,2,1
835,65,2,1
590,65,3,1
150,46,2,1
411,70,2,1
530,69,3,1
390,65,3,1
498,64,3,1
350,55,2,1
0,60,2,1
382,62,2,1
380,65,3,1
450,65,3,1
492,67,3,1
450,65,2,1
430,62,2,1
498,64,3,1
500,55,2,1
500,70,2,1
0,146,4,1
380,65,3,1
700,66,3,1
300,61,2,1
1200,180,4,3
270,72,3,1
0,180,4,3
250,64,3,1
250,56,3,1
1211,182,3,3
1200,180,4,3
1200,180,4,3
1211,180,3,1
1200,180,4,3
1211,180,3,1
1350,180,4,3
1210,180,3,3
1211,181,3,3
405,55,2,1
390,56,2,1
280,49,2,1
1300,180,4,3
1150,180,3,3
1200,160,4,3
1200,185,4,3
1200,181,4,3
400,50,2,1
280,63,2,1
1200,185,4,3
0,80,2,1
450,55,2,1
285,52,2,1
350,55,2,1
671,53,2,1
200,41,2,1
0,53,2,1
180,41,2,1
450,72,3,1
600,62,2,1
680,82,3,1
403,49,2,1
0,85,3,1
0,53,2,1
800,56,2,1
0,101,3,3
404,49,2,1
0,58,2,1
700,81,3,1
0,93,3,1
0,68,2,1
445,62,3,1
0,89,3,1
0,80,3,1
660,72,3,1
0,67,2,1
0,41,2,1
0,86,2,1
0,69,2,1
0,100,3,1
0,70,2,1
166,50,2,1
350,62,2,1
90,58,2,1
90,35,2,1
90,60,2,1
100,53,3,1
0,56,2,1
100,56,3,1
300,58,2,1
310,50,2,1
90,50,2,1
166,50,2,1
300,50,2,1
375,57,2,1
165,47,2,1
320,55,3,1
340,58,2,1
400,70,3,1
250,48,2,1
0,39,2,1
80,57,2,1
0,73,3,1
0,45,2,1
165,47,1,1
350,58,2,1
350,62,2,1
0,54,2,1
360,56,2,1
650,72,3,1
0,108,3,1
1850,170,4,2
0,70,2,1
1283,130,3,2
1100,127,3,1
790,100,3,1
553,67,2,1
800,126,4,2
750,85,3,1
1200,160,4,1
600,70,3,1
1070,128,3,3
663,72,2,1
850,80,3,1
1,106,3,1
850,74,3,1
650,54,2,1
900,133,3,2
1500,110,3,1
530,80,3,1
0,70,1,1
600,70,2,1
600,115,3,1
676,70,2,1
0,74,2,2
1700,150,3,2
550,72,3,1
1685,75,1,1
2743,125,3,1
605,81,2,2
2100,151,2,2
1350,96,2,1
1280,91,1,1
0,269,4,4
2300,187,3,1
1387,107,3,1
3500,190,4,2
1897,145,3,1
855,95,2,2
1340,120,4,1
3000,144,2,2
1050,110,3,1
1502,85,1,1
3149,185,3,3
1108,140,3,1
1000,100,2,2
1340,96,2,1
813,45,1,1
1318,105,1,1
1095,98,2,1
2200,48,1,1
0,140,3,1
700,70,1,1
0,200,2,2
911,140,3,1
600,62,2,1
0,41,2,0
700,63,2,1
600,88,3,1
600,91,3,1
1100,128,3,1
797,68,2,1
560,54,2,1
0,41,2,0
0,55,2,1
450,55,2,1
640,88,3,1
1150,116,2,1
688,67,2,1
530,68,2,1
530,88,3,1
700,71,2,1
508,67,2,1
0,68,2,0
560,65,3,1
600,54,2,1
650,63,2,1
0,50,2,1
700,68,1,1
0,64,3,0
390,48,2,1
600,70,2,1
0,49,2,1
650,56,2,1
640,58,2,1
850,71,2,1
340,44,2,1
293,60,3,1
0,64,3,1
389,60,3,1
393,48,2,1
380,60,3,1
393,48,2,1
380,60,3,1
370,43,2,1
350,43,2,1
0,47,2,1
0,44,2,1
360,59,3,1
293,60,2,1
390,65,3,1
270,50,2,1
400,45,2,1
293,60,2,1
350,47,2,1
293,60,2,1
440,60,3,1
350,45,2,1
350,46,2,1
430,64,3,1
400,48,2,1
399,64,3,1
260,43,2,1
377,45,2,1
350,48,2,1
0,49,2,1
1300,100,3,1
1380,124,3,1
2500,168,4,1
850,81,2,1
2800,239,3,1
350,42,1,1
2500,168,4,2
1250,108,3,1
0,55,2,2
1100,101,2,2
1700,120,3,1
1300,130,3,1
320,31,1,1
4000,240,4,3
7200,420,4,4
2800,210,3,1
1100,140,3,1
570,34,1,1
0,65,2,2
1430,138,3,1
916,60,2,1
2500,226,3,1
1650,168,3,1
1400,115,3,1
2400,187,3,2
850,45,1,1
1000,133,3,1
360,52,2,1
365,54,2,1
0,53,2,1
370,54,2,1
300,52,2,1
300,57,2,1
585,55,2,1
400,50,2,1
350,58,2,1
0,52,2,1
499,73,3,1
350,52,2,1
0,162,3,1
277,52,2,1
499,73,3,1
300,58,2,1
499,73,3,1
265,54,2,1
350,52,2,1
525,56,2,1
410,70,3,1
388,53,2,1
380,54,2,1
400,54,2,1
350,65,3,1
320,54,2,1
200,48,2,1
310,54,2,1
330,54,2,1
380,54,2,1
380,54,2,1
380,54,2,1
270,55,2,1
260,55,2,1
0,125,3,1
1000,160,2,1
825,72,1,1
1600,150,4,1
815,75,2,1
4100,217,4,2
675,70,2,1
1200,115,3,1
0,71,2,0
1800,170,5,2
1456,182,4,2
1100,99,2,1
1720,172,3,3
1520,140,4,3
510,40,1,1
0,148,3,3
0,71,2,1
850,70,2,1
1700,120,3,1
0,182,4,2
2115,120,2,2
1450,127,3,2
940,57,2,1
0,62,2,1
3600,170,3,2
740,60,2,1
848,57,2,1
1200,135,3,1
1300,126,3,1
650,72,3,1
3000,237,4,2
0,92,3,1
776,125,4,1
1223,238,4,4
1600,130,3,1
880,110,3,1
2580,160,3,3
581,69,2,1
550,85,2,2
633,48,1,1
580,92,3,1
764,126,4,1
2650,220,4,3
620,66,3,1
480,70,2,1
0,80,3,0
477,66,2,1
1380,140,2,1
450,50,2,1
752,66,2,1
700,75,3,1
785,130,2,1
0,67,3,0
320,54,2,1
450,70,2,1
1500,130,3,1
336,49,2,1
400,50,2,1
0,51,2,1
0,54,2,1
300,57,2,1
290,50,2,1
303,69,2,1
290,56,2,1
400,44,1,1
0,48,2,1
300,47,2,1
500,51,2,1
280,58,2,1
302,46,2,1
310,59,2,1
410,65,2,1
435,48,2,1
300,70,2,1
242,61,2,1
300,70,2,1
485,74,2,1
260,50,2,1
350,70,2,1
390,65,2,1
750,73,2,1
530,58,2,1
320,60,2,1
570,49,2,1
220,50,2,1
315,52,2,1
428,35,1,1
0,61,2,1
420,61,2,1
362,64,2,1
320,61,2,1
320,64,2,1
369,61,2,1
300,61,2,1
434,60,2,1
0,67,2,1
380,62,2,1
300,38,1,1
0,40,2,1
0,44,2,1
150,32,2,1
290,49,2,1
923,100,3,1
0,64,2,1
0,74,3,1
502,48,2,1
0,61,2,1
0,64,2,1
590,74,3,1
517,54,2,1
0,84,3,1
450,65,2,1
300,61,2,1
0,60,2,1
380,71,2,1
810,69,2,1
600,83,3,1
0,53,2,1
727,72,3,1
620,82,3,1
0,71,3,1
0,92,3,1
0,67,2,1
500,53,2,1
0,43,2,1
776,92,3,1
600,83,3,1
560,92,3,1
1300,189,4,2
950,113,3,1
1000,124,3,1
0,71,3,1
767,100,2,1
490,71,3,1
1200,160,3,3
1700,250,4,4
0,237,4,3
1077,117,3,1
800,74,1,1
740,65,2,1
497,71,3,1
0,181,3,3
0,83,3,1
0,43,2,1
0,181,4,3
0,113,2,1
990,130,3,3
556,92,3,1
750,83,3,1
2600,208,4,4
430,65,2,1
1100,87,3,1
1375,130,3,3
1,45,2,1
301,43,2,1
0,35,1,1
0,54,2,1
0,53,2,1
0,250,4,4
0,83,3,1
1800,189,4,4
1495,177,3,1
615,92,3,1
0,83,3,1
480,105,2,1
985,100,3,1
0,68,2,1
750,100,3,1
460,61,2,1
1635,70,2,1
0,51,2,1
666,61,2,1
0,76,3,1
0,64,2,1
770,70,2,1
600,65,2,1
973,72,2,1
0,70,2,1
950,65,2,1
830,89,3,1
420,65,2,1
700,83,3,1
750,72,2,1
450,63,2,1
390,63,2,1
600,63,2,1
650,64,2,1
850,103,4,2
0,41,2,1
750,72,2,1
480,58,2,1
475,60,2,1
800,80,3,1
850,84,3,1
600,55,2,1
914,50,2,1
499,63,2,3
550,70,2,1
680,73,3,1
430,48,2,1
380,51,2,1
560,55,2,1
420,50,2,1
560,55,2,1
420,50,2,1
420,50,2,1
420,67,2,1
390,55,2,1
420,67,2,1
300,55,2,1
0,66,2,1
400,56,2,1
330,63,2,1
429,210,3,2
600,75,3,1
0,65,3,1
1000,110,4,1
400,65,2,1
350,50,2,1
450,48,2,1
483,47,2,1
530,56,2,1
0,51,2,1
0,51,2,1
550,48,2,1
380,65,2,1
0,67,2,1
0,67,2,1
0,50,2,1
0,77,3,1
995,102,3,1
0,59,2,1
472,47,2,1
528,83,2,1
435,58,2,1
582,69,2,1
4950,280,4,4
700,95,2,2
435,38,1,1
0,42,2,1
407,47,2,1
711,66,3,1
713,66,3,1
1297,124,3,3
588,84,3,1
400,47,2,1
800,92,3,1
944,108,3,1
1400,138,3,3
608,66,3,1
450,62,2,1
700,72,2,1
650,96,3,1
800,66,2,2
736,66,3,1
0,67,2,1
750,70,3,1
0,67,2,1
1200,105,3,1
2700,294,4,4
897,60,2,1
1200,99,4,1
923,101,3,1
0,32,1,1
400,50,1,1
3500,267,4,4
2882,200,4,3
1700,160,3,1
1200,105,3,1
500,70,2,1
850,85,1,1
1440,163,3,3
602,72,2,2
560,33,1,1
850,67,2,1
865,91,3,1
578,78,2,1
0,82,3,1
1512,90,3,1
930,68,3,1
765,85,2,2
850,85,2,2
680,92,3,1
700,125,3,1
450,42,2,1
0,95,4,1
400,68,2,1
0,95,4,1
800,104,3,1
0,38,1,0
500,67,3,1
2800,188,3,3
500,64,3,1
503,67,3,1
0,85,3,1
0,38,1,0
0,77,3,1
380,50,2,1
580,82,3,1
460,67,3,1
580,82,3,1
1840,190,3,1
380,50,2,1
380,66,3,1
460,68,3,1
0,67,3,1
250,37,1,1
360,67,3,1
380,50,2,1
580,76,2,1
380,50,2,1
880,77,2,1
0,73,2,1
2144,220,3,3
2600,211,3,3
0,286,4,4
1235,243,4,4
4000,286,4,4
700,73,2,1
0,286,4,4
0,206,4,4
700,125,3,1
1180,104,3,1
0,96,3,1
0,285,4,4
1180,104,3,1
0,286,4,4
0,377,3,3
1183,105,3,1
2294,163,4,2
3746,286,4,4
0,206,4,1
550,60,2,1
0,286,4,3
1007,107,3,1
0,73,2,1
1900,233,4,4
1500,234,3,3
360,60,3,1
658,80,3,1
480,52,2,1
0,266,4,4
1000,76,3,1
851,74,3,1
1850,266,4,2
581,63,2,1
1850,266,4,4
1850,266,3,3
734,75,3,1
395,50,2,1
1000,74,3,1
720,64,3,1
500,74,3,1
750,75,3,1
570,78,3,1
880,75,3,1
1300,266,4,4
2000,266,4,2
450,50,2,1
2443,266,4,4
1800,266,4,4
2443,266,4,4
500,50,2,1
440,50,2,1
1750,266,3,3
0,266,4,4
280,40,2,1
0,41,2,0
0,50,2,1
100,52,2,1
0,40,2,1
392,48,2,1
190,40,2,1
0,41,2,0
0,40,2,1
480,48,2,1
430,48,2,1
100,50,2,1
440,48,2,1
0,40,2,1
315,48,2,1
300,48,2,1
450,48,2,1
0,40,2,1
350,49,2,1
510,48,2,1
229,51,2,1
482,47,2,1
380,55,2,1
240,40,2,1
100,50,2,1
85,48,2,1
0,40,2,1
0,40,2,1
390,55,2,1
495,50,2,1
0,66,3,1
380,66,2,1
525,57,2,1
0,66,2,1
400,66,2,1
480,77,3,1
0,50,2,1
380,50,2,1
0,91,3,1
600,66,2,1
0,67,2,1
500,55,2,1
500,59,2,1
700,77,3,1
550,75,2,1
0,154,4,3
380,63,2,1
0,44,2,1
450,77,3,1
0,264,3,3
140,40,2,1
250,41,2,1
300,41,2,1
0,41,2,1
240,41,2,1
430,64,3,1
0,134,4,0
270,41,2,1
0,41,2,1
0,41,2,1
0,41,2,1
230,41,2,1
250,41,2,1
200,41,2,1
500,50,2,1
240,41,2,1
480,50,2,1
0,47,2,1
400,55,2,1
452,42,2,1
200,51,2,1
250,41,2,1
600,35,1,1
190,60,2,1
0,41,2,1
0,41,2,1
0,41,2,1
520,75,3,1
550,74,3,2
600,69,3,1
535,70,3,1
210,34,2,1
520,59,2,1
450,60,2,1
460,85,3,1
220,42,2,1
150,59,2,1
592,112,2,1
650,81,3,1
600,60,2,1
580,107,3,3
450,52,2,1
300,53,2,1
367,51,2,1
0,45,2,1
0,69,2,1
650,79,3,1
0,45,2,1
0,56,2,1
200,34,2,1
235,45,2,1
0,49,2,1
650,70,3,1
1247,186,4,2
600,70,3,1
600,62,2,1
0,70,3,1
0,70,3,1
400,50,2,1
491,70,3,1
380,54,2,1
0,62,2,1
550,66,2,1
604,84,3,1
0,62,2,1
550,50,2,1
780,70,3,1
0,62,2,1
650,78,2,1
1089,156,3,2
400,62,2,1
0,63,2,1
1089,156,3,3
1247,186,3,3
842,65,2,1
523,70,3,1
650,83,3,1
550,82,3,1
1525,234,4,3
1090,156,3,3
0,70,3,1
1018,156,3,3
0,90,3,1
570,58,2,1
525,69,2,1
560,70,2,1
600,68,3,1
540,68,3,1
450,58,2,1
636,67,2,1
475,58,2,1
570,58,2,1
460,57,2,1
500,68,3,1
0,58,2,1
0,57,2,1
609,58,2,1
578,60,2,1
580,68,2,1
1,67,2,1
420,59,2,1
570,58,2,1
890,92,3,1
831,66,2,1
648,81,3,1
1300,94,3,2
390,66,2,1
504,56,2,1
0,134,4,2
350,55,2,1
450,49,2,1
0,138,3,3
385,53,2,1
350,55,2,1
0,78,3,0
415,49,2,1
950,85,2,1
1300,134,3,3
500,56,2,1
1100,137,3,2
276,48,2,1
0,134,4,2
350,64,2,1
800,156,3,3
300,57,2,1
490,81,3,1
460,68,2,1
300,57,2,1
480,81,3,1
950,101,3,2
800,117,3,1
1,53,2,1
0,50,2,1
1,63,3,1
600,56,2,1
430,70,3,1
430,68,3,1
780,97,3,1
350,53,2,1
440,50,2,1
450,50,2,1
487,50,2,1
570,55,2,1
0,86,3,1
430,49,2,1
500,48,2,1
528,62,2,2
0,53,2,1
350,50,2,1
629,70,2,1
480,70,3,1
440,55,2,1
0,45,2,1
0,100,3,1
480,56,2,1
440,64,3,1
370,54,2,1
580,62,2,1
636,64,2,1
520,47,2,1
1000,100,3,1
1167,99,2,1
1000,100,3,1
768,98,3,1
1008,98,3,1
800,90,1,1
0,118,3,0
1250,106,3,1
1400,140,3,1
840,109,3,1
1149,124,3,1
0,60,2,0
1325,87,3,1
670,98,3,1
230,60,2,1
1500,95,2,1
1200,150,4,3
700,60,2,1
1144,143,4,2
3500,250,4,4
804,64,2,1
811,74,2,1
826,84,3,1
1800,145,4,4
659,80,2,1
1650,136,3,1
4200,255,4,4
2400,124,3,1
200,41,2,1
60,45,2,1
200,41,2,1
0,45,2,1
230,40,2,1
0,41,2,1
0,37,2,1
0,37,2,1
0,43,2,1
0,37,2,1
0,41,2,1
0,37,2,1
0,40,2,1
200,40,2,1
0,43,2,1
0,51,3,1
0,37,2,1
0,43,2,1
140,50,2,1
0,41,2,1
0,40,2,1
0,48,2,1
0,37,2,1
0,43,2,1
0,40,2,1
250,42,2,1
0,65,2,1
1224,93,2,1
700,51,2,1
587,79,3,1
712,85,2,1
0,59,2,1
1417,74,1,1
760,62,2,1
1120,88,3,1
700,57,1,1
400,30,1,1
680,68,2,1
640,49,1,1
900,90,2,1
1150,88,2,1
0,158,4,2
900,80,3,1
580,42,1,1
700,59,2,1
0,78,2,1
1100,120,3,1
0,97,3,1
850,65,2,1
0,73,2,1
0,57,2,1
780,60,2,1
415,81,2,1
0,71,2,1
800,118,3,1
250,43,2,1
250,43,2,1
720,50,2,1
320,62,2,1
520,53,2,1
1357,131,3,1
0,49,2,1
1000,85,2,1
0,66,3,1
0,58,2,1
532,54,2,1
1000,85,3,1
0,43,2,1
0,50,2,1
500,54,2,1
0,43,2,1
0,44,2,1
660,55,2,1
760,72,3,1
0,47,2,1
138,55,2,1
189,43,2,1
400,64,3,1
0,58,2,1
0,49,2,1
320,66,2,1
445,55,3,1
550,77,2,1
900,77,3,2
679,106,3,2
445,55,3,1
550,77,3,1
130,48,2,1
700,91,3,1
445,55,3,1
440,55,3,1
445,55,3,1
250,45,2,1
510,77,3,1
250,41,2,1
550,91,2,1
445,55,3,1
760,108,4,1
413,50,2,1
467,53,3,1
835,190,4,3
200,41,2,1
0,50,2,1
413,50,2,1
80,48,2,1
0,65,3,1
720,108,5,1
580,77,3,1
604,104,3,2
95,45,2,1
100,48,2,1
1500,186,3,3
700,52,2,1
707,122,3,1
700,186,4,2
744,56,2,1
623,72,2,1
1250,186,3,3
1700,234,4,4
800,122,2,2
530,76,3,1
392,48,2,1
960,106,3,1
1700,236,4,3
1099,183,3,3
415,63,2,1
1300,135,3,2
395,76,3,1
450,52,2,1
900,116,3,1
1450,217,3,1
880,151,3,3
545,67,2,1
550,56,2,1
1300,155,3,2
775,120,3,2
300,59,2,1
0,59,2,1
418,64,2,1
550,65,3,1
506,64,3,1
560,46,2,1
330,59,2,1
500,73,3,1
570,47,2,1
0,59,2,1
550,65,2,1
440,71,3,1
330,59,2,1
330,59,2,1
398,71,3,1
0,43,2,0
397,71,3,1
550,65,2,1
541,51,2,1
550,65,3,1
300,59,2,1
383,87,3,1
0,59,2,1
0,71,3,1
0,59,2,1
416,50,2,1
1200,138,3,3
950,117,3,2
550,69,2,1
850,78,3,1
0,128,4,2
630,75,3,1
1075,116,4,3
880,74,3,1
935,86,3,1
400,40,1,1
1400,210,3,3
685,79,2,1
0,69,2,1
1100,124,3,1
600,71,1,1
1000,130,3,1
800,79,2,1
900,50,2,1
799,78,3,1
1100,121,3,1
1300,117,3,1
1250,125,3,1
400,40,1,1
200,34,2,0
0,62,2,1
700,76,2,0
450,33,1,1
660,66,1,1
220,31,1,0
180,41,2,0
600,70,3,1
800,83,3,1
520,55,1,0
272,34,2,0
272,34,1,0
600,67,1,1
390,46,2,0
300,41,2,0
1000,145,3,1
398,51,2,0
271,33,2,0
560,69,2,1
380,43,2,0
570,65,2,1
1100,162,3,1
800,100,3,1
850,145,3,3
480,70,2,1
1300,100,3,1
750,83,3,1
200,34,2,0
200,41,2,0
350,43,2,0
438,57,2,1
485,47,2,0
900,57,2,0
500,70,3,1
900,102,3,1
420,70,2,2
500,70,2,1
550,82,3,1
600,63,2,1
590,58,2,1
1100,160,3,1
991,115,3,1
864,74,2,1
1680,176,3,2
1621,190,4,1
275,45,1,0
300,41,1,0
2200,280,2,1
700,110,3,0
1500,140,3,3
336,40,1,1
680,60,2,1
510,70,2,0
980,45,1,1
380,50,1,0
506,66,2,0
400,38,1,1
700,94,2,0
930,74,2,0
550,38,1,0
850,74,2,0
750,110,4,2
591,60,1,0
1740,156,3,1
575,65,2,0
450,38,1,0
1190,106,3,1
715,98,2,0
642,62,2,0
450,95,2,0
465,60,1,1
2046,178,4,3
650,77,2,1
716,90,2,1
1300,77,1,1
850,74,2,0
660,113,3,0
800,66,3,1
500,46,1,0
315,35,1,0
518,32,1,0
550,42,1,0
200,68,1,0
611,42,1,0
420,50,2,0
518,53,2,0
381,83,2,0
0,46,1,0
400,74,2,0
800,43,1,1
452,53,2,0
450,70,2,0
350,40,1,0
1200,126,3,1
1220,159,3,1
714,62,2,0
350,35,1,0
339,30,1,0
710,48,1,0
260,50,2,0
643,61,2,0
1400,144,3,1
1530,107,3,0
380,36,1,1
560,59,2,0
710,53,1,0
0,98,2,0
400,104,3,2
1200,178,3,1
1800,294,3,1
702,137,3,0
480,52,2,0
750,90,2,0
500,50,2,0
1020,129,3,1
619,101,2,0
1023,72,3,0
633,120,3,0
250,70,2,0
450,45,2,0
463,50,1,0
750,80,2,0
600,57,2,1
463,48,1,0
680,97,3,2
800,97,3,1
400,69,2,1
540,62,3,1
1000,149,3,0
520,44,2,0
636,67,3,1
700,97,3,1
750,96,2,2
950,140,3,1
1554,233,4,0
460,58,2,1
560,53,2,0
609,58,2,1
1650,235,4,0
630,67,2,1
0,98,2,0
250,30,1,0
800,118,3,0
450,69,2,1
725,118,3,0
900,111,2,0
685,164,3,0
638,70,2,1
0,140,3,0
500,62,3,1
650,80,2,0
700,97,3,1
1023,72,3,0
0,48,2,0
280,58,2,0
550,62,3,1
0,68,2,1
460,69,2,1
700,69,2,1
700,97,3,1
1195,180,3,0
25,50,1,0
782,100,2,0
0,56,1,1
400,70,2,1
600,97,3,1
1830,300,3,0
450,55,2,0
220,67,3,1
2250,220,4,1
0,96,3,1
580,58,2,1
875,201,3,1
730,96,3,1
530,47,2,0
0,48,2,0
960,107,3,0
380,36,1,0
942,109,2,0
1500,200,3,0
1554,233,3,0
530,100,3,0
550,62,3,1
0,52,1,0
550,49,2,0
570,58,2,1
700,96,3,1
150,44,2,0
190,40,2,0
450,57,2,0
150,44,2,0
360,57,2,0
527,48,2,0
639,73,3,1
420,56,2,0
362,45,1,0
330,33,1,1
0,32,1,0
0,39,2,0
650,53,2,0
420,51,2,0
0,36,1,0
650,71,3,1
0,50,2,0
0,57,2,0
368,57,2,0
453,63,2,0
622,62,2,0
350,31,1,0
334,62,3,0
0,52,2,0
500,100,2,1
150,39,2,0
458,66,2,1
130,84,2,0
350,46,1,0
460,50,2,0
785,73,2,0
400,68,3,1
400,68,3,1
400,40,1,1
0,63,2,1
200,38,2,0
276,32,1,0
350,33,1,0
345,35,1,0
1250,123,3,1
0,58,2,0
0,48,2,0
350,31,1,0
0,41,1,0
400,57,1,0
420,50,2,0
497,68,2,0
283,35,1,0
398,39,1,0
420,65,1,0
475,37,1,0
500,50,2,0
1900,135,3,1
440,64,1,0
690,85,2,0
1790,48,1,1
500,49,1,0
2850,227,3,0
865,99,3,0
1250,103,2,1
440,56,1,0
749,38,1,1
800,84,2,0
970,48,1,0
1227,177,4,0
520,45,2,0
1082,86,3,0
480,60,1,0
1256,124,2,1
570,54,1,0
500,50,1,0
536,67,1,0
1,110,2,0
484,57,2,0
760,52,1,0
577,56,1,0
340,42,1,1
500,70,2,0
4370,140,3,1
440,65,1,0
749,38,1,1
350,44,1,1
1063,90,3,1
650,40,1,0
575,70,2,0
1400,108,3,1
360,44,1,1
460,38,1,0
900,90,2,1
475,37,1,0
949,80,2,2
700,46,1,0
846,55,2,1
2200,306,4,4
1479,159,4,3
334,52,1,0
340,35,1,1
0,300,2,2
0,51,1,0
1200,95,1,1
4278,310,3,1
527,53,2,0
623,91,3,0
540,75,3,1
2670,290,4,2
0,34,1,0
480,51,2,0
1300,140,3,0
700,55,1,0
0,48,2,0
602,50,1,0
602,50,1,0
432,46,1,0
450,51,2,0
0,65,2,1
394,55,2,0
0,35,1,0
1833,75,3,1
0,55,3,1
0,38,1,0
400,56,1,0
0,68,2,1
0,37,2,0
0,37,2,0
0,37,2,0
950,75,3,0
400,45,2,1
553,36,1,0
380,33,1,1
412,38,1,0
0,38,1,0
450,45,2,0
0,96,2,1
400,45,2,1
358,55,1,0
780,78,2,0
180,37,2,0
1410,200,3,1
0,53,2,1
956,74,3,0
800,100,3,1
280,38,1,1
745,42,1,0
490,45,2,0
770,115,3,0
270,46,2,0
200,35,1,0
553,36,1,0
250,31,1,0
600,125,3,0
800,100,3,1
990,121,3,1
0,48,2,0
250,64,2,0
540,53,2,0
0,45,1,1
450,45,1,0
0,65,2,1
600,57,2,1
100,59,3,0
0,70,2,1
500,55,3,1
0,44,2,0
440,55,3,1
350,45,2,0
220,42,2,0
520,62,3,1
700,95,3,1
0,61,2,1
0,78,3,1
480,66,2,1
500,62,3,0
380,55,2,1
550,83,2,1
400,95,3,1
450,65,2,1
400,95,3,1
445,65,2,1
450,62,3,1
1,65,2,1
400,75,3,1
0,70,3,0
300,51,2,0
450,130,3,1
330,30,1,1
320,30,1,0
1700,348,3,1
1554,220,3,1
700,171,2,1
400,48,1,0
350,34,1,0
520,57,1,0
500,45,1,0
450,48,1,0
272,36,1,0
516,57,1,0
840,180,3,1
300,48,1,0
250,30,1,0
2900,395,3,1
851,93,3,0
450,78,2,1
500,48,2,0
1100,177,3,1
1700,310,3,1
604,94,2,0
320,65,1,0
359,47,1,0
1605,300,4,2
370,39,1,1
900,105,3,0
1650,167,3,1
950,129,3,2
413,105,3,0
460,45,1,0
300,48,1,0
450,128,2,0
290,37,1,0
288,36,1,0
1554,192,3,1
440,64,1,0
300,48,1,0
0,37,1,0
0,55,1,0
1100,130,2,1
851,93,3,0
0,40,1,1
314,54,1,0
510,76,2,0
550,42,1,0
0,30,1,0
450,78,2,1
2000,266,3,1
0,35,1,0
350,50,1,0
1200,177,4,0
1800,350,3,0
250,36,1,1
1525,155,4,2
0,98,2,2
390,40,1,0
1100,94,2,1
500,50,2,0
640,63,2,1
260,41,1,1
500,33,1,0
550,68,2,0
450,42,1,1
240,70,2,0
620,87,2,0
800,111,2,0
930,87,2,0
950,87,3,1
350,116,2,1
900,55,2,1
930,87,2,0
520,87,2,0
0,33,1,1
0,160,2,1
420,65,1,0
0,213,2,2
430,58,1,0
2434,255,3,1
550,59,2,1
800,100,3,1
0,36,1,0
650,59,2,1
1400,203,3,1
500,77,2,0
0,45,1,0
0,134,3,1
670,43,2,0
1530,130,3,0
1009,101,2,0
350,36,1,0
1000,100,3,0
425,48,2,0
1040,108,3,0
400,40,1,1
450,66,2,0
360,36,1,0
1365,148,3,1
250,37,2,0
337,38,1,0
550,62,2,0
280,35,1,0
150,30,2,0
800,87,2,0
0,34,1,0
0,59,3,1
340,50,2,0
1085,70,2,0
440,45,1,0
440,45,1,0
600,105,3,0
490,38,1,0
0,34,1,0
405,48,1,0
352,42,1,0
340,51,2,1
0,44,1,0
381,42,1,0
326,38,1,0
300,32,1,1
306,75,1,0
0,70,2,0
390,58,1,0
360,52,2,0
569,50,2,0
424,37,1,0
290,54,2,0
100,76,1,0
560,50,2,0
0,32,1,0
380,80,2,0
597,80,2,1
340,50,2,0
318,50,2,0
320,43,1,0
513,45,1,0
250,48,1,0
306,70,1,0
300,60,1,0
210,54,2,0
380,67,1,0
0,74,2,1
700,60,2,0
450,60,2,0
1065,90,3,1
940,93,3,1
940,93,3,1
550,64,2,1
524,67,2,1
0,98,3,2
500,52,2,0
580,65,2,1
420,63,2,1
0,75,2,1
3200,505,4,4
0,88,3,1
900,90,3,1
0,53,2,1
0,65,2,1
0,80,3,2
580,65,2,1
900,94,3,1
580,65,2,1
600,82,3,1
360,47,2,0
614,90,3,1
550,65,2,0
600,82,3,1
580,65,2,1
550,74,2,1
420,49,2,0
1000,134,3,3
1000,95,3,1
550,53,2,1
820,93,3,1
588,78,3,1
850,132,3,3
950,88,3,1
950,98,3,1
600,64,3,1
0,50,2,0
500,65,2,1
900,96,3,1
50,45,2,0
515,68,2,0
500,65,2,1
950,98,2,1
0,42,2,0
895,83,3,1
0,47,2,1
750,67,2,1
400,56,3,0
0,70,2,0
0,66,2,1
1200,120,3,1
0,64,2,1
0,76,3,1
350,53,2,1
600,90,3,1
500,64,1,1
450,59,2,0
450,65,3,1
650,88,3,1
600,92,3,1
100,44,2,0
650,58,3,1
100,35,1,0
100,35,1,0
100,45,2,0
310,48,2,0
370,42,2,0
0,45,2,0
0,52,2,0
500,78,2,0
410,95,3,0
536,67,3,1
0,45,2,0
600,96,3,0
400,59,3,1
330,59,3,1
100,35,1,0
100,45,2,0
100,35,1,0
450,75,2,0
100,45,2,0
100,45,2,0
0,45,2,0
0,45,2,0
0,59,3,1
0,59,3,1
380,45,2,0
100,35,1,0
250,45,2,0
390,54,2,1
0,74,3,0
610,60,3,1
180,34,1,0
100,45,2,0
360,53,2,1
430,77,3,1
400,45,2,0
610,60,2,1
352,67,2,0
0,45,2,0
0,59,3,1
350,47,2,0
0,45,2,0
200,40,1,0
270,45,2,0
352,68,2,1
0,55,2,0
310,48,3,0
310,59,3,1
500,72,3,0
500,50,2,0
290,54,2,1
350,74,2,0
0,78,2,0
310,48,3,0
550,78,2,0
640,75,3,0
0,68,3,1
656,105,3,1
0,80,3,1
0,123,3,1
640,82,3,0
0,70,3,1
985,136,3,3
475,50,2,0
800,95,3,1
880,85,3,1
800,80,3,1
545,53,2,0
678,68,3,1
0,120,3,3
750,91,3,1
745,72,2,1
769,118,3,0
433,40,1,1
470,65,2,0
700,110,3,1
0,57,2,1
1000,147,3,1
0,92,3,1
1141,62,3,1
850,70,2,0
0,67,2,1
0,82,3,1
1700,126,3,3
890,95,3,1
0,82,2,0
0,69,2,1
0,121,3,1
0,98,3,1
400,64,2,1
1023,142,3,3
880,122,3,1
1000,118,3,1
612,60,2,1
380,55,2,0
0,260,4,4
734,82,3,1
2700,130,3,1
3149,185,3,3
2100,162,4,1
2850,135,3,2
750,54,1,1
7000,321,3,3
4690,540,4,2
1200,84,2,1
1251,48,1,1
1580,146,3,3
1200,62,1,1
2400,100,2,2
2400,168,3,1
650,52,1,1
0,96,3,1
2301,182,4,1
2200,151,3,3
615,70,2,0
2600,240,4,3
700,83,2,0
1090,98,3,1
992,83,2,0
1220,67,2,1
2800,130,3,1
4200,343,4,4
4000,297,4,3
1150,122,3,1
1100,100,3,1
1056,193,4,2
1700,155,3,2
796,103,3,0
990,134,3,1
3800,210,4,2
1200,145,3,1
1250,150,3,1
995,98,2,0
930,112,2,0
1630,125,3,1
2050,163,3,1
946,38,1,0
1000,130,3,1
7428,415,4,4
2000,55,2,1
990,130,3,1
2400,181,3,1
254,140,3,1
2150,145,3,0
2056,193,3,3
1570,113,3,1
3500,190,3,1
1353,159,3,3
2500,239,5,1
750,50,2,0
3560,286,4,1
715,100,2,0
1300,84,2,1
966,46,1,0
1100,100,3,1
4190,348,4,4
2056,193,3,1
1415,107,3,1
1500,93,2,0
1200,150,3,1
850,45,1,0
1250,80,2,1
750,75,2,0
1200,104,3,1
751,55,1,0
1600,160,3,3
1400,143,4,3
0,221,3,3
980,74,2,0
4300,226,4,4
490,43,1,0
2500,173,3,3
1000,183,4,2
1093,135,3,1
1700,130,3,3
1860,189,4,3
4100,230,4,4
1520,140,4,3
5400,316,4,4
1000,125,3,1
4500,306,4,4
1150,86,2,0
1729,70,2,0
668,70,2,2
416,32,1,0
2800,172,2,2
1670,87,3,1
1650,100,3,3
1736,125,3,1
1350,110,3,1
1500,80,2,1
1200,100,2,0
1981,114,2,1
550,42,1,0
4040,257,3,3
520,42,1,0
0,172,4,2
1900,172,4,3
0,142,4,2
2100,142,3,1
550,55,1,0
800,47,1,0
1192,145,2,1
1700,165,4,2
1600,139,3,1
1342,144,2,2
1754,146,3,1
2800,208,4,3
1800,120,3,1
798,70,2,1
0,100,3,1
1100,86,2,2
1250,110,3,1
700,45,1,0
1015,90,3,1
1151,78,3,1
770,80,2,0
1150,78,2,1
1100,80,2,0
800,60,2,1
2000,220,4,3
1500,124,4,3
1150,78,3,1
3000,288,3,3
2644,173,2,2
0,182,4,3
1540,105,3,1
2200,181,3,3
5000,302,4,4
4500,298,4,4
1126,73,1,1
1100,158,3,3
812,45,1,0
3081,255,4,4
600,45,1,0
0,142,3,1
812,50,1,1
2300,214,3,3
1950,150,3,1
511,45,1,0
2300,173,3,3
800,88,2,0
690,76,2,0
1600,154,3,1
700,40,1,0
1100,127,3,1
0,286,4,4
1550,143,3,3
1200,106,3,1
1200,106,3,1
2500,165,3,1
813,78,3,1
1700,167,3,3
700,80,2,1
585,34,1,0
0,106,3,1
3300,205,3,1
3300,205,3,1
4500,286,4,4
1300,120,3,1
3300,180,3,1
700,49,2,0
800,63,2,0
358,63,2,0
1100,105,3,1
1740,120,3,1
0,280,4,3
750,90,3,0
0,620,4,4
800,92,3,1
1300,124,3,1
950,103,3,1
1180,100,3,0
568,56,2,0
0,377,3,3
825,200,2,0
1500,114,3,1
0,128,2,1
5539,359,4,4
1000,125,3,1
1500,90,2,2
0,225,3,3
1300,156,3,1
800,49,2,0
1200,83,2,2
1900,125,3,1
1400,125,3,3
1075,104,3,1
2500,377,6,6
4500,400,4,4
2450,165,3,1
0,30,1,0
1700,107,3,1
3300,184,3,1
0,194,3,3
0,273,4,4
2900,319,3,3
2970,222,4,4
8920,387,4,4
750,93,2,2
0,143,3,3
2700,253,4,4
480,76,3,1
850,83,2,1
2470,165,3,1
1300,122,3,1
850,120,3,1
1669,124,3,2
900,105,3,1
2700,258,4,4
480,40,1,1
0,90,3,1
697,63,2,1
0,105,3,1
380,58,2,0
960,72,3,1
150,80,2,0
1200,134,3,1
900,90,3,1
1415,98,3,2
1400,128,4,3
500,73,2,1
558,69,2,0
1100,62,1,0
3000,170,3,3
950,88,3,1
892,83,2,1
972,110,3,1
2298,220,3,3
0,246,4,2
1100,86,3,0
2650,142,3,2
3384,226,4,3
1008,98,3,1
670,80,3,0
1300,105,3,1
500,55,2,0
0,91,2,1
0,64,2,0
660,72,2,1
670,30,1,1
1800,157,4,2
1053,98,3,1
1200,89,2,0
1012,72,3,1
730,50,2,1
1270,103,3,1
1033,95,3,1
2300,174,4,2
0,209,4,2
3300,307,4,4
1117,102,3,1
2200,145,4,4
2400,224,3,3
1368,125,3,1
0,80,3,1
3200,270,3,3
2350,170,4,2
1150,140,3,1
840,80,3,0
2200,240,4,2
950,86,3,1
600,112,3,0
967,131,3,1
1250,83,2,1
800,170,3,1
1600,155,4,1
1800,156,3,1
675,55,2,0
1200,84,2,0
390,68,1,1
1200,96,2,0
0,75,1,1
450,72,2,1
0,51,2,0
866,103,2,1
0,51,2,0
740,48,1,1
600,68,2,2
1050,80,2,0
840,80,2,0
840,39,1,0
715,39,1,0
970,93,3,0
370,35,1,0
0,117,3,1
0,31,1,0
1800,160,4,3
1800,160,4,3
1100,120,3,1
1411,70,2,0
450,41,1,0
680,50,2,1
2862,191,4,4
1300,125,1,1
856,83,2,0
20,78,2,0
980,94,3,1
860,67,2,0
1100,110,2,1
900,57,1,0
0,60,2,0
600,42,1,0
350,52,1,1
764,48,2,1
1450,113,2,0
400,65,2,1
1022,70,2,0
1800,160,4,3
1800,160,4,3
840,39,1,0
550,74,2,0
570,45,1,0
1800,250,3,2
1100,120,3,1
0,76,2,1
1287,107,3,1
987,94,3,1
1000,92,2,1
790,73,2,0
665,83,3,0
2615,211,4,2
1059,78,2,0
0,102,3,1
670,66,2,1
900,93,3,1
0,88,3,1
700,70,2,1
930,64,1,1
0,89,2,2
0,63,1,1
830,65,3,1
2000,82,2,1
1175,112,2,1
0,63,1,1
0,85,3,1
645,83,2,1
450,70,2,1
500,79,2,1
750,85,3,1
750,85,3,2
650,70,2,1
0,70,2,1
180,70,2,1
920,98,3,1
0,110,3,3
0,82,3,1
200,54,2,1
0,70,2,1
894,71,3,1
854,75,2,1
1100,134,3,3
1400,119,3,1
900,110,3,1
880,55,2,1
1000,131,3,3
2600,161,3,3
1380,127,3,1
1450,124,3,1
1800,162,2,2
950,111,3,1
480,83,2,1
1300,125,3,2
480,83,1,1
600,60,2,1
1318,106,3,3
6,45,1,1
857,46,2,1
550,35,1,1
0,206,4,4
0,84,2,2
750,43,1,1
0,85,2,2
1100,82,3,2
679,45,1,1
1300,80,3,1
0,115,3,1
200,40,2,1
1100,110,3,1
590,68,3,1
872,109,3,1
600,65,3,1
460,48,2,0
570,57,2,1
570,74,2,0
630,73,3,1
650,68,2,0
1600,178,4,3
600,70,3,1
565,65,2,0
890,122,3,1
640,85,3,1
600,59,1,0
1340,140,4,1
860,56,2,0
1000,136,3,1
1200,95,1,1
450,36,1,0
1600,158,4,3
1100,130,2,2
0,225,4,3
550,35,1,0
0,65,2,1
750,65,2,1
2130,121,4,1
1600,97,3,2
0,65,2,1
1575,108,2,1
3400,315,4,4
0,67,2,1
400,67,2,1
400,69,2,1
850,94,2,2
520,51,1,1
350,69,2,1
480,58,2,1
460,100,3,1
700,100,3,1
750,70,2,1
1500,160,4,1
0,83,3,1
920,78,2,1
581,83,2,1
540,62,2,1
0,112,3,1
1680,106,3,1
600,49,1,1
1200,103,2,1
1220,138,3,1
0,66,2,1
731,80,2,1
0,41,1,1
370,30,1,1
550,58,2,1
730,96,3,1
500,61,3,1
0,129,3,1
608,70,2,1
400,67,2,1
650,72,3,1
300,40,1,1
350,46,1,1
460,48,2,1
450,61,2,1
480,72,3,1
0,42,1,1
0,70,2,1
1565,120,2,2
0,45,2,1
1590,129,4,2
700,67,2,1
460,40,1,1
1200,95,1,1
695,84,2,2
474,50,1,1
380,38,1,1
580,58,2,1
793,41,1,1
520,65,2,1
0,37,2,1
0,59,3,1
450,62,3,1
1500,135,3,3
0,59,3,1
500,61,3,1
1350,192,3,3
0,39,1,1
250,40,1,1
340,31,1,1
1100,210,4,1
340,31,1,1
879,113,4,1
460,50,2,1
359,47,1,1
319,35,1,1
420,37,1,1
550,71,2,1
650,42,1,1
320,55,1,1
600,58,1,1
1610,126,3,1
470,59,2,1
0,36,1,1
2250,339,4,1
1300,130,3,1
600,74,2,1
375,68,2,1
478,50,2,1
780,104,2,1
1000,150,4,1
0,79,3,1
390,53,2,1
480,49,2,1
550,74,2,1
50,53,2,1
570,71,2,1
593,68,1,1
550,90,3,1
500,49,1,1
459,66,2,1
0,47,2,1
0,45,2,1
100,45,2,1
350,47,2,1
300,66,3,1
329,45,2,1
450,70,2,1
0,50,2,1
420,68,3,1
300,52,2,1
200,52,2,1
899,88,3,1
0,82,3,1
300,54,2,1
1,83,3,1
0,68,3,1
0,122,3,1
1100,100,2,1
950,110,3,1
820,92,2,2
988,126,3,1
890,126,3,3
1550,230,4,2
624,83,3,1
0,160,3,1
2200,220,4,4
300,64,2,1
0,64,2,1
830,95,3,1
1200,130,3,3
850,110,3,1
400,51,2,1
0,50,2,1
0,106,3,1
0,67,2,1
0,88,2,1
685,55,2,1
1750,156,2,2
0,50,2,1
1340,133,3,3
0,80,3,1
680,96,3,1
0,41,2,1
750,98,3,1
700,82,2,1
800,98,3,1
369,49,2,1
660,126,3,1
980,140,4,3
700,70,3,1
389,86,2,1
0,64,3,1
0,64,3,1
0,40,1,1
0,64,3,1
0,64,3,1
0,51,2,1
0,40,1,1
0,64,3,1
0,50,2,1
0,51,2,1
800,79,3,1
0,64,3,1
0,81,3,1
300,60,2,1
534,88,2,2
280,60,2,1
280,60,2,1
150,54,2,1
350,69,3,1
0,98,3,1
819,137,3,3
620,85,3,1
385,54,2,1
850,112,3,1
0,59,2,1
0,90,3,1
560,86,3,1
350,47,2,1
300,54,2,1
392,65,2,1
0,43,2,1
250,45,2,1
0,48,2,1
425,49,2,1
150,55,2,1
60,45,2,1
0,58,2,1
120,42,2,1
0,48,2,1
180,54,2,1
200,48,2,1
340,65,3,1
403,43,2,1
0,221,4,4
270,32,1,1
0,56,2,1
390,65,3,1
0,38,1,1
350,65,3,1
0,38,1,1
0,56,2,1
298,44,1,1
340,50,2,1
0,60,3,1
445,65,2,1
0,72,3,1
0,155,3,3
0,48,2,1
480,60,2,1
0,68,2,1
320,47,2,1
250,46,2,1
410,54,2,1
0,43,1,1
380,52,2,1
0,60,2,1
300,48,2,1
450,57,2,1
530,50,2,1
0,52,2,1
417,55,2,1
780,90,3,1
1000,103,4,1
550,50,2,1
300,45,2,1
986,103,3,1
490,64,2,1
350,60,3,1
940,119,2,2
800,103,3,3
1000,103,3,1
650,72,2,1
1000,119,4,1
420,57,2,1
415,42,2,1
340,44,2,1
450,67,3,1
380,49,2,1
350,44,2,1
480,46,2,1
0,48,2,1
150,45,2,1
270,45,2,1
60,49,2,1
255,46,2,1
0,42,2,1
73,45,2,1
60,42,2,1
110,45,2,1
0,55,2,1
250,46,2,1
305,57,2,1
352,43,2,1
0,40,2,1
624,130,3,1
0,38,2,1
0,39,2,1
700,110,3,1
300,59,2,1
250,69,3,1
0,40,2,1
0,43,2,1
210,45,2,1
300,55,2,1
200,37,2,1
0,40,2,1
403,51,2,1
103,39,2,1
150,48,2,1
0,40,2,1
80,57,2,1
300,43,1,1
1868,158,3,1
1890,136,4,2
830,53,2,1
390,45,2,1
200,35,1,1
0,38,1,1
393,46,2,1
393,45,2,1
522,70,2,1
0,46,2,1
0,56,2,1
313,49,2,1
200,56,2,1
225,48,2,1
0,47,2,1
400,52,2,1
350,48,2,1
460,52,2,1
0,42,2,1
0,60,2,1
0,48,2,1
0,62,3,1
0,47,2,1
180,32,1,1
1500,135,4,2
0,37,2,1
0,66,2,1
580,74,3,1
400,48,2,1
380,48,2,1
410,54,2,1
474,60,3,1
320,48,2,1
380,47,2,1
250,46,2,1
411,56,2,1
380,63,3,1
413,58,2,1
0,68,3,1
350,76,3,1
380,75,3,1
350,55,2,1
0,37,2,1
0,42,2,1
300,50,2,1
260,60,3,1
0,49,2,1
0,58,2,1
260,58,3,1
1300,128,3,1
245,52,1,1
80,40,2,1
0,50,2,1
20,60,2,1
0,49,2,1
0,43,2,1
0,54,2,1
189,53,2,1
1250,165,4,3
615,73,3,1
807,110,4,1
0,89,3,1
400,67,2,1
579,66,2,1
0,148,3,3
590,112,2,1
867,90,4,1
500,63,2,1
250,48,2,1
0,57,2,1
250,48,2,1
370,43,2,1
280,52,2,1
300,56,2,1
315,52,2,1
0,90,3,1
0,55,2,1
150,47,2,1
2400,187,4,3
500,81,3,1
700,98,3,1
1500,135,4,2
0,70,3,1
1300,92,3,1
630,81,3,1
703,78,2,1
580,81,3,1
0,92,3,1
200,48,2,1
120,46,2,1
120,48,2,1
120,46,2,1
120,44,2,1
0,47,2,1
372,47,2,1
120,35,1,1
150,40,2,1
0,40,2,1
150,40,2,1
600,70,3,1
320,60,2,1
0,37,1,1
150,40,2,1
0,50,2,1
0,66,3,1
0,64,2,1
0,76,3,1
0,41,2,1
450,49,2,1
0,60,3,1
600,72,2,1
420,58,2,1
0,40,2,1
120,32,1,1
1,35,1,1
0,35,1,1
250,38,2,1
550,68,2,1
220,34,2,1
0,48,2,1
360,50,2,1
0,45,2,1
0,41,2,1
0,72,3,1
600,68,2,1
590,84,3,1
518,75,3,1
490,54,2,1
450,50,2,1
350,66,2,1
540,60,2,1
350,64,2,1
980,133,3,1
680,68,2,1
290,50,2,1
0,49,2,1
240,60,2,1
0,50,2,1
0,48,2,1
275,46,2,1
400,51,2,1
480,47,2,1
303,46,2,1
370,52,2,1
0,50,2,1
0,165,3,1
720,60,2,1
80,50,2,1
300,52,2,1
529,59,2,1
528,60,2,1
525,58,2,1
260,47,2,1
420,61,2,1
500,50,2,1
1210,189,3,3
460,55,2,1
0,54,2,1
350,56,2,1
0,46,2,1
300,51,2,1
550,41,1,1
0,53,2,1
0,66,2,1
310,52,2,1
365,65,2,1
275,54,2,1
576,72,2,2
0,55,2,1
940,130,3,3
510,68,2,1
388,49,2,1
780,108,3,2
521,69,2,1
676,70,2,1
0,115,3,1
570,93,3,1
583,54,2,1
650,55,2,1
0,84,3,1
850,115,3,1
1100,140,3,3
1231,160,3,1
2300,182,3,1
350,49,1,1
3200,237,4,4
1000,111,3,3
1792,100,2,2
1900,91,2,2
1300,62,1,1
2600,240,3,3
0,115,3,1
620,55,2,1
0,41,1,1
434,62,2,1
600,52,2,1
640,58,2,1
0,48,2,0
365,44,2,1
0,43,2,1
350,45,2,1
1010,96,2,1
1000,115,3,1
1900,200,3,1
0,241,3,3
4000,232,4,4
1600,120,3,1
2056,193,3,3
1240,110,3,1
760,113,2,1
1700,98,2,1
1065,116,3,1
380,54,2,1
365,54,2,1
201,60,3,1
350,58,2,1
0,45,2,1
0,104,3,1
3100,175,3,2
2500,161,4,3
800,68,2,1
0,146,3,3
990,95,2,1
1000,65,2,1
950,40,1,1
0,182,3,3
0,70,2,1
1000,180,4,1
1042,100,3,1
780,55,2,1
1500,160,4,2
4800,306,4,4
2270,115,3,1
691,75,2,1
665,111,3,1
680,70,3,1
750,86,3,1
900,110,3,1
1100,82,1,1
480,66,3,1
0,66,2,1
1,65,2,1
220,50,2,1
300,57,2,1
430,50,2,1
0,61,2,1
0,67,2,1
498,74,3,1
0,93,3,2
402,62,2,1
0,61,2,1
0,74,3,1
517,54,2,1
500,64,2,1
200,41,2,1
0,67,2,1
384,61,2,1
0,61,2,1
380,53,2,1
650,76,2,1
600,67,2,1
541,68,2,1
776,92,3,1
525,83,3,1
0,112,3,1
950,125,3,1
658,92,3,1
470,88,3,1
0,60,2,1
680,61,2,1
700,53,2,1
475,60,2,1
550,63,2,1
660,74,3,1
690,45,1,1
0,58,2,1
780,70,3,1
850,111,3,2
750,71,2,1
0,65,3,1
0,51,2,1
325,47,2,1
435,47,2,1
407,47,2,1
0,184,3,3
799,68,2,1
435,47,2,1
367,49,2,1
1000,122,4,3
875,87,2,2
559,87,3,1
650,95,2,2
700,95,2,2
894,68,3,1
800,73,2,1
0,78,2,1
2262,208,3,3
415,89,2,1
680,68,2,1
0,55,2,1
0,98,2,2
565,66,2,1
0,163,3,3
1800,142,3,2
619,73,2,1
0,50,2,1
450,33,1,1
0,110,3,1
778,52,2,1
0,163,3,3
800,95,4,1
800,90,3,1
700,75,3,1
640,82,3,1
500,50,2,1
580,80,2,1
1183,105,3,1
0,106,3,1
900,86,3,1
0,286,4,4
0,149,4,0
3000,180,3,1
3500,280,2,2
1650,130,2,1
3176,265,3,2
1200,106,3,1
2480,235,3,3
5170,364,4,4
1900,266,4,3
1850,266,4,4
1850,266,4,4
750,75,3,1
750,69,2,1
750,68,2,1
240,40,2,1
190,40,2,1
0,58,2,1
0,40,2,1
423,63,2,1
400,52,2,1
317,50,2,1
0,40,2,1
0,74,2,1
0,76,3,1
0,75,2,1
1200,154,4,3
0,47,2,1
486,77,3,1
450,74,3,1
0,66,2,1
800,95,4,2
0,50,2,1
250,46,2,1
470,55,2,1
453,70,3,1
430,55,2,1
672,107,3,3
450,49,2,1
350,65,2,1
0,41,2,1
367,52,2,1
600,70,3,1
650,70,3,1
460,63,2,1
465,57,3,1
1089,156,3,3
1533,234,4,3
0,70,3,1
550,60,2,1
550,82,3,1
460,57,2,1
580,58,1,1
740,134,4,2
350,55,2,1
896,61,2,1
0,81,3,1
800,117,3,1
350,82,2,1
420,52,2,1
0,65,2,1
550,74,3,1
659,60,3,1
0,60,3,1
1900,146,3,1
896,96,3,1
850,108,3,1
820,75,3,1
1144,116,3,2
710,70,3,1
0,142,4,2
990,85,3,1
3900,295,5,4
600,59,2,1
1116,130,3,1
0,37,2,1
230,44,2,1
230,44,2,1
230,44,2,1
1200,84,2,1
0,74,2,1
900,90,2,1
392,35,1,1
0,73,2,1
0,160,3,2
0,82,3,1
1000,63,2,1
1000,96,2,1
0,71,2,1
1200,85,2,1
700,71,2,1
650,34,1,1
280,52,2,1
350,49,2,1
0,50,2,1
1400,131,3,1
0,62,3,1
0,81,3,1
0,49,2,1
408,64,3,1
0,40,2,0
0,50,2,1
0,64,3,1
130,48,2,1
0,42,2,1
580,95,3,2
100,46,2,1
570,95,3,2
410,60,2,1
650,71,3,1
415,63,2,1
700,186,4,2
605,56,2,1
1300,135,3,3
446,56,2,1
0,60,2,2
418,64,2,1
530,65,3,1
350,52,2,1
500,73,3,1
350,59,2,1
550,56,2,1
615,50,2,1
500,74,3,1
0,218,4,0
800,89,3,1
600,88,3,1
600,50,2,1
1200,125,3,1
700,87,3,1
900,96,3,1
1010,142,3,3
900,94,3,1
660,76,3,1
730,99,3,3
1000,141,3,3
750,88,3,2
200,38,2,0
348,61,1,0
500,64,3,1
1200,126,4,1
400,67,2,1
569,53,2,0
0,50,2,0
0,50,2,0
800,145,4,3
740,79,2,0
200,34,2,0
210,31,1,0
454,70,3,1
1026,93,3,1
420,67,3,0
505,70,2,1
1000,57,2,0
650,94,3,1
0,43,2,0
480,63,2,1
500,70,3,1
760,103,4,1
230,34,2,0
390,46,2,0
500,66,2,0
690,70,2,1
850,132,4,1
600,86,2,0
980,145,3,1
550,62,2,1
400,67,2,1
721,34,1,0
210,68,1,0
3500,295,3,2
345,39,1,0
260,31,1,0
1500,36,1,0
4874,420,4,2
150,136,3,0
933,116,2,1
656,88,2,1
416,38,1,0
680,35,1,0
1999,350,3,1
489,47,1,0
0,63,1,0
480,65,2,0
680,62,2,1
3200,235,4,1
493,48,2,0
500,48,2,0
1300,120,3,1
890,83,2,0
380,60,1,0
1060,114,3,1
430,64,1,0
0,60,2,1
390,52,1,1
580,50,1,0
1200,147,3,0
800,64,2,1
460,65,3,1
510,45,1,0
482,75,2,0
390,30,1,0
732,75,3,1
850,74,2,0
780,94,2,1
900,130,3,1
650,156,3,1
700,97,3,1
700,150,3,1
300,80,3,0
1300,164,3,1
500,67,3,1
238,62,2,0
1837,200,3,1
638,68,3,1
707,80,2,0
570,58,2,1
550,49,2,0
600,67,3,1
250,130,3,1
100,120,3,0
600,70,3,1
550,61,3,1
550,140,3,0
500,70,2,0
0,56,1,1
500,65,3,1
720,97,3,0
2200,200,4,1
700,68,2,1
240,97,2,0
578,60,1,0
1500,197,3,0
750,130,3,0
480,52,2,1
706,97,3,1
290,33,1,1
500,74,3,1
350,51,2,0
370,60,2,1
0,64,2,1
405,45,1,0
400,39,2,0
360,53,2,1
0,32,1,1
375,54,2,0
378,45,1,0
370,30,1,1
334,56,2,0
360,48,2,0
493,62,2,1
300,74,1,0
300,30,1,1
472,59,2,0
360,49,2,0
460,60,2,1
250,45,2,0
370,42,1,0
0,64,2,1
470,72,3,1
336,42,1,0
360,45,1,1
450,65,3,1
235,32,1,0
480,196,4,1
350,63,2,1
240,44,2,0
0,32,1,1
0,32,1,1
370,50,2,0
370,50,2,0
390,65,3,1
330,40,1,0
0,51,2,1
350,45,2,1
200,41,2,0
950,54,1,1
220,48,2,0
450,90,2,0
0,45,2,0
352,31,1,0
0,65,3,1
655,68,3,1
950,54,1,1
0,50,2,0
350,33,1,0
0,57,2,0
250,35,1,1
800,90,2,0
450,42,1,1
350,64,2,1
606,60,2,1
895,85,2,0
738,39,1,0
400,40,1,0
365,35,1,0
440,56,1,0
450,70,2,0
670,75,3,2
650,38,1,0
910,110,2,0
608,52,1,0
550,68,2,1
150,46,1,0
380,55,1,0
370,59,3,1
500,67,2,1
730,43,1,1
760,75,2,0
0,78,2,0
450,40,1,0
0,73,3,0
700,69,2,1
700,69,2,1
700,69,2,1
446,53,2,0
0,48,2,0
453,45,1,0
200,48,1,1
700,87,2,0
0,34,1,0
0,167,3,0
690,78,2,0
358,50,1,0
350,40,2,0
1835,75,3,1
800,110,3,1
390,44,2,0
1250,75,2,1
700,95,3,1
380,53,2,0
480,56,1,0
980,245,4,1
0,65,2,1
420,48,1,1
200,30,1,0
215,36,1,0
550,50,1,0
568,53,2,0
0,393,3,1
405,43,1,1
350,45,1,0
1200,127,3,0
0,393,3,0
645,42,1,0
400,36,1,1
400,50,1,1
400,50,1,1
500,49,1,0
450,45,1,0
359,47,1,0
400,45,1,1
560,57,1,0
480,70,2,0
0,31,1,0
538,46,1,0
2000,127,3,1
400,36,1,1
500,50,1,0
350,54,1,0
390,36,1,0
738,45,1,0
2300,198,3,1
1650,180,4,1
640,30,1,0
320,75,2,0
680,62,1,0
413,31,1,0
450,39,1,0
1136,110,2,1
300,30,1,0
895,55,2,0
450,74,1,0
530,43,1,1
752,92,3,0
800,106,2,1
2600,144,3,1
1030,160,3,0
1100,94,2,1
230,95,2,1
2100,213,3,1
1850,200,3,1
848,94,3,1
820,55,2,0
750,129,3,0
0,127,3,1
337,40,1,0
275,45,1,0
250,54,2,0
320,34,1,0
300,32,1,1
551,48,1,0
0,48,1,1
550,62,2,0
700,78,3,1
350,56,2,1
1200,130,3,1
500,65,2,1
650,88,3,1
0,49,1,0
550,64,2,1
350,65,2,1
450,48,2,0
400,60,3,1
750,70,3,0
500,58,2,0
1750,311,3,3
0,49,1,0
0,96,3,1
1900,192,4,2
890,90,3,1
585,60,2,0
450,60,2,0
0,60,3,1
1030,96,3,1
900,90,3,1
500,88,2,1
0,92,3,1
570,84,3,1
600,58,2,0
350,47,2,0
430,53,2,1
460,71,2,0
370,100,2,1
0,92,3,1
800,70,3,1
559,88,3,1
800,74,3,1
0,110,3,1
623,71,3,1
350,89,3,0
630,92,3,1
0,186,3,3
1050,90,3,1
900,105,2,1
964,88,3,1
895,83,3,1
0,50,2,0
600,78,2,0
350,67,3,1
310,59,3,1
270,60,3,1
300,46,2,0
350,47,2,0
505,61,2,0
300,50,2,0
50,50,2,0
390,60,2,0
300,59,3,1
270,60,3,1
392,51,2,0
532,66,3,1
320,49,2,0
0,58,2,1
390,76,2,0
0,248,3,1
310,48,2,0
0,62,2,0
300,49,2,0
300,67,3,1
1500,126,3,3
0,78,3,1
0,92,3,1
0,142,3,3
0,200,3,1
800,75,3,1
960,70,2,1
0,130,3,3
0,49,2,0
950,118,3,1
0,80,3,1
0,72,2,1
0,143,3,1
560,60,2,0
1000,94,2,2
760,74,3,1
960,75,3,1
680,84,3,1
0,74,2,0
0,209,3,3
300,56,2,0
0,72,2,1
650,70,2,0
755,91,3,1
0,118,3,1
960,70,2,1
800,70,2,1
0,160,4,1
485,58,2,0
350,38,1,0
0,82,3,1
600,68,2,1
0,122,3,1
790,135,3,3
2000,265,4,4
0,80,3,1
2900,386,5,2
720,72,2,0
0,50,1,0
0,140,3,1
600,42,1,1
675,47,2,0
0,170,4,3
1700,130,3,2
2700,330,4,2
656,78,3,1
1055,213,4,4
1050,90,3,0
0,80,3,1
709,74,3,1
730,68,2,0
570,51,2,0
2300,190,3,1
0,81,2,0
0,90,2,1
450,52,2,0
445,64,2,0
250,50,2,0
628,82,3,1
0,65,2,0
480,60,2,0
0,51,2,0
735,83,3,1
0,105,3,1
489,51,2,0
0,70,2,1
420,58,2,0
0,106,3,1
350,47,2,0
0,59,2,1
0,59,2,1
980,153,3,2
0,59,2,1
420,55,2,0
600,64,2,0
0,101,3,1
579,70,3,0
350,70,2,0
0,53,2,1
0,74,2,0
875,89,3,1
500,65,3,0
500,75,3,1
380,88,2,1
650,82,2,1
310,65,3,1
240,44,2,0
380,53,2,1
0,148,3,3
400,88,2,1
0,52,2,1
395,66,2,1
535,53,2,0
0,54,2,0
650,77,3,1
800,77,3,2
0,65,3,1
490,80,3,1
0,63,2,1
390,63,2,1
550,62,3,1
430,62,2,1
550,73,3,1
695,60,2,1
700,77,3,1
661,60,2,1
282,58,2,0
0,68,2,0
858,79,3,1
850,125,4,1
650,63,3,1
100,79,3,1
450,65,3,1
0,78,3,1
400,63,3,1
400,80,3,1
440,62,2,1
0,60,2,1
400,80,3,1
480,79,3,1
615,77,3,1
650,50,2,0
0,110,3,1
422,62,3,1
310,51,2,0
310,51,1,0
350,63,3,1
0,50,2,0
430,51,2,0
0,39,2,0
250,40,1,0
450,60,2,0
0,134,3,3
380,59,3,1
650,77,3,1
850,100,3,1
366,62,3,1
360,59,3,1
710,79,3,1
500,76,3,1
1000,78,3,1
450,65,2,1
460,64,2,0
530,63,2,1
300,55,2,0
400,63,2,1
500,61,2,1
270,40,1,1
390,70,3,1
400,50,2,0
300,50,2,0
300,47,2,0
560,80,3,1
300,50,2,0
0,45,2,0
390,86,3,1
190,39,1,0
750,60,2,0
350,59,3,1
0,56,2,0
300,39,1,0
350,45,2,0
400,70,3,1
0,65,3,1
350,48,2,0
350,48,2,0
350,48,2,0
380,48,2,0
600,68,3,1
280,47,2,0
0,74,2,0
330,47,2,0
479,60,2,1
520,58,3,1
513,68,3,0
520,58,3,1
380,58,3,1
406,58,3,1
520,58,3,1
520,58,3,1
375,60,2,0
280,47,2,0
528,70,1,1
1990,187,3,3
670,93,3,1
700,104,3,3
800,122,3,3
0,51,2,0
0,47,2,0
501,76,3,1
0,57,2,0
505,70,3,1
1200,160,2,1
1200,130,3,1
670,115,3,1
0,47,2,0
830,114,3,1
1700,315,3,1
790,113,3,1
700,104,3,3
526,76,3,1
400,56,2,0
880,113,3,1
700,104,3,3
500,90,3,1
553,82,3,1
0,52,2,0
755,87,3,0
400,75,3,1
800,98,3,1
890,97,3,1
460,54,2,0
350,47,2,0
600,73,2,0
684,88,3,1
870,121,3,1
630,51,2,0
1000,109,3,1
793,113,3,1
100,50,2,0
0,45,2,0
340,47,2,0
350,49,2,0
240,48,2,0
300,48,2,0
280,48,2,0
0,50,1,0
280,50,2,0
290,45,2,0
300,45,2,0
0,36,2,0
285,45,2,0
200,45,2,0
290,48,2,0
380,56,3,0
380,56,3,0
290,45,2,0
280,50,2,0
290,50,2,0
100,50,2,0
250,47,2,0
0,90,2,0
325,56,3,0
250,55,3,0
330,58,3,1
280,44,2,0
200,50,2,0
320,48,2,0
350,50,2,0
0,45,2,0
300,48,2,0
100,50,2,0
0,54,2,0
320,60,3,1
270,45,2,0
300,54,2,0
315,54,2,0
280,48,2,0
350,58,3,1
150,48,2,0
230,48,2,0
0,48,2,0
0,48,2,0
190,56,2,0
150,48,2,0
200,49,2,0
140,56,2,0
180,56,2,0
150,56,2,0
70,35,1,0
190,56,2,0
150,48,2,0
170,56,2,0
0,40,2,0
0,37,2,0
150,56,2,0
160,56,2,0
140,56,2,0
100,56,3,0
200,48,2,0
160,56,2,0
200,57,2,0
0,48,2,0
160,56,2,0
130,48,2,0
0,45,2,0
120,45,2,0
160,56,2,0
100,57,2,0
150,49,2,0
160,42,2,0
150,48,2,1
150,48,2,0
80,32,1,0
160,48,2,0
0,52,2,0
130,56,2,0
300,57,2,1
172,43,2,0
130,48,2,0
120,56,2,0
420,48,2,0
150,48,2,0
200,48,2,0
100,33,1,0
125,48,2,0
210,56,2,0
0,180,3,3
0,54,1,0
0,55,2,1
0,65,3,1
0,65,3,1
0,170,3,1
610,96,3,1
990,155,3,3
842,150,3,1
550,68,2,1
600,78,3,0
690,95,3,1
450,65,2,1
400,65,3,1
370,55,2,0
350,55,2,1
380,56,2,1
300,38,1,0
400,56,2,1
689,118,3,1
360,50,2,0
603,87,3,1
1130,179,4,2
300,38,1,1
490,52,2,0
530,59,3,1
674,126,3,1
400,95,3,1
540,71,2,0
880,107,3,1
460,49,2,0
500,59,2,1
610,86,3,0
1100,134,3,1
841,150,3,1
480,68,2,1
0,45,2,0
743,63,2,0
410,71,3,1
290,59,3,1
390,65,3,1
300,50,2,0
300,54,2,1
350,51,2,1
350,56,2,0
500,52,2,0
550,100,3,0
200,46,2,0
500,40,1,0
620,52,2,0
320,43,2,0
200,46,2,0
200,46,2,0
380,54,2,0
485,55,2,0
420,49,2,0
100,30,1,0
700,125,3,1
580,90,3,0
324,55,2,0
650,59,2,0
550,50,2,0
400,49,2,0
0,57,2,0
410,54,2,0
490,50,2,0
830,125,3,1
0,62,3,1
415,68,2,0
450,49,2,0
350,52,2,0
330,50,2,0
257,57,2,0
0,38,1,0
50,30,1,0
165,45,2,0
165,46,2,0
0,103,4,1
450,50,2,0
420,60,3,0
1000,125,2,2
355,48,2,0
660,60,3,0
375,49,2,0
730,70,3,1
290,48,2,0
405,54,2,0
735,76,3,0
500,52,2,0
1030,103,3,1
1300,160,4,2
0,86,3,1
400,61,2,1
550,67,3,1
600,68,3,0
599,72,2,1
700,72,3,1
500,69,2,1
490,64,2,1
0,70,2,0
720,47,2,0
1400,102,2,1
800,90,3,1
320,54,2,0
600,61,2,1
0,48,2,0
520,61,2,0
890,125,3,3
550,58,2,0
0,125,3,1
430,47,2,0
304,50,2,0
346,48,2,0
400,55,2,1
298,50,2,0
0,50,2,0
350,55,3,0
280,48,2,0
300,47,2,0
250,49,2,0
0,39,2,0
270,52,2,0
400,47,2,0
290,48,2,0
0,62,3,0
200,49,2,0
344,96,3,0
291,54,3,0
0,35,2,0
300,52,2,0
0,76,2,0
390,50,2,0
300,48,2,0
410,50,2,0
495,53,2,0
0,48,2,0
399,56,2,0
410,50,2,0
70,45,2,0
280,50,2,0
220,60,2,0
360,65,3,0
338,53,2,1
480,54,2,0
434,62,3,0
220,55,3,0
492,98,2,0
200,49,2,1
400,70,3,0
85,46,2,0
180,35,2,0
138,51,2,0
0,42,1,0
0,56,2,0
0,47,2,0
180,35,2,0
0,45,2,0
150,45,2,0
120,52,2,0
0,44,2,0
0,41,2,0
180,35,2,0
86,46,2,0
110,39,1,0
138,52,2,0
0,42,2,0
180,36,2,0
255,50,2,0
0,42,2,0
150,47,2,0
200,54,2,0
60,48,2,0
0,49,2,0
90,51,2,0
400,48,2,0
200,60,2,0
250,60,2,0
250,60,2,0
330,55,2,0
320,50,2,0
250,63,2,0
0,54,2,0
0,67,2,0
0,65,2,0
0,54,2,0
0,64,3,0
0,48,2,0
0,60,2,0
0,45,2,0
0,62,3,1
450,50,2,0
0,56,2,0
0,48,2,0
0,60,2,0
0,50,2,0
490,56,2,0
600,66,2,0
0,56,2,0
0,40,2,0
0,47,1,0
530,63,2,0
0,48,2,0
0,50,2,0
150,50,2,0
480,62,3,1
0,44,2,0
300,44,2,0
0,67,2,0
0,48,2,0
350,64,2,0
0,56,2,0
150,41,2,0
0,49,2,0
0,56,2,0
0,42,2,0
0,49,2,0
0,48,2,0
0,46,2,0
352,43,2,0
0,50,2,0
150,40,2,0
0,53,2,0
0,44,2,0
260,47,2,0
200,47,2,0
260,47,2,0
0,44,2,0
179,44,2,0
200,46,2,0
353,46,2,0
180,52,3,0
0,45,2,0
150,48,2,0
290,42,2,0
180,50,2,0
150,38,2,0
175,48,2,0
100,45,2,0
259,46,2,0
300,44,2,0
520,57,3,0
105,48,2,0
170,45,2,0
295,39,2,0
179,54,2,0
295,45,2,0
0,33,1,0
270,67,2,0
220,53,2,0
0,44,2,0
280,49,2,0
170,50,2,0
250,55,3,0
150,46,2,0
188,50,3,0
180,54,2,0
300,43,2,0
260,48,2,0
150,50,2,0
250,45,2,0
0,60,2,0
150,50,2,0
0,47,2,0
150,45,2,0
0,63,3,1
440,48,2,0
0,42,2,0
0,48,2,0
319,47,1,0
0,54,2,0
110,90,3,0
150,41,2,0
300,57,2,1
390,53,2,0
245,48,2,0
300,52,2,1
160,48,2,0
340,50,2,0
300,47,2,1
220,47,2,0
140,56,3,0
350,63,3,1
225,57,2,0
350,47,2,0
480,48,2,0
340,65,3,1
350,49,2,0
180,41,2,0
170,44,2,0
340,50,2,0
150,41,2,0
280,48,2,0
150,41,2,0
170,40,2,0
0,64,3,0
370,57,3,1
150,41,2,0
270,55,2,1
100,56,3,0
250,47,2,0
150,47,2,0
350,50,2,0
0,51,2,0
160,56,2,0
200,42,2,0
340,53,2,0
210,41,2,0
200,50,2,0
150,41,2,0
145,45,2,0
0,48,2,0
0,45,2,0
0,48,2,0
165,36,2,0
200,40,2,0
200,40,2,0
0,40,2,0
0,40,2,0
90,35,1,0
100,56,2,0
340,65,3,1
100,37,2,0
130,57,2,0
270,55,2,1
300,57,2,1
150,55,3,0
150,41,2,0
150,41,2,0
100,48,2,0
0,50,2,0
0,45,2,0
280,47,2,0
280,47,2,0
390,49,2,0
300,50,2,1
280,47,2,0
280,47,2,0
700,70,3,0
245,48,2,0
320,63,2,0
0,40,2,0
245,48,2,0
180,41,2,0
250,56,2,0
265,59,3,1
220,45,2,0
0,73,2,0
329,63,3,0
380,52,2,0
200,47,2,0
290,47,2,0
320,49,2,0
0,50,2,0
430,50,2,0
320,48,2,0
0,52,2,1
0,58,3,1
0,73,2,0
170,40,2,0
245,51,2,1
350,58,3,1
290,54,2,0
0,40,2,0
200,47,2,1
200,47,2,1
350,58,3,1
180,41,2,0
245,51,2,1
390,49,2,0
330,46,2,0
0,47,2,0
0,47,2,0
400,52,2,0
0,45,2,0
0,72,3,1
100,45,2,0
300,58,2,1
0,65,3,1
80,40,2,0
90,48,2,0
280,54,2,1
0,37,1,0
431,62,3,1
400,50,2,0
330,69,2,1
100,57,2,0
350,50,2,0
0,270,3,3
330,62,3,1
180,47,2,0
250,64,3,1
0,39,1,0
290,54,2,1
250,53,2,1
450,47,2,0
495,59,2,0
0,30,1,0
350,50,2,0
80,35,2,0
0,52,2,0
400,63,3,1
600,67,3,1
343,52,2,0
420,49,2,0
0,49,2,0
280,54,2,1
220,64,2,0
300,55,2,0
0,30,2,0
0,47,2,0
250,54,2,0
340,57,2,0
250,46,2,0
380,45,2,0
80,40,2,0
100,63,2,1
0,48,2,0
100,40,2,0
0,39,2,0
310,52,2,0
410,54,2,0
360,50,2,0
650,74,3,1
400,50,2,0
280,65,2,0
0,56,2,0
0,30,2,0
487,146,4,1
300,65,2,0
0,56,2,0
320,63,3,0
582,94,3,2
530,67,3,1
300,58,3,1
0,58,2,0
542,68,3,1
200,50,2,0
293,60,2,1
672,120,4,0
280,50,2,0
160,48,2,0
300,50,2,0
490,146,4,0
160,42,2,0
299,56,2,0
350,56,2,1
398,56,2,0
360,56,2,0
398,56,2,0
330,56,2,1
280,56,2,0
330,56,2,0
402,56,2,0
330,56,2,0
330,56,2,0
402,56,2,0
407,52,2,0
330,56,2,0
330,56,2,0
300,65,2,0
330,56,2,0
240,52,2,0
0,51,2,0
380,75,3,1
390,65,2,1
350,61,3,1
440,60,3,1
300,61,3,1
350,64,2,1
365,48,2,0
400,64,2,1
268,45,2,0
0,60,3,0
460,61,3,1
550,65,2,1
323,60,2,1
344,76,3,1
350,61,3,1
0,76,3,1
350,61,3,1
370,64,2,1
370,64,2,1
370,64,2,1
350,61,3,1
360,45,2,0
350,76,3,1
350,75,3,1
380,64,2,1
300,58,3,1
300,60,3,1
310,45,2,1
350,61,3,1
400,66,3,0
375,63,2,0
400,51,2,1
393,48,2,0
390,64,3,0
380,58,2,0
390,61,3,1
350,78,3,1
660,59,2,0
323,60,2,1
250,50,2,0
390,65,2,1
550,75,2,1
0,57,3,0
350,61,3,1
295,60,2,0
330,75,3,1
430,64,2,1
280,65,2,1
405,65,2,1
430,75,3,1
0,40,2,0
315,48,2,0
240,40,2,0
260,50,2,0
250,44,2,0
250,44,1,0
0,44,1,0
277,49,2,0
260,98,3,0
550,76,3,0
250,43,2,0
0,37,2,0
280,58,3,1
0,37,1,0
0,37,1,0
392,47,2,0
290,44,2,0
250,44,1,0
297,48,2,0
0,50,2,0
315,48,2,0
270,57,2,0
360,45,2,0
336,42,2,0
320,40,2,0
305,49,2,0
290,55,2,0
320,48,2,1
250,57,2,0
315,48,2,0
200,53,2,0
230,51,2,0
0,40,2,0
0,40,2,0
350,47,2,0
290,50,2,0
420,60,3,0
280,49,2,0
296,37,2,0
280,48,2,0
269,50,2,0
304,50,2,0
0,40,2,0
260,51,2,0
300,56,2,0
0,49,2,0
0,48,2,0
315,47,2,0
0,47,2,0
0,55,2,0
200,58,3,0
300,40,2,0
200,50,2,0
220,47,2,0
290,63,2,0
240,60,2,0
1100,225,3,3
600,89,3,1
450,47,2,0
0,102,3,1
360,39,1,0
1,110,3,1
750,82,3,1
1200,164,3,3
900,95,3,1
670,70,2,1
420,46,2,0
300,58,2,0
252,335,1,1
0,83,3,1
400,50,2,0
1530,122,3,3
1400,87,3,1
1100,122,4,2
606,55,2,1
200,38,2,0
200,38,2,0
200,38,2,0
200,38,2,0
550,84,3,1
0,50,1,0
514,63,2,1
0,300,4,4
450,38,1,1
550,80,3,2
878,92,3,1
3000,228,4,2
840,72,3,1
0,68,3,1
350,62,3,1
260,51,2,0
400,45,2,0
459,57,2,0
235,44,2,0
400,45,2,0
260,51,2,0
260,51,2,0
260,51,2,0
290,47,2,0
600,77,3,1
260,51,2,0
260,51,2,0
260,51,2,0
260,51,2,0
210,44,2,0
260,51,2,0
270,41,2,0
260,51,2,0
220,52,3,0
250,46,2,0
244,43,2,0
0,51,2,0
0,51,2,0
260,51,2,0
230,51,2,1
260,51,2,0
437,57,2,0
260,51,2,0
260,51,2,0
420,51,2,0
500,54,2,0
400,52,2,0
260,47,2,0
650,78,3,1
200,40,2,0
235,45,2,0
459,57,2,0
0,44,2,0
260,51,2,0
459,57,2,0
260,51,2,0
459,57,2,0
230,51,2,1
0,50,2,0
0,62,3,1
130,40,2,0
470,88,2,0
0,58,2,1
680,85,2,1
370,57,2,0
715,59,2,1
0,107,3,1
654,124,3,1
730,81,3,1
600,55,2,0
380,63,3,1
460,76,2,1
310,62,2,0
350,55,2,0
504,81,3,1
550,88,3,1
0,55,2,0
500,58,2,0
590,83,3,1
600,130,3,1
2800,187,4,3
360,56,2,0
350,56,2,0
380,56,2,0
600,85,3,1
320,65,3,0
750,117,3,1
970,155,3,3
0,130,4,0
350,80,3,0
0,105,3,3
1080,77,3,0
700,59,2,1
400,76,3,1
320,63,3,0
650,62,3,1
545,50,2,0
0,64,2,1
850,105,3,2
700,78,3,1
450,70,3,1
0,170,4,0
0,72,3,1
667,75,2,0
952,117,3,1
1500,196,3,3
517,73,3,1
880,74,2,1
390,69,2,0
258,46,2,0
370,54,2,0
720,117,3,1
350,64,3,1
0,98,2,0
100,47,2,1
100,47,2,0
100,47,2,0
100,48,2,1
100,47,2,0
104,50,2,0
100,48,2,0
100,47,2,0
100,48,2,0
100,47,2,1
100,47,2,1
100,48,2,0
100,47,2,0
100,48,2,0
100,47,2,1
1465,152,3,1
600,67,2,0
1380,115,3,1
0,145,3,1
550,51,2,0
570,58,2,0
427,54,2,0
350,42,2,0
372,73,3,1
500,74,2,0
351,45,2,0
500,52,2,0
0,38,1,0
1200,115,3,1
630,57,2,0
0,50,2,0
600,96,3,2
0,40,1,0
0,41,2,0
400,65,3,1
420,53,2,1
480,53,2,0
350,53,3,1
220,40,2,0
604,77,3,1
0,44,2,0
350,65,3,1
347,52,2,0
450,88,3,1
485,35,1,0
1250,135,3,1
650,58,3,0
430,64,3,1
550,91,3,2
600,75,3,0
0,69,2,1
434,62,2,1
0,40,2,0
399,47,2,0
230,41,2,0
392,49,2,1
260,52,2,0
230,53,2,0
390,63,3,0
500,54,2,0
195,35,1,0
600,72,3,1
430,45,2,0
450,50,2,0
400,60,2,0
570,96,3,1
0,60,2,1
0,185,3,3
425,55,3,1
565,91,3,1
550,69,3,1
292,48,2,0
450,59,2,1
440,61,2,1
475,74,3,2
270,52,2,0
265,83,2,0
0,35,1,0
0,45,2,0
0,58,2,0
465,53,2,1
375,30,1,0
380,55,2,1
0,69,3,1
0,40,2,0
530,60,2,1
550,72,2,1
380,55,2,1
290,48,2,0
300,40,2,0
200,41,2,0
250,50,2,1
200,50,2,1
185,38,2,1
708,51,2,0
620,58,2,0
400,48,1,1
560,57,2,0
500,63,3,1
460,63,3,1
250,40,1,1
270,48,2,0
180,41,2,0
1200,133,3,3
0,120,3,2
280,59,2,1
290,72,3,1
740,60,2,0
0,55,2,0
400,51,1,0
0,61,2,1
2554,147,4,2
1796,233,4,4
0,85,2,1
0,154,4,3
500,33,1,1
2800,274,4,4
2150,165,4,3
600,49,1,1
3600,193,2,3
0,185,3,3
730,64,2,1
1670,94,3,1
1260,128,3,1
1890,230,2,2
518,51,1,0
2920,205,3,3
300,35,1,1
1100,60,2,1
750,86,3,1
1400,100,3,2
610,80,2,2
1456,181,3,3
650,70,3,1
420,47,2,0
615,72,3,1
0,70,3,1
0,61,2,0
900,92,3,1
829,107,2,2
700,68,3,1
410,53,2,0
0,274,3,2
540,64,3,1
550,49,2,0
850,76,2,1
500,78,2,0
705,64,3,1
500,81,3,1
540,62,3,0
750,78,3,1
1400,130,4,3
790,82,3,1
610,47,2,0
740,75,3,1
550,74,2,0
1042,133,3,1
1300,163,3,3
600,62,2,1
652,62,2,0
750,96,3,1
650,81,3,1
200,34,2,0
150,35,2,0
273,52,2,0
150,40,2,0
520,54,2,0
385,51,2,0
600,63,2,0
250,47,2,0
250,46,2,0
150,41,2,0
930,122,4,1
364,48,2,0
230,41,2,0
300,51,2,0
340,70,3,0
540,56,2,0
400,50,2,0
230,45,2,0
220,40,2,0
530,56,3,1
450,76,3,1
190,41,2,0
336,42,2,0
500,66,3,0
250,55,2,0
0,41,2,0
350,46,2,0
476,63,3,0
946,82,3,1
350,48,2,0
190,41,2,0
252,56,2,0
250,43,2,0
0,44,2,0
360,50,2,0
0,68,3,0
220,48,2,0
100,50,2,0
300,57,2,0
280,47,2,0
500,50,2,0
370,52,2,0
0,39,2,0
495,47,2,0
350,52,2,0
238,58,2,0
1300,99,2,2
650,64,2,0
351,45,2,0
560,70,3,0
1057,62,2,0
528,60,2,0
450,107,3,1
450,106,3,1
434,50,2,0
380,49,2,0
736,70,3,1
525,64,2,0
570,64,2,1
570,75,2,0
377,45,2,0
500,60,2,0
500,60,2,0
670,63,3,0
600,64,2,0
460,62,3,1
510,59,2,0
525,58,2,0
450,107,3,1
520,65,3,0
437,74,2,1
639,74,3,0
450,107,3,1
450,107,3,1
450,107,3,1
875,81,2,2
200,47,2,0
450,101,3,1
65,64,2,0
950,80,3,1
560,70,3,0
200,47,2,0
250,44,2,0
440,54,2,0
400,59,2,0
95,50,2,0
190,31,1,0
394,47,2,0
670,82,2,1
510,58,2,0
190,31,1,1
740,75,3,0
320,49,2,0
1386,104,3,1
528,60,2,0
298,49,2,0
1300,181,3,3
490,96,3,1
220,63,2,0
250,56,3,0
250,64,3,0
245,62,3,0
580,117,3,1
265,55,2,0
315,58,3,0
700,95,3,1
245,62,3,0
1350,181,4,3
320,65,3,0
650,95,3,2
1200,180,3,3
260,62,2,0
400,63,3,0
350,49,2,0
320,58,2,0
1350,181,3,3
1250,182,3,3
180,42,2,0
3900,360,3,1
615,68,2,1
520,76,3,1
779,59,2,0
380,63,3,1
530,50,2,1
598,62,3,1
300,51,2,0
620,64,3,0
594,58,3,1
0,60,2,0
633,62,3,1
540,62,2,1
450,45,2,0
510,63,3,1
670,55,2,0
0,60,2,0
750,62,2,0
1300,136,3,3
404,49,2,0
530,54,2,0
0,49,2,0
500,60,3,0
500,51,2,1
430,52,2,0
900,103,3,1
200,52,2,0
285,50,2,0
320,55,3,0
90,60,2,0
1000,147,3,3
1100,115,3,1
1200,133,3,3
0,85,3,1
400,54,1,1
1030,118,3,1
950,118,3,1
550,78,3,1
650,70,3,1
339,34,1,0
730,70,2,1
420,48,2,0
600,63,2,1
600,72,2,0
340,42,1,1
650,69,2,1
1700,145,4,2
4900,292,4,0
1500,130,3,1
1700,46,1,1
1400,100,3,1
1720,101,2,2
2270,200,3,1
2000,180,3,2
744,70,1,1
785,63,2,0
1200,100,2,0
750,49,1,0
1700,170,3,1
1300,100,2,2
1030,85,2,1
0,90,3,1
642,54,2,0
650,89,3,1
740,67,2,0
450,55,2,0
690,78,3,0
800,49,2,0
316,51,1,0
600,75,3,1
400,67,3,1
560,62,3,1
615,49,2,0
625,86,3,1
401,64,2,0
620,55,2,0
650,70,2,0
521,64,3,0
803,63,2,0
450,91,3,1
470,40,1,0
528,52,2,0
745,63,2,1
505,52,2,0
1250,114,3,1
580,73,3,1
580,53,2,0
860,102,3,1
480,55,2,0
554,68,2,0
996,86,3,1
370,47,2,0
770,85,3,0
420,51,2,0
630,74,3,1
1100,114,3,1
48,39,1,1
0,44,2,0
