,Pclass,Sex,Age,SibSp,Parch,Fare,Embarked_914,Embarked_C,Embarked_Q,Embarked_S,Survived
0,3,0,22.0,1,0,7.25,0,0,0,1,0
1,1,1,38.0,1,0,71.2833,0,1,0,0,1
2,3,1,26.0,0,0,7.925,0,0,0,1,1
3,1,1,35.0,1,0,53.1,0,0,0,1,1
4,3,0,35.0,0,0,8.05,0,0,0,1,0
5,3,0,28.0,0,0,8.4583,0,0,1,0,0
6,1,0,54.0,0,0,51.8625,0,0,0,1,0
7,3,0,2.0,3,1,21.075,0,0,0,1,0
8,3,1,27.0,0,2,11.1333,0,0,0,1,1
9,2,1,14.0,1,0,30.0708,0,1,0,0,1
10,3,1,4.0,1,1,16.7,0,0,0,1,1
11,1,1,58.0,0,0,26.55,0,0,0,1,1
12,3,0,20.0,0,0,8.05,0,0,0,1,0
13,3,0,39.0,1,5,31.275,0,0,0,1,0
14,3,1,14.0,0,0,7.8542,0,0,0,1,0
15,2,1,55.0,0,0,16.0,0,0,0,1,1
16,3,0,2.0,4,1,29.125,0,0,1,0,0
17,2,0,28.0,0,0,13.0,0,0,0,1,1
18,3,1,31.0,1,0,18.0,0,0,0,1,0
19,3,1,28.0,0,0,7.225,0,1,0,0,1
20,2,0,35.0,0,0,26.0,0,0,0,1,0
21,2,0,34.0,0,0,13.0,0,0,0,1,1
22,3,1,15.0,0,0,8.0292,0,0,1,0,1
23,1,0,28.0,0,0,35.5,0,0,0,1,1
24,3,1,8.0,3,1,21.075,0,0,0,1,0
25,3,1,38.0,1,5,31.3875,0,0,0,1,1
26,3,0,28.0,0,0,7.225,0,1,0,0,0
27,1,0,19.0,3,2,263.0,0,0,0,1,0
28,3,1,28.0,0,0,7.8792,0,0,1,0,1
29,3,0,28.0,0,0,7.8958,0,0,0,1,0
30,1,0,40.0,0,0,27.7208,0,1,0,0,0
31,1,1,28.0,1,0,146.5208,0,1,0,0,1
32,3,1,28.0,0,0,7.75,0,0,1,0,1
33,2,0,66.0,0,0,10.5,0,0,0,1,0
34,1,0,28.0,1,0,82.1708,0,1,0,0,0
35,1,0,42.0,1,0,52.0,0,0,0,1,0
36,3,0,28.0,0,0,7.2292,0,1,0,0,1
37,3,0,21.0,0,0,8.05,0,0,0,1,0
38,3,1,18.0,2,0,18.0,0,0,0,1,0
39,3,1,14.0,1,0,11.2417,0,1,0,0,1
40,3,1,40.0,1,0,9.475,0,0,0,1,0
41,2,1,27.0,1,0,21.0,0,0,0,1,0
42,3,0,28.0,0,0,7.8958,0,1,0,0,0
43,2,1,3.0,1,2,41.5792,0,1,0,0,1
44,3,1,19.0,0,0,7.8792,0,0,1,0,1
45,3,0,28.0,0,0,8.05,0,0,0,1,0
46,3,0,28.0,1,0,15.5,0,0,1,0,0
47,3,1,28.0,0,0,7.75,0,0,1,0,1
48,3,0,28.0,2,0,21.6792,0,1,0,0,0
49,3,1,18.0,1,0,17.8,0,0,0,1,0
50,3,0,7.0,4,1,39.6875,0,0,0,1,0
51,3,0,21.0,0,0,7.8,0,0,0,1,0
52,1,1,49.0,1,0,76.7292,0,1,0,0,1
53,2,1,29.0,1,0,26.0,0,0,0,1,1
54,1,0,65.0,0,1,61.9792,0,1,0,0,0
55,1,0,28.0,0,0,35.5,0,0,0,1,1
56,2,1,21.0,0,0,10.5,0,0,0,1,1
57,3,0,28.5,0,0,7.2292,0,1,0,0,0
58,2,1,5.0,1,2,27.75,0,0,0,1,1
59,3,0,11.0,5,2,46.9,0,0,0,1,0
60,3,0,22.0,0,0,7.2292,0,1,0,0,0
61,1,1,38.0,0,0,80.0,1,0,0,0,1
62,1,0,45.0,1,0,83.475,0,0,0,1,0
63,3,0,4.0,3,2,27.9,0,0,0,1,0
64,1,0,28.0,0,0,27.7208,0,1,0,0,0
65,3,0,28.0,1,1,15.2458,0,1,0,0,1
66,2,1,29.0,0,0,10.5,0,0,0,1,1
67,3,0,19.0,0,0,8.1583,0,0,0,1,0
68,3,1,17.0,4,2,7.925,0,0,0,1,1
69,3,0,26.0,2,0,8.6625,0,0,0,1,0
70,2,0,32.0,0,0,10.5,0,0,0,1,0
71,3,1,16.0,5,2,46.9,0,0,0,1,0
72,2,0,21.0,0,0,73.5,0,0,0,1,0
73,3,0,26.0,1,0,14.4542,0,1,0,0,0
74,3,0,32.0,0,0,56.4958,0,0,0,1,1
75,3,0,25.0,0,0,7.65,0,0,0,1,0
76,3,0,28.0,0,0,7.8958,0,0,0,1,0
77,3,0,28.0,0,0,8.05,0,0,0,1,0
78,2,0,0.83,0,2,29.0,0,0,0,1,1
79,3,1,30.0,0,0,12.475,0,0,0,1,1
80,3,0,22.0,0,0,9.0,0,0,0,1,0
81,3,0,29.0,0,0,9.5,0,0,0,1,1
82,3,1,28.0,0,0,7.7875,0,0,1,0,1
83,1,0,28.0,0,0,47.1,0,0,0,1,0
84,2,1,17.0,0,0,10.5,0,0,0,1,1
85,3,1,33.0,3,0,15.85,0,0,0,1,1
86,3,0,16.0,1,3,34.375,0,0,0,1,0
87,3,0,28.0,0,0,8.05,0,0,0,1,0
88,1,1,23.0,3,2,263.0,0,0,0,1,1
89,3,0,24.0,0,0,8.05,0,0,0,1,0
90,3,0,29.0,0,0,8.05,0,0,0,1,0
91,3,0,20.0,0,0,7.8542,0,0,0,1,0
92,1,0,46.0,1,0,61.175,0,0,0,1,0
93,3,0,26.0,1,2,20.575,0,0,0,1,0
94,3,0,59.0,0,0,7.25,0,0,0,1,0
95,3,0,28.0,0,0,8.05,0,0,0,1,0
96,1,0,71.0,0,0,34.6542,0,1,0,0,0
97,1,0,23.0,0,1,63.3583,0,1,0,0,1
98,2,1,34.0,0,1,23.0,0,0,0,1,1
99,2,0,34.0,1,0,26.0,0,0,0,1,0
100,3,1,28.0,0,0,7.8958,0,0,0,1,0
101,3,0,28.0,0,0,7.8958,0,0,0,1,0
102,1,0,21.0,0,1,77.2875,0,0,0,1,0
103,3,0,33.0,0,0,8.6542,0,0,0,1,0
104,3,0,37.0,2,0,7.925,0,0,0,1,0
105,3,0,28.0,0,0,7.8958,0,0,0,1,0
106,3,1,21.0,0,0,7.65,0,0,0,1,1
107,3,0,28.0,0,0,7.775,0,0,0,1,1
108,3,0,38.0,0,0,7.8958,0,0,0,1,0
109,3,1,28.0,1,0,24.15,0,0,1,0,1
110,1,0,47.0,0,0,52.0,0,0,0,1,0
111,3,1,14.5,1,0,14.4542,0,1,0,0,0
112,3,0,22.0,0,0,8.05,0,0,0,1,0
113,3,1,20.0,1,0,9.825,0,0,0,1,0
114,3,1,17.0,0,0,14.4583,0,1,0,0,0
115,3,0,21.0,0,0,7.925,0,0,0,1,0
116,3,0,70.5,0,0,7.75,0,0,1,0,0
117,2,0,29.0,1,0,21.0,0,0,0,1,0
118,1,0,24.0,0,1,247.5208,0,1,0,0,0
119,3,1,2.0,4,2,31.275,0,0,0,1,0
120,2,0,21.0,2,0,73.5,0,0,0,1,0
121,3,0,28.0,0,0,8.05,0,0,0,1,0
122,2,0,32.5,1,0,30.0708,0,1,0,0,0
123,2,1,32.5,0,0,13.0,0,0,0,1,1
124,1,0,54.0,0,1,77.2875,0,0,0,1,0
125,3,0,12.0,1,0,11.2417,0,1,0,0,1
126,3,0,28.0,0,0,7.75,0,0,1,0,0
127,3,0,24.0,0,0,7.1417,0,0,0,1,1
128,3,1,28.0,1,1,22.3583,0,1,0,0,1
129,3,0,45.0,0,0,6.975,0,0,0,1,0
130,3,0,33.0,0,0,7.8958,0,1,0,0,0
131,3,0,20.0,0,0,7.05,0,0,0,1,0
132,3,1,47.0,1,0,14.5,0,0,0,1,0
133,2,1,29.0,1,0,26.0,0,0,0,1,1
134,2,0,25.0,0,0,13.0,0,0,0,1,0
135,2,0,23.0,0,0,15.0458,0,1,0,0,0
136,1,1,19.0,0,2,26.2833,0,0,0,1,1
137,1,0,37.0,1,0,53.1,0,0,0,1,0
138,3,0,16.0,0,0,9.2167,0,0,0,1,0
139,1,0,24.0,0,0,79.2,0,1,0,0,0
140,3,1,28.0,0,2,15.2458,0,1,0,0,0
141,3,1,22.0,0,0,7.75,0,0,0,1,1
142,3,1,24.0,1,0,15.85,0,0,0,1,1
143,3,0,19.0,0,0,6.75,0,0,1,0,0
144,2,0,18.0,0,0,11.5,0,0,0,1,0
145,2,0,19.0,1,1,36.75,0,0,0,1,0
146,3,0,27.0,0,0,7.7958,0,0,0,1,1
147,3,1,9.0,2,2,34.375,0,0,0,1,0
148,2,0,36.5,0,2,26.0,0,0,0,1,0
149,2,0,42.0,0,0,13.0,0,0,0,1,0
150,2,0,51.0,0,0,12.525,0,0,0,1,0
151,1,1,22.0,1,0,66.6,0,0,0,1,1
152,3,0,55.5,0,0,8.05,0,0,0,1,0
153,3,0,40.5,0,2,14.5,0,0,0,1,0
154,3,0,28.0,0,0,7.3125,0,0,0,1,0
155,1,0,51.0,0,1,61.3792,0,1,0,0,0
156,3,1,16.0,0,0,7.7333,0,0,1,0,1
157,3,0,30.0,0,0,8.05,0,0,0,1,0
158,3,0,28.0,0,0,8.6625,0,0,0,1,0
159,3,0,28.0,8,2,69.55,0,0,0,1,0
160,3,0,44.0,0,1,16.1,0,0,0,1,0
161,2,1,40.0,0,0,15.75,0,0,0,1,1
162,3,0,26.0,0,0,7.775,0,0,0,1,0
163,3,0,17.0,0,0,8.6625,0,0,0,1,0
164,3,0,1.0,4,1,39.6875,0,0,0,1,0
165,3,0,9.0,0,2,20.525,0,0,0,1,1
166,1,1,28.0,0,1,55.0,0,0,0,1,1
167,3,1,45.0,1,4,27.9,0,0,0,1,0
168,1,0,28.0,0,0,25.925,0,0,0,1,0
169,3,0,28.0,0,0,56.4958,0,0,0,1,0
170,1,0,61.0,0,0,33.5,0,0,0,1,0
171,3,0,4.0,4,1,29.125,0,0,1,0,0
172,3,1,1.0,1,1,11.1333,0,0,0,1,1
173,3,0,21.0,0,0,7.925,0,0,0,1,0
174,1,0,56.0,0,0,30.6958,0,1,0,0,0
175,3,0,18.0,1,1,7.8542,0,0,0,1,0
176,3,0,28.0,3,1,25.4667,0,0,0,1,0
177,1,1,50.0,0,0,28.7125,0,1,0,0,0
178,2,0,30.0,0,0,13.0,0,0,0,1,0
179,3,0,36.0,0,0,0.0,0,0,0,1,0
180,3,1,28.0,8,2,69.55,0,0,0,1,0
181,2,0,28.0,0,0,15.05,0,1,0,0,0
182,3,0,9.0,4,2,31.3875,0,0,0,1,0
183,2,0,1.0,2,1,39.0,0,0,0,1,1
184,3,1,4.0,0,2,22.025,0,0,0,1,1
185,1,0,28.0,0,0,50.0,0,0,0,1,0
186,3,1,28.0,1,0,15.5,0,0,1,0,1
187,1,0,45.0,0,0,26.55,0,0,0,1,1
188,3,0,40.0,1,1,15.5,0,0,1,0,0
189,3,0,36.0,0,0,7.8958,0,0,0,1,0
190,2,1,32.0,0,0,13.0,0,0,0,1,1
191,2,0,19.0,0,0,13.0,0,0,0,1,0
192,3,1,19.0,1,0,7.8542,0,0,0,1,1
193,2,0,3.0,1,1,26.0,0,0,0,1,1
194,1,1,44.0,0,0,27.7208,0,1,0,0,1
195,1,1,58.0,0,0,146.5208,0,1,0,0,1
196,3,0,28.0,0,0,7.75,0,0,1,0,0
197,3,0,42.0,0,1,8.4042,0,0,0,1,0
198,3,1,28.0,0,0,7.75,0,0,1,0,1
199,2,1,24.0,0,0,13.0,0,0,0,1,0
200,3,0,28.0,0,0,9.5,0,0,0,1,0
201,3,0,28.0,8,2,69.55,0,0,0,1,0
202,3,0,34.0,0,0,6.4958,0,0,0,1,0
203,3,0,45.5,0,0,7.225,0,1,0,0,0
204,3,0,18.0,0,0,8.05,0,0,0,1,1
205,3,1,2.0,0,1,10.4625,0,0,0,1,0
206,3,0,32.0,1,0,15.85,0,0,0,1,0
207,3,0,26.0,0,0,18.7875,0,1,0,0,1
208,3,1,16.0,0,0,7.75,0,0,1,0,1
209,1,0,40.0,0,0,31.0,0,1,0,0,1
210,3,0,24.0,0,0,7.05,0,0,0,1,0
211,2,1,35.0,0,0,21.0,0,0,0,1,1
212,3,0,22.0,0,0,7.25,0,0,0,1,0
213,2,0,30.0,0,0,13.0,0,0,0,1,0
214,3,0,28.0,1,0,7.75,0,0,1,0,0
215,1,1,31.0,1,0,113.275,0,1,0,0,1
216,3,1,27.0,0,0,7.925,0,0,0,1,1
217,2,0,42.0,1,0,27.0,0,0,0,1,0
218,1,1,32.0,0,0,76.2917,0,1,0,0,1
219,2,0,30.0,0,0,10.5,0,0,0,1,0
220,3,0,16.0,0,0,8.05,0,0,0,1,1
221,2,0,27.0,0,0,13.0,0,0,0,1,0
222,3,0,51.0,0,0,8.05,0,0,0,1,0
223,3,0,28.0,0,0,7.8958,0,0,0,1,0
224,1,0,38.0,1,0,90.0,0,0,0,1,1
225,3,0,22.0,0,0,9.35,0,0,0,1,0
226,2,0,19.0,0,0,10.5,0,0,0,1,1
227,3,0,20.5,0,0,7.25,0,0,0,1,0
228,2,0,18.0,0,0,13.0,0,0,0,1,0
229,3,1,28.0,3,1,25.4667,0,0,0,1,0
230,1,1,35.0,1,0,83.475,0,0,0,1,1
231,3,0,29.0,0,0,7.775,0,0,0,1,0
232,2,0,59.0,0,0,13.5,0,0,0,1,0
233,3,1,5.0,4,2,31.3875,0,0,0,1,1
234,2,0,24.0,0,0,10.5,0,0,0,1,0
235,3,1,28.0,0,0,7.55,0,0,0,1,0
236,2,0,44.0,1,0,26.0,0,0,0,1,0
237,2,1,8.0,0,2,26.25,0,0,0,1,1
238,2,0,19.0,0,0,10.5,0,0,0,1,0
239,2,0,33.0,0,0,12.275,0,0,0,1,0
240,3,1,28.0,1,0,14.4542,0,1,0,0,0
241,3,1,28.0,1,0,15.5,0,0,1,0,1
242,2,0,29.0,0,0,10.5,0,0,0,1,0
243,3,0,22.0,0,0,7.125,0,0,0,1,0
244,3,0,30.0,0,0,7.225,0,1,0,0,0
245,1,0,44.0,2,0,90.0,0,0,1,0,0
246,3,1,25.0,0,0,7.775,0,0,0,1,0
247,2,1,24.0,0,2,14.5,0,0,0,1,1
248,1,0,37.0,1,1,52.5542,0,0,0,1,1
249,2,0,54.0,1,0,26.0,0,0,0,1,0
250,3,0,28.0,0,0,7.25,0,0,0,1,0
251,3,1,29.0,1,1,10.4625,0,0,0,1,0
252,1,0,62.0,0,0,26.55,0,0,0,1,0
253,3,0,30.0,1,0,16.1,0,0,0,1,0
254,3,1,41.0,0,2,20.2125,0,0,0,1,0
255,3,1,29.0,0,2,15.2458,0,1,0,0,1
256,1,1,28.0,0,0,79.2,0,1,0,0,1
257,1,1,30.0,0,0,86.5,0,0,0,1,1
258,1,1,35.0,0,0,512.3292,0,1,0,0,1
259,2,1,50.0,0,1,26.0,0,0,0,1,1
260,3,0,28.0,0,0,7.75,0,0,1,0,0
261,3,0,3.0,4,2,31.3875,0,0,0,1,1
262,1,0,52.0,1,1,79.65,0,0,0,1,0
263,1,0,40.0,0,0,0.0,0,0,0,1,0
264,3,1,28.0,0,0,7.75,0,0,1,0,0
265,2,0,36.0,0,0,10.5,0,0,0,1,0
266,3,0,16.0,4,1,39.6875,0,0,0,1,0
267,3,0,25.0,1,0,7.775,0,0,0,1,1
268,1,1,58.0,0,1,153.4625,0,0,0,1,1
269,1,1,35.0,0,0,135.6333,0,0,0,1,1
270,1,0,28.0,0,0,31.0,0,0,0,1,0
271,3,0,25.0,0,0,0.0,0,0,0,1,1
272,2,1,41.0,0,1,19.5,0,0,0,1,1
273,1,0,37.0,0,1,29.7,0,1,0,0,0
274,3,1,28.0,0,0,7.75,0,0,1,0,1
275,1,1,63.0,1,0,77.9583,0,0,0,1,1
276,3,1,45.0,0,0,7.75,0,0,0,1,0
277,2,0,28.0,0,0,0.0,0,0,0,1,0
278,3,0,7.0,4,1,29.125,0,0,1,0,0
279,3,1,35.0,1,1,20.25,0,0,0,1,1
280,3,0,65.0,0,0,7.75,0,0,1,0,0
281,3,0,28.0,0,0,7.8542,0,0,0,1,0
282,3,0,16.0,0,0,9.5,0,0,0,1,0
283,3,0,19.0,0,0,8.05,0,0,0,1,1
284,1,0,28.0,0,0,26.0,0,0,0,1,0
285,3,0,33.0,0,0,8.6625,0,1,0,0,0
286,3,0,30.0,0,0,9.5,0,0,0,1,1
287,3,0,22.0,0,0,7.8958,0,0,0,1,0
288,2,0,42.0,0,0,13.0,0,0,0,1,1
289,3,1,22.0,0,0,7.75,0,0,1,0,1
290,1,1,26.0,0,0,78.85,0,0,0,1,1
291,1,1,19.0,1,0,91.0792,0,1,0,0,1
292,2,0,36.0,0,0,12.875,0,1,0,0,0
293,3,1,24.0,0,0,8.85,0,0,0,1,0
294,3,0,24.0,0,0,7.8958,0,0,0,1,0
295,1,0,28.0,0,0,27.7208,0,1,0,0,0
296,3,0,23.5,0,0,7.2292,0,1,0,0,0
297,1,1,2.0,1,2,151.55,0,0,0,1,0
298,1,0,28.0,0,0,30.5,0,0,0,1,1
299,1,1,50.0,0,1,247.5208,0,1,0,0,1
300,3,1,28.0,0,0,7.75,0,0,1,0,1
301,3,0,28.0,2,0,23.25,0,0,1,0,1
302,3,0,19.0,0,0,0.0,0,0,0,1,0
303,2,1,28.0,0,0,12.35,0,0,1,0,1
304,3,0,28.0,0,0,8.05,0,0,0,1,0
305,1,0,0.92,1,2,151.55,0,0,0,1,1
306,1,1,28.0,0,0,110.8833,0,1,0,0,1
307,1,1,17.0,1,0,108.9,0,1,0,0,1
308,2,0,30.0,1,0,24.0,0,1,0,0,0
309,1,1,30.0,0,0,56.9292,0,1,0,0,1
310,1,1,24.0,0,0,83.1583,0,1,0,0,1
311,1,1,18.0,2,2,262.375,0,1,0,0,1
312,2,1,26.0,1,1,26.0,0,0,0,1,0
313,3,0,28.0,0,0,7.8958,0,0,0,1,0
314,2,0,43.0,1,1,26.25,0,0,0,1,0
315,3,1,26.0,0,0,7.8542,0,0,0,1,1
316,2,1,24.0,1,0,26.0,0,0,0,1,1
317,2,0,54.0,0,0,14.0,0,0,0,1,0
318,1,1,31.0,0,2,164.8667,0,0,0,1,1
319,1,1,40.0,1,1,134.5,0,1,0,0,1
320,3,0,22.0,0,0,7.25,0,0,0,1,0
321,3,0,27.0,0,0,7.8958,0,0,0,1,0
322,2,1,30.0,0,0,12.35,0,0,1,0,1
323,2,1,22.0,1,1,29.0,0,0,0,1,1
324,3,0,28.0,8,2,69.55,0,0,0,1,0
325,1,1,36.0,0,0,135.6333,0,1,0,0,1
326,3,0,61.0,0,0,6.2375,0,0,0,1,0
327,2,1,36.0,0,0,13.0,0,0,0,1,1
328,3,1,31.0,1,1,20.525,0,0,0,1,1
329,1,1,16.0,0,1,57.9792,0,1,0,0,1
330,3,1,28.0,2,0,23.25,0,0,1,0,1
331,1,0,45.5,0,0,28.5,0,0,0,1,0
332,1,0,38.0,0,1,153.4625,0,0,0,1,0
333,3,0,16.0,2,0,18.0,0,0,0,1,0
334,1,1,28.0,1,0,133.65,0,0,0,1,1
335,3,0,28.0,0,0,7.8958,0,0,0,1,0
336,1,0,29.0,1,0,66.6,0,0,0,1,0
337,1,1,41.0,0,0,134.5,0,1,0,0,1
338,3,0,45.0,0,0,8.05,0,0,0,1,1
339,1,0,45.0,0,0,35.5,0,0,0,1,0
340,2,0,2.0,1,1,26.0,0,0,0,1,1
341,1,1,24.0,3,2,263.0,0,0,0,1,1
342,2,0,28.0,0,0,13.0,0,0,0,1,0
343,2,0,25.0,0,0,13.0,0,0,0,1,0
344,2,0,36.0,0,0,13.0,0,0,0,1,0
345,2,1,24.0,0,0,13.0,0,0,0,1,1
346,2,1,40.0,0,0,13.0,0,0,0,1,1
347,3,1,28.0,1,0,16.1,0,0,0,1,1
348,3,0,3.0,1,1,15.9,0,0,0,1,1
349,3,0,42.0,0,0,8.6625,0,0,0,1,0
350,3,0,23.0,0,0,9.225,0,0,0,1,0
351,1,0,28.0,0,0,35.0,0,0,0,1,0
352,3,0,15.0,1,1,7.2292,0,1,0,0,0
353,3,0,25.0,1,0,17.8,0,0,0,1,0
354,3,0,28.0,0,0,7.225,0,1,0,0,0
355,3,0,28.0,0,0,9.5,0,0,0,1,0
356,1,1,22.0,0,1,55.0,0,0,0,1,1
357,2,1,38.0,0,0,13.0,0,0,0,1,0
358,3,1,28.0,0,0,7.8792,0,0,1,0,1
359,3,1,28.0,0,0,7.8792,0,0,1,0,1
360,3,0,40.0,1,4,27.9,0,0,0,1,0
361,2,0,29.0,1,0,27.7208,0,1,0,0,0
362,3,1,45.0,0,1,14.4542,0,1,0,0,0
363,3,0,35.0,0,0,7.05,0,0,0,1,0
364,3,0,28.0,1,0,15.5,0,0,1,0,0
365,3,0,30.0,0,0,7.25,0,0,0,1,0
366,1,1,60.0,1,0,75.25,0,1,0,0,1
367,3,1,28.0,0,0,7.2292,0,1,0,0,1
368,3,1,28.0,0,0,7.75,0,0,1,0,1
369,1,1,24.0,0,0,69.3,0,1,0,0,1
370,1,0,25.0,1,0,55.4417,0,1,0,0,1
371,3,0,18.0,1,0,6.4958,0,0,0,1,0
372,3,0,19.0,0,0,8.05,0,0,0,1,0
373,1,0,22.0,0,0,135.6333,0,1,0,0,0
374,3,1,3.0,3,1,21.075,0,0,0,1,0
375,1,1,28.0,1,0,82.1708,0,1,0,0,1
376,3,1,22.0,0,0,7.25,0,0,0,1,1
377,1,0,27.0,0,2,211.5,0,1,0,0,0
378,3,0,20.0,0,0,4.0125,0,1,0,0,0
379,3,0,19.0,0,0,7.775,0,0,0,1,0
380,1,1,42.0,0,0,227.525,0,1,0,0,1
381,3,1,1.0,0,2,15.7417,0,1,0,0,1
382,3,0,32.0,0,0,7.925,0,0,0,1,0
383,1,1,35.0,1,0,52.0,0,0,0,1,1
384,3,0,28.0,0,0,7.8958,0,0,0,1,0
385,2,0,18.0,0,0,73.5,0,0,0,1,0
386,3,0,1.0,5,2,46.9,0,0,0,1,0
387,2,1,36.0,0,0,13.0,0,0,0,1,1
388,3,0,28.0,0,0,7.7292,0,0,1,0,0
389,2,1,17.0,0,0,12.0,0,1,0,0,1
390,1,0,36.0,1,2,120.0,0,0,0,1,1
391,3,0,21.0,0,0,7.7958,0,0,0,1,1
392,3,0,28.0,2,0,7.925,0,0,0,1,0
393,1,1,23.0,1,0,113.275,0,1,0,0,1
394,3,1,24.0,0,2,16.7,0,0,0,1,1
395,3,0,22.0,0,0,7.7958,0,0,0,1,0
396,3,1,31.0,0,0,7.8542,0,0,0,1,0
397,2,0,46.0,0,0,26.0,0,0,0,1,0
398,2,0,23.0,0,0,10.5,0,0,0,1,0
399,2,1,28.0,0,0,12.65,0,0,0,1,1
400,3,0,39.0,0,0,7.925,0,0,0,1,1
401,3,0,26.0,0,0,8.05,0,0,0,1,0
402,3,1,21.0,1,0,9.825,0,0,0,1,0
403,3,0,28.0,1,0,15.85,0,0,0,1,0
404,3,1,20.0,0,0,8.6625,0,0,0,1,0
405,2,0,34.0,1,0,21.0,0,0,0,1,0
406,3,0,51.0,0,0,7.75,0,0,0,1,0
407,2,0,3.0,1,1,18.75,0,0,0,1,1
408,3,0,21.0,0,0,7.775,0,0,0,1,0
409,3,1,28.0,3,1,25.4667,0,0,0,1,0
410,3,0,28.0,0,0,7.8958,0,0,0,1,0
411,3,0,28.0,0,0,6.8583,0,0,1,0,0
412,1,1,33.0,1,0,90.0,0,0,1,0,1
413,2,0,28.0,0,0,0.0,0,0,0,1,0
414,3,0,44.0,0,0,7.925,0,0,0,1,1
415,3,1,28.0,0,0,8.05,0,0,0,1,0
416,2,1,34.0,1,1,32.5,0,0,0,1,1
417,2,1,18.0,0,2,13.0,0,0,0,1,1
418,2,0,30.0,0,0,13.0,0,0,0,1,0
419,3,1,10.0,0,2,24.15,0,0,0,1,0
420,3,0,28.0,0,0,7.8958,0,1,0,0,0
421,3,0,21.0,0,0,7.7333,0,0,1,0,0
422,3,0,29.0,0,0,7.875,0,0,0,1,0
423,3,1,28.0,1,1,14.4,0,0,0,1,0
424,3,0,18.0,1,1,20.2125,0,0,0,1,0
425,3,0,28.0,0,0,7.25,0,0,0,1,0
426,2,1,28.0,1,0,26.0,0,0,0,1,1
427,2,1,19.0,0,0,26.0,0,0,0,1,1
428,3,0,28.0,0,0,7.75,0,0,1,0,0
429,3,0,32.0,0,0,8.05,0,0,0,1,1
430,1,0,28.0,0,0,26.55,0,0,0,1,1
431,3,1,28.0,1,0,16.1,0,0,0,1,1
432,2,1,42.0,1,0,26.0,0,0,0,1,1
433,3,0,17.0,0,0,7.125,0,0,0,1,0
434,1,0,50.0,1,0,55.9,0,0,0,1,0
435,1,1,14.0,1,2,120.0,0,0,0,1,1
436,3,1,21.0,2,2,34.375,0,0,0,1,0
437,2,1,24.0,2,3,18.75,0,0,0,1,1
438,1,0,64.0,1,4,263.0,0,0,0,1,0
439,2,0,31.0,0,0,10.5,0,0,0,1,0
440,2,1,45.0,1,1,26.25,0,0,0,1,1
441,3,0,20.0,0,0,9.5,0,0,0,1,0
442,3,0,25.0,1,0,7.775,0,0,0,1,0
443,2,1,28.0,0,0,13.0,0,0,0,1,1
444,3,0,28.0,0,0,8.1125,0,0,0,1,1
445,1,0,4.0,0,2,81.8583,0,0,0,1,1
446,2,1,13.0,0,1,19.5,0,0,0,1,1
447,1,0,34.0,0,0,26.55,0,0,0,1,1
448,3,1,5.0,2,1,19.2583,0,1,0,0,1
449,1,0,52.0,0,0,30.5,0,0,0,1,1
450,2,0,36.0,1,2,27.75,0,0,0,1,0
451,3,0,28.0,1,0,19.9667,0,0,0,1,0
452,1,0,30.0,0,0,27.75,0,1,0,0,0
453,1,0,49.0,1,0,89.1042,0,1,0,0,1
454,3,0,28.0,0,0,8.05,0,0,0,1,0
455,3,0,29.0,0,0,7.8958,0,1,0,0,1
456,1,0,65.0,0,0,26.55,0,0,0,1,0
457,1,1,28.0,1,0,51.8625,0,0,0,1,1
458,2,1,50.0,0,0,10.5,0,0,0,1,1
459,3,0,28.0,0,0,7.75,0,0,1,0,0
460,1,0,48.0,0,0,26.55,0,0,0,1,1
461,3,0,34.0,0,0,8.05,0,0,0,1,0
462,1,0,47.0,0,0,38.5,0,0,0,1,0
463,2,0,48.0,0,0,13.0,0,0,0,1,0
464,3,0,28.0,0,0,8.05,0,0,0,1,0
465,3,0,38.0,0,0,7.05,0,0,0,1,0
466,2,0,28.0,0,0,0.0,0,0,0,1,0
467,1,0,56.0,0,0,26.55,0,0,0,1,0
468,3,0,28.0,0,0,7.725,0,0,1,0,0
469,3,1,0.75,2,1,19.2583,0,1,0,0,1
470,3,0,28.0,0,0,7.25,0,0,0,1,0
471,3,0,38.0,0,0,8.6625,0,0,0,1,0
472,2,1,33.0,1,2,27.75,0,0,0,1,1
473,2,1,23.0,0,0,13.7917,0,1,0,0,1
474,3,1,22.0,0,0,9.8375,0,0,0,1,0
475,1,0,28.0,0,0,52.0,0,0,0,1,0
476,2,0,34.0,1,0,21.0,0,0,0,1,0
477,3,0,29.0,1,0,7.0458,0,0,0,1,0
478,3,0,22.0,0,0,7.5208,0,0,0,1,0
479,3,1,2.0,0,1,12.2875,0,0,0,1,1
480,3,0,9.0,5,2,46.9,0,0,0,1,0
481,2,0,28.0,0,0,0.0,0,0,0,1,0
482,3,0,50.0,0,0,8.05,0,0,0,1,0
483,3,1,63.0,0,0,9.5875,0,0,0,1,1
484,1,0,25.0,1,0,91.0792,0,1,0,0,1
485,3,1,28.0,3,1,25.4667,0,0,0,1,0
486,1,1,35.0,1,0,90.0,0,0,0,1,1
487,1,0,58.0,0,0,29.7,0,1,0,0,0
488,3,0,30.0,0,0,8.05,0,0,0,1,0
489,3,0,9.0,1,1,15.9,0,0,0,1,1
490,3,0,28.0,1,0,19.9667,0,0,0,1,0
491,3,0,21.0,0,0,7.25,0,0,0,1,0
492,1,0,55.0,0,0,30.5,0,0,0,1,0
493,1,0,71.0,0,0,49.5042,0,1,0,0,0
494,3,0,21.0,0,0,8.05,0,0,0,1,0
495,3,0,28.0,0,0,14.4583,0,1,0,0,0
496,1,1,54.0,1,0,78.2667,0,1,0,0,1
497,3,0,28.0,0,0,15.1,0,0,0,1,0
498,1,1,25.0,1,2,151.55,0,0,0,1,0
499,3,0,24.0,0,0,7.7958,0,0,0,1,0
500,3,0,17.0,0,0,8.6625,0,0,0,1,0
501,3,1,21.0,0,0,7.75,0,0,1,0,0
502,3,1,28.0,0,0,7.6292,0,0,1,0,0
503,3,1,37.0,0,0,9.5875,0,0,0,1,0
504,1,1,16.0,0,0,86.5,0,0,0,1,1
505,1,0,18.0,1,0,108.9,0,1,0,0,0
506,2,1,33.0,0,2,26.0,0,0,0,1,1
507,1,0,28.0,0,0,26.55,0,0,0,1,1
508,3,0,28.0,0,0,22.525,0,0,0,1,0
509,3,0,26.0,0,0,56.4958,0,0,0,1,1
510,3,0,29.0,0,0,7.75,0,0,1,0,1
511,3,0,28.0,0,0,8.05,0,0,0,1,0
512,1,0,36.0,0,0,26.2875,0,0,0,1,1
513,1,1,54.0,1,0,59.4,0,1,0,0,1
514,3,0,24.0,0,0,7.4958,0,0,0,1,0
515,1,0,47.0,0,0,34.0208,0,0,0,1,0
516,2,1,34.0,0,0,10.5,0,0,0,1,1
517,3,0,28.0,0,0,24.15,0,0,1,0,0
518,2,1,36.0,1,0,26.0,0,0,0,1,1
519,3,0,32.0,0,0,7.8958,0,0,0,1,0
520,1,1,30.0,0,0,93.5,0,0,0,1,1
521,3,0,22.0,0,0,7.8958,0,0,0,1,0
522,3,0,28.0,0,0,7.225,0,1,0,0,0
523,1,1,44.0,0,1,57.9792,0,1,0,0,1
524,3,0,28.0,0,0,7.2292,0,1,0,0,0
525,3,0,40.5,0,0,7.75,0,0,1,0,0
526,2,1,50.0,0,0,10.5,0,0,0,1,1
527,1,0,28.0,0,0,221.7792,0,0,0,1,0
528,3,0,39.0,0,0,7.925,0,0,0,1,0
529,2,0,23.0,2,1,11.5,0,0,0,1,0
530,2,1,2.0,1,1,26.0,0,0,0,1,1
531,3,0,28.0,0,0,7.2292,0,1,0,0,0
532,3,0,17.0,1,1,7.2292,0,1,0,0,0
533,3,1,28.0,0,2,22.3583,0,1,0,0,1
534,3,1,30.0,0,0,8.6625,0,0,0,1,0
535,2,1,7.0,0,2,26.25,0,0,0,1,1
536,1,0,45.0,0,0,26.55,0,0,0,1,0
537,1,1,30.0,0,0,106.425,0,1,0,0,1
538,3,0,28.0,0,0,14.5,0,0,0,1,0
539,1,1,22.0,0,2,49.5,0,1,0,0,1
540,1,1,36.0,0,2,71.0,0,0,0,1,1
541,3,1,9.0,4,2,31.275,0,0,0,1,0
542,3,1,11.0,4,2,31.275,0,0,0,1,0
543,2,0,32.0,1,0,26.0,0,0,0,1,1
544,1,0,50.0,1,0,106.425,0,1,0,0,0
545,1,0,64.0,0,0,26.0,0,0,0,1,0
546,2,1,19.0,1,0,26.0,0,0,0,1,1
547,2,0,28.0,0,0,13.8625,0,1,0,0,1
548,3,0,33.0,1,1,20.525,0,0,0,1,0
549,2,0,8.0,1,1,36.75,0,0,0,1,1
550,1,0,17.0,0,2,110.8833,0,1,0,0,1
551,2,0,27.0,0,0,26.0,0,0,0,1,0
552,3,0,28.0,0,0,7.8292,0,0,1,0,0
553,3,0,22.0,0,0,7.225,0,1,0,0,1
554,3,1,22.0,0,0,7.775,0,0,0,1,1
555,1,0,62.0,0,0,26.55,0,0,0,1,0
556,1,1,48.0,1,0,39.6,0,1,0,0,1
557,1,0,28.0,0,0,227.525,0,1,0,0,0
558,1,1,39.0,1,1,79.65,0,0,0,1,1
559,3,1,36.0,1,0,17.4,0,0,0,1,1
560,3,0,28.0,0,0,7.75,0,0,1,0,0
561,3,0,40.0,0,0,7.8958,0,0,0,1,0
562,2,0,28.0,0,0,13.5,0,0,0,1,0
563,3,0,28.0,0,0,8.05,0,0,0,1,0
564,3,1,28.0,0,0,8.05,0,0,0,1,0
565,3,0,24.0,2,0,24.15,0,0,0,1,0
566,3,0,19.0,0,0,7.8958,0,0,0,1,0
567,3,1,29.0,0,4,21.075,0,0,0,1,0
568,3,0,28.0,0,0,7.2292,0,1,0,0,0
569,3,0,32.0,0,0,7.8542,0,0,0,1,1
570,2,0,62.0,0,0,10.5,0,0,0,1,1
571,1,1,53.0,2,0,51.4792,0,0,0,1,1
572,1,0,36.0,0,0,26.3875,0,0,0,1,1
573,3,1,28.0,0,0,7.75,0,0,1,0,1
574,3,0,16.0,0,0,8.05,0,0,0,1,0
575,3,0,19.0,0,0,14.5,0,0,0,1,0
576,2,1,34.0,0,0,13.0,0,0,0,1,1
577,1,1,39.0,1,0,55.9,0,0,0,1,1
578,3,1,28.0,1,0,14.4583,0,1,0,0,0
579,3,0,32.0,0,0,7.925,0,0,0,1,1
580,2,1,25.0,1,1,30.0,0,0,0,1,1
581,1,1,39.0,1,1,110.8833,0,1,0,0,1
582,2,0,54.0,0,0,26.0,0,0,0,1,0
583,1,0,36.0,0,0,40.125,0,1,0,0,0
584,3,0,28.0,0,0,8.7125,0,1,0,0,0
585,1,1,18.0,0,2,79.65,0,0,0,1,1
586,2,0,47.0,0,0,15.0,0,0,0,1,0
587,1,0,60.0,1,1,79.2,0,1,0,0,1
588,3,0,22.0,0,0,8.05,0,0,0,1,0
589,3,0,28.0,0,0,8.05,0,0,0,1,0
590,3,0,35.0,0,0,7.125,0,0,0,1,0
591,1,1,52.0,1,0,78.2667,0,1,0,0,1
592,3,0,47.0,0,0,7.25,0,0,0,1,0
593,3,1,28.0,0,2,7.75,0,0,1,0,0
594,2,0,37.0,1,0,26.0,0,0,0,1,0
595,3,0,36.0,1,1,24.15,0,0,0,1,0
596,2,1,28.0,0,0,33.0,0,0,0,1,1
597,3,0,49.0,0,0,0.0,0,0,0,1,0
598,3,0,28.0,0,0,7.225,0,1,0,0,0
599,1,0,49.0,1,0,56.9292,0,1,0,0,1
600,2,1,24.0,2,1,27.0,0,0,0,1,1
601,3,0,28.0,0,0,7.8958,0,0,0,1,0
602,1,0,28.0,0,0,42.4,0,0,0,1,0
603,3,0,44.0,0,0,8.05,0,0,0,1,0
604,1,0,35.0,0,0,26.55,0,1,0,0,1
605,3,0,36.0,1,0,15.55,0,0,0,1,0
606,3,0,30.0,0,0,7.8958,0,0,0,1,0
607,1,0,27.0,0,0,30.5,0,0,0,1,1
608,2,1,22.0,1,2,41.5792,0,1,0,0,1
609,1,1,40.0,0,0,153.4625,0,0,0,1,1
610,3,1,39.0,1,5,31.275,0,0,0,1,0
611,3,0,28.0,0,0,7.05,0,0,0,1,0
612,3,1,28.0,1,0,15.5,0,0,1,0,1
613,3,0,28.0,0,0,7.75,0,0,1,0,0
614,3,0,35.0,0,0,8.05,0,0,0,1,0
615,2,1,24.0,1,2,65.0,0,0,0,1,1
616,3,0,34.0,1,1,14.4,0,0,0,1,0
617,3,1,26.0,1,0,16.1,0,0,0,1,0
618,2,1,4.0,2,1,39.0,0,0,0,1,1
619,2,0,26.0,0,0,10.5,0,0,0,1,0
620,3,0,27.0,1,0,14.4542,0,1,0,0,0
621,1,0,42.0,1,0,52.5542,0,0,0,1,1
622,3,0,20.0,1,1,15.7417,0,1,0,0,1
623,3,0,21.0,0,0,7.8542,0,0,0,1,0
624,3,0,21.0,0,0,16.1,0,0,0,1,0
625,1,0,61.0,0,0,32.3208,0,0,0,1,0
626,2,0,57.0,0,0,12.35,0,0,1,0,0
627,1,1,21.0,0,0,77.9583,0,0,0,1,1
628,3,0,26.0,0,0,7.8958,0,0,0,1,0
629,3,0,28.0,0,0,7.7333,0,0,1,0,0
630,1,0,80.0,0,0,30.0,0,0,0,1,1
631,3,0,51.0,0,0,7.0542,0,0,0,1,0
632,1,0,32.0,0,0,30.5,0,1,0,0,1
633,1,0,28.0,0,0,0.0,0,0,0,1,0
634,3,1,9.0,3,2,27.9,0,0,0,1,0
635,2,1,28.0,0,0,13.0,0,0,0,1,1
636,3,0,32.0,0,0,7.925,0,0,0,1,0
637,2,0,31.0,1,1,26.25,0,0,0,1,0
638,3,1,41.0,0,5,39.6875,0,0,0,1,0
639,3,0,28.0,1,0,16.1,0,0,0,1,0
640,3,0,20.0,0,0,7.8542,0,0,0,1,0
641,1,1,24.0,0,0,69.3,0,1,0,0,1
642,3,1,2.0,3,2,27.9,0,0,0,1,0
643,3,0,28.0,0,0,56.4958,0,0,0,1,1
644,3,1,0.75,2,1,19.2583,0,1,0,0,1
645,1,0,48.0,1,0,76.7292,0,1,0,0,1
646,3,0,19.0,0,0,7.8958,0,0,0,1,0
647,1,0,56.0,0,0,35.5,0,1,0,0,1
648,3,0,28.0,0,0,7.55,0,0,0,1,0
649,3,1,23.0,0,0,7.55,0,0,0,1,1
650,3,0,28.0,0,0,7.8958,0,0,0,1,0
651,2,1,18.0,0,1,23.0,0,0,0,1,1
652,3,0,21.0,0,0,8.4333,0,0,0,1,0
653,3,1,28.0,0,0,7.8292,0,0,1,0,1
654,3,1,18.0,0,0,6.75,0,0,1,0,0
655,2,0,24.0,2,0,73.5,0,0,0,1,0
656,3,0,28.0,0,0,7.8958,0,0,0,1,0
657,3,1,32.0,1,1,15.5,0,0,1,0,0
658,2,0,23.0,0,0,13.0,0,0,0,1,0
659,1,0,58.0,0,2,113.275,0,1,0,0,0
660,1,0,50.0,2,0,133.65,0,0,0,1,1
661,3,0,40.0,0,0,7.225,0,1,0,0,0
662,1,0,47.0,0,0,25.5875,0,0,0,1,0
663,3,0,36.0,0,0,7.4958,0,0,0,1,0
664,3,0,20.0,1,0,7.925,0,0,0,1,1
665,2,0,32.0,2,0,73.5,0,0,0,1,0
666,2,0,25.0,0,0,13.0,0,0,0,1,0
667,3,0,28.0,0,0,7.775,0,0,0,1,0
668,3,0,43.0,0,0,8.05,0,0,0,1,0
669,1,1,28.0,1,0,52.0,0,0,0,1,1
670,2,1,40.0,1,1,39.0,0,0,0,1,1
671,1,0,31.0,1,0,52.0,0,0,0,1,0
672,2,0,70.0,0,0,10.5,0,0,0,1,0
673,2,0,31.0,0,0,13.0,0,0,0,1,1
674,2,0,28.0,0,0,0.0,0,0,0,1,0
675,3,0,18.0,0,0,7.775,0,0,0,1,0
676,3,0,24.5,0,0,8.05,0,0,0,1,0
677,3,1,18.0,0,0,9.8417,0,0,0,1,1
678,3,1,43.0,1,6,46.9,0,0,0,1,0
679,1,0,36.0,0,1,512.3292,0,1,0,0,1
680,3,1,28.0,0,0,8.1375,0,0,1,0,0
681,1,0,27.0,0,0,76.7292,0,1,0,0,1
682,3,0,20.0,0,0,9.225,0,0,0,1,0
683,3,0,14.0,5,2,46.9,0,0,0,1,0
684,2,0,60.0,1,1,39.0,0,0,0,1,0
685,2,0,25.0,1,2,41.5792,0,1,0,0,0
686,3,0,14.0,4,1,39.6875,0,0,0,1,0
687,3,0,19.0,0,0,10.1708,0,0,0,1,0
688,3,0,18.0,0,0,7.7958,0,0,0,1,0
689,1,1,15.0,0,1,211.3375,0,0,0,1,1
690,1,0,31.0,1,0,57.0,0,0,0,1,1
691,3,1,4.0,0,1,13.4167,0,1,0,0,1
692,3,0,28.0,0,0,56.4958,0,0,0,1,1
693,3,0,25.0,0,0,7.225,0,1,0,0,0
694,1,0,60.0,0,0,26.55,0,0,0,1,0
695,2,0,52.0,0,0,13.5,0,0,0,1,0
696,3,0,44.0,0,0,8.05,0,0,0,1,0
697,3,1,28.0,0,0,7.7333,0,0,1,0,1
698,1,0,49.0,1,1,110.8833,0,1,0,0,0
699,3,0,42.0,0,0,7.65,0,0,0,1,0
700,1,1,18.0,1,0,227.525,0,1,0,0,1
701,1,0,35.0,0,0,26.2875,0,0,0,1,1
702,3,1,18.0,0,1,14.4542,0,1,0,0,0
703,3,0,25.0,0,0,7.7417,0,0,1,0,0
704,3,0,26.0,1,0,7.8542,0,0,0,1,0
705,2,0,39.0,0,0,26.0,0,0,0,1,0
706,2,1,45.0,0,0,13.5,0,0,0,1,1
707,1,0,42.0,0,0,26.2875,0,0,0,1,1
708,1,1,22.0,0,0,151.55,0,0,0,1,1
709,3,0,28.0,1,1,15.2458,0,1,0,0,1
710,1,1,24.0,0,0,49.5042,0,1,0,0,1
711,1,0,28.0,0,0,26.55,0,0,0,1,0
712,1,0,48.0,1,0,52.0,0,0,0,1,1
713,3,0,29.0,0,0,9.4833,0,0,0,1,0
714,2,0,52.0,0,0,13.0,0,0,0,1,0
715,3,0,19.0,0,0,7.65,0,0,0,1,0
716,1,1,38.0,0,0,227.525,0,1,0,0,1
717,2,1,27.0,0,0,10.5,0,0,0,1,1
718,3,0,28.0,0,0,15.5,0,0,1,0,0
719,3,0,33.0,0,0,7.775,0,0,0,1,0
720,2,1,6.0,0,1,33.0,0,0,0,1,1
721,3,0,17.0,1,0,7.0542,0,0,0,1,0
722,2,0,34.0,0,0,13.0,0,0,0,1,0
723,2,0,50.0,0,0,13.0,0,0,0,1,0
724,1,0,27.0,1,0,53.1,0,0,0,1,1
725,3,0,20.0,0,0,8.6625,0,0,0,1,0
726,2,1,30.0,3,0,21.0,0,0,0,1,1
727,3,1,28.0,0,0,7.7375,0,0,1,0,1
728,2,0,25.0,1,0,26.0,0,0,0,1,0
729,3,1,25.0,1,0,7.925,0,0,0,1,0
730,1,1,29.0,0,0,211.3375,0,0,0,1,1
731,3,0,11.0,0,0,18.7875,0,1,0,0,0
732,2,0,28.0,0,0,0.0,0,0,0,1,0
733,2,0,23.0,0,0,13.0,0,0,0,1,0
734,2,0,23.0,0,0,13.0,0,0,0,1,0
735,3,0,28.5,0,0,16.1,0,0,0,1,0
736,3,1,48.0,1,3,34.375,0,0,0,1,0
737,1,0,35.0,0,0,512.3292,0,1,0,0,1
738,3,0,28.0,0,0,7.8958,0,0,0,1,0
739,3,0,28.0,0,0,7.8958,0,0,0,1,0
740,1,0,28.0,0,0,30.0,0,0,0,1,1
741,1,0,36.0,1,0,78.85,0,0,0,1,0
742,1,1,21.0,2,2,262.375,0,1,0,0,1
743,3,0,24.0,1,0,16.1,0,0,0,1,0
744,3,0,31.0,0,0,7.925,0,0,0,1,1
745,1,0,70.0,1,1,71.0,0,0,0,1,0
746,3,0,16.0,1,1,20.25,0,0,0,1,0
747,2,1,30.0,0,0,13.0,0,0,0,1,1
748,1,0,19.0,1,0,53.1,0,0,0,1,0
749,3,0,31.0,0,0,7.75,0,0,1,0,0
750,2,1,4.0,1,1,23.0,0,0,0,1,1
751,3,0,6.0,0,1,12.475,0,0,0,1,1
752,3,0,33.0,0,0,9.5,0,0,0,1,0
753,3,0,23.0,0,0,7.8958,0,0,0,1,0
754,2,1,48.0,1,2,65.0,0,0,0,1,1
755,2,0,0.67,1,1,14.5,0,0,0,1,1
756,3,0,28.0,0,0,7.7958,0,0,0,1,0
757,2,0,18.0,0,0,11.5,0,0,0,1,0
758,3,0,34.0,0,0,8.05,0,0,0,1,0
759,1,1,33.0,0,0,86.5,0,0,0,1,1
760,3,0,28.0,0,0,14.5,0,0,0,1,0
761,3,0,41.0,0,0,7.125,0,0,0,1,0
762,3,0,20.0,0,0,7.2292,0,1,0,0,1
763,1,1,36.0,1,2,120.0,0,0,0,1,1
764,3,0,16.0,0,0,7.775,0,0,0,1,0
765,1,1,51.0,1,0,77.9583,0,0,0,1,1
766,1,0,28.0,0,0,39.6,0,1,0,0,0
767,3,1,30.5,0,0,7.75,0,0,1,0,0
768,3,0,28.0,1,0,24.15,0,0,1,0,0
769,3,0,32.0,0,0,8.3625,0,0,0,1,0
770,3,0,24.0,0,0,9.5,0,0,0,1,0
771,3,0,48.0,0,0,7.8542,0,0,0,1,0
772,2,1,57.0,0,0,10.5,0,0,0,1,0
773,3,0,28.0,0,0,7.225,0,1,0,0,0
774,2,1,54.0,1,3,23.0,0,0,0,1,1
775,3,0,18.0,0,0,7.75,0,0,0,1,0
776,3,0,28.0,0,0,7.75,0,0,1,0,0
777,3,1,5.0,0,0,12.475,0,0,0,1,1
778,3,0,28.0,0,0,7.7375,0,0,1,0,0
779,1,1,43.0,0,1,211.3375,0,0,0,1,1
780,3,1,13.0,0,0,7.2292,0,1,0,0,1
781,1,1,17.0,1,0,57.0,0,0,0,1,1
782,1,0,29.0,0,0,30.0,0,0,0,1,0
783,3,0,28.0,1,2,23.45,0,0,0,1,0
784,3,0,25.0,0,0,7.05,0,0,0,1,0
785,3,0,25.0,0,0,7.25,0,0,0,1,0
786,3,1,18.0,0,0,7.4958,0,0,0,1,1
787,3,0,8.0,4,1,29.125,0,0,1,0,0
788,3,0,1.0,1,2,20.575,0,0,0,1,1
789,1,0,46.0,0,0,79.2,0,1,0,0,0
790,3,0,28.0,0,0,7.75,0,0,1,0,0
791,2,0,16.0,0,0,26.0,0,0,0,1,0
792,3,1,28.0,8,2,69.55,0,0,0,1,0
793,1,0,28.0,0,0,30.6958,0,1,0,0,0
794,3,0,25.0,0,0,7.8958,0,0,0,1,0
795,2,0,39.0,0,0,13.0,0,0,0,1,0
796,1,1,49.0,0,0,25.9292,0,0,0,1,1
797,3,1,31.0,0,0,8.6833,0,0,0,1,1
798,3,0,30.0,0,0,7.2292,0,1,0,0,0
799,3,1,30.0,1,1,24.15,0,0,0,1,0
800,2,0,34.0,0,0,13.0,0,0,0,1,0
801,2,1,31.0,1,1,26.25,0,0,0,1,1
802,1,0,11.0,1,2,120.0,0,0,0,1,1
803,3,0,0.42,0,1,8.5167,0,1,0,0,1
804,3,0,27.0,0,0,6.975,0,0,0,1,1
805,3,0,31.0,0,0,7.775,0,0,0,1,0
806,1,0,39.0,0,0,0.0,0,0,0,1,0
807,3,1,18.0,0,0,7.775,0,0,0,1,0
808,2,0,39.0,0,0,13.0,0,0,0,1,0
809,1,1,33.0,1,0,53.1,0,0,0,1,1
810,3,0,26.0,0,0,7.8875,0,0,0,1,0
811,3,0,39.0,0,0,24.15,0,0,0,1,0
812,2,0,35.0,0,0,10.5,0,0,0,1,0
813,3,1,6.0,4,2,31.275,0,0,0,1,0
814,3,0,30.5,0,0,8.05,0,0,0,1,0
815,1,0,28.0,0,0,0.0,0,0,0,1,0
816,3,1,23.0,0,0,7.925,0,0,0,1,0
817,2,0,31.0,1,1,37.0042,0,1,0,0,0
818,3,0,43.0,0,0,6.45,0,0,0,1,0
819,3,0,10.0,3,2,27.9,0,0,0,1,0
820,1,1,52.0,1,1,93.5,0,0,0,1,1
821,3,0,27.0,0,0,8.6625,0,0,0,1,1
822,1,0,38.0,0,0,0.0,0,0,0,1,0
823,3,1,27.0,0,1,12.475,0,0,0,1,1
824,3,0,2.0,4,1,39.6875,0,0,0,1,0
825,3,0,28.0,0,0,6.95,0,0,1,0,0
826,3,0,28.0,0,0,56.4958,0,0,0,1,0
827,2,0,1.0,0,2,37.0042,0,1,0,0,1
828,3,0,28.0,0,0,7.75,0,0,1,0,1
829,1,1,62.0,0,0,80.0,1,0,0,0,1
830,3,1,15.0,1,0,14.4542,0,1,0,0,1
831,2,0,0.83,1,1,18.75,0,0,0,1,1
832,3,0,28.0,0,0,7.2292,0,1,0,0,0
833,3,0,23.0,0,0,7.8542,0,0,0,1,0
834,3,0,18.0,0,0,8.3,0,0,0,1,0
835,1,1,39.0,1,1,83.1583,0,1,0,0,1
836,3,0,21.0,0,0,8.6625,0,0,0,1,0
837,3,0,28.0,0,0,8.05,0,0,0,1,0
838,3,0,32.0,0,0,56.4958,0,0,0,1,1
839,1,0,28.0,0,0,29.7,0,1,0,0,1
840,3,0,20.0,0,0,7.925,0,0,0,1,0
841,2,0,16.0,0,0,10.5,0,0,0,1,0
842,1,1,30.0,0,0,31.0,0,1,0,0,1
843,3,0,34.5,0,0,6.4375,0,1,0,0,0
844,3,0,17.0,0,0,8.6625,0,0,0,1,0
845,3,0,42.0,0,0,7.55,0,0,0,1,0
846,3,0,28.0,8,2,69.55,0,0,0,1,0
847,3,0,35.0,0,0,7.8958,0,1,0,0,0
848,2,0,28.0,0,1,33.0,0,0,0,1,0
849,1,1,28.0,1,0,89.1042,0,1,0,0,1
850,3,0,4.0,4,2,31.275,0,0,0,1,0
851,3,0,74.0,0,0,7.775,0,0,0,1,0
852,3,1,9.0,1,1,15.2458,0,1,0,0,0
853,1,1,16.0,0,1,39.4,0,0,0,1,1
854,2,1,44.0,1,0,26.0,0,0,0,1,0
855,3,1,18.0,0,1,9.35,0,0,0,1,1
856,1,1,45.0,1,1,164.8667,0,0,0,1,1
857,1,0,51.0,0,0,26.55,0,0,0,1,1
858,3,1,24.0,0,3,19.2583,0,1,0,0,1
859,3,0,28.0,0,0,7.2292,0,1,0,0,0
860,3,0,41.0,2,0,14.1083,0,0,0,1,0
861,2,0,21.0,1,0,11.5,0,0,0,1,0
862,1,1,48.0,0,0,25.9292,0,0,0,1,1
863,3,1,28.0,8,2,69.55,0,0,0,1,0
864,2,0,24.0,0,0,13.0,0,0,0,1,0
865,2,1,42.0,0,0,13.0,0,0,0,1,1
866,2,1,27.0,1,0,13.8583,0,1,0,0,1
867,1,0,31.0,0,0,50.4958,0,0,0,1,0
868,3,0,28.0,0,0,9.5,0,0,0,1,0
869,3,0,4.0,1,1,11.1333,0,0,0,1,1
870,3,0,26.0,0,0,7.8958,0,0,0,1,0
871,1,1,47.0,1,1,52.5542,0,0,0,1,1
872,1,0,33.0,0,0,5.0,0,0,0,1,0
873,3,0,47.0,0,0,9.0,0,0,0,1,0
874,2,1,28.0,1,0,24.0,0,1,0,0,1
875,3,1,15.0,0,0,7.225,0,1,0,0,1
876,3,0,20.0,0,0,9.8458,0,0,0,1,0
877,3,0,19.0,0,0,7.8958,0,0,0,1,0
878,3,0,28.0,0,0,7.8958,0,0,0,1,0
879,1,1,56.0,0,1,83.1583,0,1,0,0,1
880,2,1,25.0,0,1,26.0,0,0,0,1,1
881,3,0,33.0,0,0,7.8958,0,0,0,1,0
882,3,1,22.0,0,0,10.5167,0,0,0,1,0
883,2,0,28.0,0,0,10.5,0,0,0,1,0
884,3,0,25.0,0,0,7.05,0,0,0,1,0
885,3,1,39.0,0,5,29.125,0,0,1,0,0
886,2,0,27.0,0,0,13.0,0,0,0,1,0
887,1,1,19.0,0,0,30.0,0,0,0,1,1
888,3,1,28.0,1,2,23.45,0,0,0,1,0
889,1,0,26.0,0,0,30.0,0,1,0,0,1
890,3,0,32.0,0,0,7.75,0,0,1,0,0
