,Player,Pos,Age,Tm,G,GS,MP,FG,FGA,FG%,3P,3PA,3P%,2P,2PA,2P%,FT,FTA,FT%,ORB,DRB,TRB,AST,STL,BLK,TOV,PF,PTS,,ORtg,DRtg
0,Steven Adams,C,26,OKC,63,63,1680,8.2,13.8,.592,0.0,0.1,.333,8.2,13.7,.594,3.4,5.8,.582,6.0,10.9,16.9,4.2,1.5,1.9,2.7,3.5,19.8,,122,106
1,Bam Adebayo,PF,22,MIA,72,72,2417,8.9,16.0,.557,0.0,0.3,.143,8.8,15.7,.564,5.3,7.7,.691,3.6,11.3,14.8,7.4,1.7,1.9,4.1,3.7,23.1,,116,106
2,LaMarcus Aldridge,C,34,SAS,53,53,1754,10.7,21.6,.493,1.7,4.3,.389,9.0,17.3,.519,4.3,5.2,.827,2.8,7.9,10.7,3.5,1.0,2.4,2.0,3.5,27.3,,115,112
3,Kyle Alexander,PF,23,MIA,2,0,13,3.8,7.5,.500,0.0,0.0,,3.8,7.5,.500,0.0,0.0,,7.5,3.8,11.3,0.0,0.0,0.0,3.8,3.8,7.5,,96,116
4,Nickeil Alexander-Walker,SG,21,NOP,47,1,591,7.7,20.8,.368,3.6,10.4,.346,4.1,10.4,.391,2.0,2.9,.676,0.7,5.9,6.6,7.0,1.3,0.6,4.2,4.5,20.9,,93,113
5,Grayson Allen,SG,24,MEM,38,0,718,7.6,16.3,.466,3.7,9.2,.404,3.9,7.2,.545,2.5,2.9,.867,0.5,5.0,5.5,3.4,0.7,0.1,2.1,3.4,21.5,,114,115
6,Jarrett Allen,C,21,BRK,70,64,1852,7.7,11.9,.649,0.0,0.2,.000,7.7,11.7,.658,4.4,6.9,.633,5.5,11.6,17.1,2.8,1.0,2.4,2.0,4.1,19.8,,132,106
7,Kadeem Allen,SG,27,NYK,10,0,117,7.9,18.3,.432,2.1,6.7,.313,5.8,11.7,.500,2.9,4.6,.636,0.8,2.9,3.7,8.7,2.1,0.8,3.3,2.9,20.8,,106,114
8,Al-Farouq Aminu,PF,29,ORL,18,2,380,3.2,11.0,.291,1.2,4.6,.250,2.0,6.4,.320,2.4,3.7,.655,3.1,8.1,11.1,2.7,2.3,1.0,2.2,3.5,10.0,,88,108
9,Justin Anderson,SF,26,BRK,10,1,107,4.4,16.8,.263,2.7,12.8,.207,1.8,4.0,.444,0.9,1.8,.500,0.4,8.8,9.3,3.5,0.0,2.7,1.8,5.7,12.4,,78,109
10,Kyle Anderson,PF,26,MEM,67,28,1330,5.5,11.6,.474,0.8,3.0,.282,4.7,8.6,.541,1.8,2.7,.667,2.0,8.0,10.0,5.7,1.9,1.3,2.3,3.9,13.7,,109,109
11,Ryan Anderson,C,31,HOU,2,0,14,6.6,23.1,.286,3.3,16.5,.200,3.3,6.6,.500,0.0,0.0,,0.0,23.1,23.1,6.6,3.3,0.0,3.3,3.3,16.5,,78,98
12,Giannis Antetokounmpo,PF,25,MIL,63,63,1917,16.3,29.5,.553,2.1,7.0,.304,14.2,22.5,.631,9.5,15.0,.633,3.3,17.1,20.4,8.4,1.5,1.6,5.5,4.6,44.2,,116,97
13,Kostas Antetokounmpo,PF,22,LAL,5,0,20,7.1,7.1,1.000,0.0,0.0,,7.1,7.1,1.000,2.4,4.8,.500,4.8,2.4,7.1,4.8,0.0,0.0,2.4,4.8,16.6,,153,115
14,Thanasis Antetokounmpo,SF,27,MIL,20,2,129,8.5,17.0,.500,0.0,3.5,.000,8.5,13.5,.632,2.5,6.0,.412,4.2,4.2,8.5,5.3,2.5,0.7,4.2,6.4,19.5,,98,103
15,Carmelo Anthony,PF,35,POR,58,58,1902,8.4,19.6,.430,2.2,5.7,.385,6.2,13.9,.448,3.4,4.0,.845,1.8,7.4,9.2,2.1,1.2,0.7,2.5,4.3,22.4,,104,115
16,OG Anunoby,SF,22,TOR,69,68,2066,6.6,13.0,.505,2.0,5.2,.390,4.5,7.8,.583,1.7,2.3,.706,1.8,6.5,8.4,2.5,2.2,1.0,1.8,3.8,16.9,,114,104
17,Ryan Arcidiacono,PG,25,CHI,58,4,930,4.7,11.4,.409,2.8,7.1,.391,1.9,4.2,.439,1.4,2.0,.711,1.0,4.7,5.7,5.0,1.4,0.2,1.9,5.0,13.5,,111,113
18,Trevor Ariza,SF,34,TOT,53,21,1493,4.6,10.4,.438,2.5,6.7,.372,2.1,3.8,.556,2.0,2.4,.838,1.1,6.8,7.9,2.9,2.2,0.5,1.8,3.6,13.6,,114,112
19,Trevor Ariza,SF,34,SAC,32,0,791,3.9,10.1,.388,2.6,7.5,.352,1.3,2.6,.488,1.3,1.7,.778,1.3,7.7,9.0,3.1,2.1,0.4,1.7,3.9,11.8,,108,111
20,Trevor Ariza,SF,34,POR,21,21,702,5.3,10.8,.491,2.3,5.8,.400,3.0,5.0,.595,2.8,3.2,.872,0.9,5.9,6.8,2.8,2.3,0.5,1.9,3.3,15.7,,121,114
21,D.J. Augustin,PG,32,ORL,57,13,1420,6.3,15.8,.399,2.4,6.9,.348,3.9,8.9,.438,5.5,6.2,.890,0.8,3.4,4.2,9.0,1.2,0.0,2.9,2.5,20.5,,114,114
22,,,,,,,,,,,,,,,,,,,,,,,,,,,,,,,
23,Deandre Ayton,C,21,PHO,38,32,1236,11.9,21.8,.546,0.1,0.5,.231,11.8,21.3,.553,2.6,3.4,.753,5.6,11.1,16.7,2.8,1.0,2.2,3.1,4.5,26.4,,111,108
24,Dwayne Bacon,SG,24,CHO,39,11,687,6.2,17.8,.348,1.4,4.9,.284,4.8,12.9,.373,2.6,3.9,.660,1.1,6.2,7.3,3.8,1.7,0.1,2.7,3.8,16.3,,86,114
25,Marvin Bagley III,PF,20,SAC,13,6,334,11.3,24.3,.467,0.6,3.2,.182,10.7,21.1,.510,3.6,4.5,.806,4.2,9.9,14.1,1.5,0.9,1.7,2.6,6.2,26.9,,102,111
26,Lonzo Ball,PG,22,NOP,63,54,2025,6.3,15.7,.403,3.4,9.0,.375,2.9,6.7,.442,1.0,1.7,.566,1.6,7.1,8.8,10.0,2.0,0.9,4.4,2.9,17.0,,103,111
27,Mo Bamba,C,21,ORL,62,0,878,7.3,15.9,.462,2.1,5.9,.346,5.3,9.9,.531,1.7,2.6,.674,5.5,11.2,16.7,2.3,1.3,4.8,2.3,6.4,18.4,,111,103
28,J.J. Barea,PG,35,DAL,29,6,450,9.1,22.2,.411,3.4,9.1,.376,5.7,13.1,.434,2.1,2.4,.909,1.1,4.6,5.7,12.0,0.5,0.2,4.1,2.9,23.8,,109,116
29,Harrison Barnes,PF,27,SAC,72,72,2482,7.1,15.5,.460,2.0,5.2,.381,5.1,10.3,.501,4.2,5.2,.801,1.5,5.4,6.9,3.1,0.8,0.2,1.7,1.8,20.4,,116,116
30,RJ Barrett,SG,19,NYK,56,55,1704,8.3,20.8,.402,1.8,5.6,.320,6.5,15.1,.432,4.5,7.3,.614,1.4,6.5,8.0,4.1,1.6,0.5,3.5,3.5,22.9,,95,114
31,Will Barton,SF,29,DEN,58,58,1916,8.6,19.0,.450,2.8,7.4,.375,5.8,11.6,.498,2.6,3.4,.767,2.0,7.5,9.4,5.5,1.6,0.7,2.3,3.1,22.5,,113,111
32,Keita Bates-Diop,SF,24,TOT,44,0,744,6.3,14.7,.427,2.1,6.5,.330,4.2,8.2,.504,3.4,4.7,.720,1.6,6.4,8.0,1.9,1.2,1.5,1.1,2.7,18.1,,111,113
33,Keita Bates-Diop,SF,24,MIN,37,0,646,6.3,14.8,.422,2.2,6.8,.330,4.0,8.0,.500,3.3,4.7,.708,1.5,6.4,7.9,2.2,1.2,1.4,1.0,2.6,18.0,,111,113
34,Keita Bates-Diop,SF,24,DEN,7,0,98,6.6,14.1,.464,1.5,4.5,.333,5.0,9.6,.526,4.0,5.0,.800,2.0,6.6,8.6,0.0,1.0,2.0,1.5,3.5,18.7,,111,111
35,Nicolas Batum,SF,31,CHO,22,3,505,2.8,8.0,.346,1.4,4.9,.286,1.4,3.2,.438,0.9,1.0,.900,2.5,7.4,9.9,6.5,1.7,0.8,2.2,4.1,7.8,,107,112
36,Aron Baynes,C,33,PHO,42,28,934,9.3,19.3,.480,3.0,8.5,.351,6.3,10.8,.582,2.8,3.8,.747,3.6,8.4,12.0,3.4,0.5,1.2,2.5,7.2,24.4,,113,112
37,Kent Bazemore,SF-SG,30,TOT,68,21,1688,5.7,15.2,.375,2.4,6.9,.344,3.3,8.2,.400,3.2,4.2,.769,0.8,7.6,8.4,2.6,2.1,1.1,2.6,5.6,17.0,,96,112
38,Kent Bazemore,SF,30,POR,43,21,1111,4.8,14.0,.347,2.4,7.3,.327,2.4,6.6,.368,2.5,3.1,.806,0.6,6.8,7.4,2.6,1.9,1.3,2.6,5.2,14.6,,92,113
39,Kent Bazemore,SG,30,SAC,25,0,577,7.3,17.5,.418,2.4,6.1,.384,5.0,11.4,.437,4.6,6.3,.733,1.2,9.1,10.3,2.7,2.4,0.8,2.6,6.3,21.6,,103,109
40,Darius Bazley,PF,19,OKC,61,9,1130,5.4,13.6,.394,2.1,6.1,.348,3.3,7.6,.432,1.8,2.7,.694,1.3,9.3,10.6,1.8,1.0,1.8,1.9,2.4,14.7,,96,108
41,Bradley Beal,SG,26,WAS,57,57,2053,13.5,29.7,.455,3.9,11.0,.353,9.6,18.7,.515,8.8,10.4,.842,1.2,4.3,5.5,7.9,1.6,0.5,4.4,2.9,39.6,,113,117
42,Malik Beasley,SG,23,TOT,55,14,1209,9.1,21.3,.425,4.3,11.0,.388,4.8,10.3,.465,2.2,2.6,.818,0.7,5.2,5.9,3.0,1.6,0.3,2.3,3.1,24.5,,105,114
43,Malik Beasley,SG,23,DEN,41,0,746,7.8,19.9,.389,3.8,10.7,.360,3.9,9.3,.421,2.2,2.5,.868,0.6,4.5,5.1,3.2,2.1,0.4,2.4,3.3,21.5,,100,112
44,Malik Beasley,SG,23,MIN,14,14,463,11.0,23.4,.472,4.9,11.5,.426,6.1,11.8,.517,2.1,2.8,.750,0.9,6.2,7.1,2.7,0.9,0.2,2.1,2.7,29.1,,111,115
45,Marco Belinelli,SG,33,SAS,57,0,883,6.7,17.0,.392,3.6,9.6,.376,3.0,7.4,.412,2.6,3.1,.828,0.4,5.0,5.4,3.7,0.6,0.1,1.0,2.4,19.5,,110,118
46,Jordan Bell,C-PF,25,TOT,29,0,256,6.4,12.2,.522,0.7,2.2,.333,5.6,10.0,.564,3.4,5.6,.613,5.4,9.3,14.7,2.9,0.5,1.8,3.8,3.4,16.9,,108,112
47,Jordan Bell,C,25,MIN,27,0,235,6.3,11.9,.533,0.4,1.8,.222,5.9,10.1,.588,3.4,5.7,.586,5.5,9.9,15.4,2.8,0.4,2.0,3.6,3.4,16.4,,108,112
48,Jordan Bell,PF,25,MEM,2,0,21,6.7,15.6,.429,4.4,6.7,.667,2.2,8.9,.250,4.4,4.4,1.000,4.4,2.2,6.7,4.4,2.2,0.0,6.7,4.4,22.2,,103,113
49,DeAndre' Bembry,SG,25,ATL,43,4,915,5.3,11.6,.456,0.8,3.3,.231,4.5,8.3,.546,1.3,2.4,.542,1.7,6.0,7.7,4.1,2.8,1.0,3.1,4.3,12.7,,95,112
50,Dragan Bender,SF,22,TOT,16,3,286,6.8,15.2,.446,2.5,7.1,.349,4.3,8.1,.531,1.6,2.3,.714,2.6,9.4,12.0,4.6,0.7,1.5,3.5,6.9,17.6,,102,110
51,Dragan Bender,SF,22,MIL,7,0,91,5.0,10.5,.476,2.0,4.5,.444,3.0,6.0,.500,1.0,1.5,.667,0.0,10.0,10.0,4.5,0.0,2.5,2.5,8.0,13.0,,105,103
52,Dragan Bender,SF,22,GSW,9,3,195,7.6,17.4,.437,2.7,8.3,.324,4.9,9.1,.541,2.0,2.7,.727,3.9,9.1,13.0,4.7,1.0,1.0,3.9,6.4,19.9,,101,114
53,,,,,,,,,,,,,,,,,,,,,,,,,,,,,,,
54,Dāvis Bertāns,PF,27,WAS,54,4,1583,7.8,18.0,.434,5.9,13.9,.424,1.9,4.1,.471,3.1,3.6,.852,1.0,6.2,7.2,2.7,1.1,1.0,1.7,4.1,24.6,,120,116
55,Patrick Beverley,PG,31,LAC,51,50,1342,5.2,12.0,.431,2.8,7.3,.388,2.4,4.8,.496,1.1,1.7,.660,2.0,7.4,9.4,6.4,1.9,0.9,2.3,5.5,14.3,,116,107
56,Khem Birch,C,27,ORL,48,24,922,3.9,7.6,.510,0.0,0.1,.000,3.9,7.5,.514,3.5,5.3,.653,4.8,6.8,11.6,2.6,1.1,1.2,1.6,4.8,11.2,,121,111
57,Goga Bitadze,C,20,IND,54,2,471,7.2,15.5,.467,0.8,4.3,.190,6.4,11.1,.574,2.5,3.4,.727,2.6,8.3,10.9,2.4,1.0,3.8,2.9,6.7,17.7,,99,105
58,Bismack Biyombo,C,27,CHO,53,29,1029,7.4,13.5,.543,0.0,0.0,,7.4,13.5,.543,4.4,7.4,.603,5.8,9.2,15.0,2.4,0.5,2.4,2.3,5.6,19.1,,116,112
59,Nemanja Bjelica,PF,31,SAC,72,67,2011,7.6,15.8,.481,3.2,7.7,.419,4.3,8.0,.541,1.7,2.0,.821,2.7,8.4,11.0,4.9,1.5,1.0,2.4,5.2,20.0,,119,111
60,Eric Bledsoe,PG,30,MIL,61,61,1646,9.3,19.5,.475,2.1,6.0,.344,7.2,13.5,.533,4.7,5.9,.790,1.2,6.6,7.8,9.1,1.6,0.7,4.1,3.6,25.3,,112,104
61,Bogdan Bogdanović,SG,27,SAC,61,28,1766,9.3,21.0,.440,4.5,12.1,.372,4.8,8.9,.532,2.4,3.2,.741,0.7,5.0,5.7,5.7,1.8,0.4,2.8,3.7,25.4,,110,113
62,Bojan Bogdanović,SF,30,UTA,63,63,2083,9.8,21.8,.447,4.4,10.7,.414,5.4,11.2,.479,5.8,6.5,.903,0.9,5.1,6.1,3.1,0.8,0.2,3.7,2.6,29.8,,111,113
63,Bol Bol,SF,20,DEN,7,0,87,8.0,15.9,.500,2.3,5.1,.444,5.7,10.8,.526,4.5,5.7,.800,2.8,8.0,10.8,3.4,1.1,3.4,5.7,6.2,22.7,,102,108
64,Jonah Bolden,PF,24,TOT,7,0,47,4.1,11.2,.364,0.0,4.1,.000,4.1,7.1,.571,2.0,4.1,.500,3.0,6.1,9.1,0.0,3.0,2.0,2.0,10.1,10.1,,80,106
65,Jonah Bolden,PF,24,PHI,4,0,14,6.9,10.4,.667,0.0,3.5,.000,6.9,6.9,1.000,0.0,6.9,.000,0.0,3.5,3.5,0.0,3.5,0.0,6.9,13.8,13.8,,57,108
66,Jonah Bolden,PF,24,PHO,3,0,33,2.9,11.5,.250,0.0,4.3,.000,2.9,7.2,.400,2.9,2.9,1.000,4.3,7.2,11.5,0.0,2.9,2.9,0.0,8.6,8.6,,94,105
67,Marques Bolden,C,21,CLE,1,0,3,0.0,0.0,,0.0,0.0,,0.0,0.0,,0.0,0.0,,0.0,32.4,32.4,0.0,16.2,0.0,0.0,16.2,0.0,,,69
68,Jordan Bone,PG,22,DET,10,0,53,4.6,18.6,.250,1.9,9.3,.200,2.8,9.3,.300,0.0,0.0,,0.0,3.7,3.7,7.4,0.9,0.0,1.9,5.6,11.1,,76,117
69,Isaac Bonga,SF,20,WAS,66,49,1250,4.4,8.8,.504,0.9,2.7,.352,3.5,6.1,.571,2.6,3.2,.812,2.7,5.6,8.3,2.8,1.7,0.8,2.2,5.8,12.3,,116,116
70,Devin Booker,SG,23,PHO,70,70,2512,11.8,24.2,.489,2.7,7.5,.354,9.2,16.7,.549,8.8,9.6,.919,0.5,5.1,5.6,8.6,0.9,0.3,5.0,4.0,35.1,,115,114
71,Chris Boucher,PF,27,TOR,62,0,819,8.2,17.4,.472,2.2,6.9,.322,6.0,10.5,.569,5.3,6.7,.784,6.2,9.9,16.1,1.5,1.3,3.5,1.6,6.6,23.9,,124,101
72,Brian Bowen,SG,21,IND,6,1,31,4.7,15.7,.300,0.0,3.1,.000,4.7,12.5,.375,0.0,0.0,,1.6,9.4,11.0,0.0,0.0,1.6,1.6,4.7,9.4,,62,109
73,Ky Bowman,PG,22,GSW,45,12,1015,6.3,15.1,.417,1.6,5.0,.308,4.8,10.1,.472,1.6,1.9,.829,1.1,4.6,5.7,6.2,2.1,0.5,3.3,4.8,15.8,,96,115
74,Avery Bradley,SG,29,LAL,49,44,1186,6.8,15.4,.444,2.5,6.9,.364,4.3,8.4,.510,0.8,1.0,.833,0.7,3.9,4.6,2.5,1.7,0.2,1.9,4.4,17.0,,103,110
75,Tony Bradley,C,22,UTA,58,3,663,9.2,13.9,.667,0.2,0.2,1.000,9.0,13.7,.661,2.2,3.4,.652,8.1,11.5,19.6,1.7,1.0,2.4,2.2,8.4,20.9,,135,106
76,,,,,,,,,,,,,,,,,,,,,,,,,,,,,,,
77,Jarrell Brantley,PF,23,UTA,9,0,96,5.1,14.2,.357,1.5,6.6,.231,3.5,7.6,.467,0.5,1.0,.500,1.0,9.1,10.1,5.6,1.5,2.5,3.5,3.5,12.2,,85,106
78,Ignas Brazdeikis,SF,21,NYK,9,0,53,5.5,20.2,.273,0.9,8.3,.111,4.6,11.9,.385,3.7,4.6,.800,1.8,2.8,4.6,3.7,0.0,0.9,1.8,2.8,15.6,,82,119
79,Corey Brewer,SG,33,SAC,5,0,33,2.9,5.9,.500,0.0,1.5,.000,2.9,4.4,.667,1.5,4.4,.333,2.9,8.8,11.8,2.9,5.9,0.0,2.9,10.3,7.4,,91,102
80,Mikal Bridges,SF,23,PHO,73,32,2042,5.7,11.2,.510,1.6,4.5,.361,4.1,6.7,.610,2.4,2.8,.844,1.5,5.2,6.8,3.0,2.4,1.1,1.7,3.8,15.5,,119,110
81,Miles Bridges,SF,21,CHO,65,64,1995,8.0,18.9,.424,2.5,7.5,.330,5.5,11.4,.486,2.7,3.3,.809,2.2,6.9,9.1,2.9,1.0,1.2,2.4,3.3,21.2,,103,114
82,Oshae Brissett,SF,21,TOR,19,0,135,4.6,12.7,.361,1.1,5.3,.200,3.5,7.4,.476,2.8,3.5,.800,3.2,6.0,9.2,2.5,1.4,0.4,2.5,6.3,13.0,,96,107
83,Ryan Broekhoff,SG,29,DAL,17,1,180,5.9,15.8,.373,5.4,13.7,.392,0.5,2.1,.250,1.9,2.1,.875,1.3,10.2,11.5,3.0,1.3,1.1,1.6,4.0,19.1,,114,110
84,Malcolm Brogdon,PG,27,IND,54,54,1666,9.5,21.7,.438,2.2,6.7,.326,7.3,15.0,.488,4.8,5.4,.892,1.3,6.3,7.6,11.1,1.0,0.3,3.8,2.9,26.0,,111,111
85,Dillon Brooks,SG,24,MEM,73,73,2112,9.6,23.6,.407,3.2,9.1,.358,6.4,14.5,.438,3.6,4.5,.808,1.5,3.9,5.4,3.3,1.4,0.6,2.7,6.1,26.1,,100,113
86,Bruce Brown,SG,23,DET,58,43,1634,6.0,13.5,.443,1.0,2.9,.344,5.0,10.6,.470,2.6,3.6,.739,1.8,6.4,8.2,6.9,1.9,0.9,3.0,4.9,15.6,,106,112
87,Charlie Brown,SG,22,ATL,10,0,40,7.0,22.1,.316,3.5,10.5,.333,3.5,11.6,.300,5.8,5.8,1.000,2.3,2.3,4.7,2.3,2.3,2.3,3.5,3.5,23.3,,93,114
88,Jaylen Brown,SF,23,BOS,57,57,1934,10.7,22.1,.481,3.2,8.4,.382,7.4,13.7,.543,4.4,6.1,.724,1.5,7.5,9.1,2.9,1.6,0.5,3.1,4.2,28.9,,110,108
89,Moses Brown,C,20,POR,9,0,33,5.8,14.4,.400,0.0,0.0,,5.8,14.4,.400,4.3,11.6,.375,4.3,15.9,20.2,1.4,1.4,1.4,4.3,10.1,15.9,,81,108
90,Sterling Brown,SF,24,MIL,52,1,767,5.7,15.2,.371,2.6,8.1,.324,3.0,7.1,.425,1.9,2.4,.800,1.8,9.0,10.9,3.0,1.7,0.4,2.5,3.2,15.8,,97,103
91,Troy Brown Jr.,SG,20,WAS,69,22,1782,7.2,16.3,.439,1.6,4.7,.341,5.6,11.6,.479,2.9,3.6,.784,2.0,8.1,10.0,4.7,2.2,0.2,2.1,3.5,18.8,,109,114
92,Jalen Brunson,PG,23,DAL,57,16,1022,8.6,18.3,.466,2.0,5.7,.358,6.5,12.7,.515,2.9,3.5,.813,1.0,5.3,6.3,8.9,1.0,0.2,3.1,3.5,22.0,,114,114
93,Thomas Bryant,C,22,WAS,46,36,1147,9.9,17.0,.581,1.5,3.7,.407,8.4,13.3,.630,3.5,4.7,.741,4.0,9.5,13.5,3.4,1.0,2.0,2.2,4.2,24.8,,127,114
94,Reggie Bullock,SG,28,NYK,29,19,684,6.4,15.9,.402,2.6,7.9,.333,3.8,8.0,.469,1.2,1.5,.810,0.9,3.9,4.8,3.0,1.8,0.2,1.4,4.0,16.7,,105,115
95,Trey Burke,PG,27,TOT,33,1,520,8.8,19.5,.450,3.0,7.0,.427,5.8,12.5,.463,2.1,2.7,.793,1.5,3.2,4.7,7.7,1.5,0.2,2.0,3.1,22.6,,117,113
96,Trey Burke,PG,27,PHI,25,0,329,8.7,18.7,.465,2.4,5.6,.421,6.3,13.1,.483,1.9,2.7,.722,2.2,2.9,5.2,7.8,1.0,0.1,1.8,3.1,21.7,,119,114
97,Trey Burke,PG,27,DAL,8,1,191,8.9,20.7,.427,4.0,9.4,.432,4.8,11.4,.422,2.5,2.8,.909,0.3,3.5,3.8,7.6,2.3,0.3,2.3,3.0,24.3,,115,113
98,Alec Burks,SG,28,TOT,66,19,1754,8.8,21.0,.418,3.2,8.2,.385,5.6,12.8,.439,6.4,7.2,.887,1.3,6.4,7.7,5.2,1.7,0.5,2.5,3.5,27.2,,112,114
99,Alec Burks,SG,28,GSW,48,18,1390,8.4,20.7,.406,2.9,7.7,.375,5.5,13.0,.424,6.9,7.7,.897,1.3,6.5,7.8,5.2,1.7,0.6,2.6,3.7,26.6,,110,114
100,Alec Burks,SG,28,PHI,18,1,364,10.3,22.2,.461,4.3,10.3,.416,6.0,12.0,.500,4.5,5.5,.829,1.5,6.0,7.5,5.1,1.6,0.0,2.0,2.8,29.3,,120,111
101,,,,,,,,,,,,,,,,,,,,,,,,,,,,,,,
102,Deonte Burton,SG,26,OKC,39,0,356,5.9,17.1,.344,1.4,7.2,.189,4.5,9.8,.458,1.1,1.9,.571,1.0,6.8,7.8,2.3,1.0,1.4,2.6,4.6,14.2,,78,110
103,Jimmy Butler,SF,30,MIA,58,58,1959,8.6,18.9,.455,0.7,3.0,.244,7.9,15.9,.495,10.9,13.1,.834,2.6,7.0,9.6,8.7,2.6,0.8,3.2,2.0,28.8,,123,108
104,Bruno Caboclo,C,24,TOT,30,0,244,7.3,17.0,.427,1.1,6.3,.182,6.1,10.7,.571,1.5,1.7,.889,4.4,7.1,11.5,2.3,2.9,3.2,2.5,5.9,17.2,,100,105
105,Bruno Caboclo,C,24,MEM,22,0,192,6.8,16.8,.406,1.0,6.1,.160,5.8,10.7,.545,0.5,0.7,.667,4.1,6.6,10.7,2.4,2.4,2.9,1.7,5.6,15.1,,97,106
106,Bruno Caboclo,C,24,HOU,8,0,52,8.9,17.8,.500,1.8,7.1,.250,7.1,10.7,.667,5.3,5.3,1.000,5.3,8.9,14.2,1.8,4.4,4.4,5.3,7.1,24.9,,108,98
107,Devontae Cacok,C,23,LAL,1,0,9,15.8,31.7,.500,0.0,0.0,,15.8,31.7,.500,0.0,0.0,,10.6,15.8,26.4,5.3,0.0,0.0,0.0,0.0,31.7,,122,107
108,Kentavious Caldwell-Pope,SG,26,LAL,69,26,1762,6.4,13.7,.467,2.5,6.4,.385,3.9,7.2,.541,2.1,2.8,.775,1.0,2.8,3.8,3.0,1.5,0.4,1.7,3.5,17.4,,115,110
109,Vlatko Čančar,SF,22,DEN,14,0,45,6.6,16.5,.400,1.1,6.6,.167,5.5,9.9,.556,4.4,4.4,1.000,5.5,5.5,11.0,3.3,1.1,1.1,3.3,7.7,18.7,,106,113
110,Clint Capela,C,25,HOU,39,39,1279,8.8,14.0,.629,0.0,0.0,,8.8,14.0,.629,2.0,3.8,.529,6.1,13.4,19.4,1.7,1.2,2.6,2.3,3.7,19.6,,124,105
111,DeMarre Carroll,SF-PF,33,TOT,24,0,290,4.0,10.7,.379,1.3,5.3,.242,2.8,5.3,.515,4.7,6.8,.690,1.9,7.0,8.9,4.0,1.3,0.8,2.8,5.2,14.1,,103,113
112,DeMarre Carroll,SF,33,SAS,15,0,135,3.2,10.3,.310,1.1,4.6,.231,2.1,5.7,.375,4.2,7.1,.600,2.5,8.5,11.0,3.9,0.7,0.7,3.5,7.1,11.7,,88,115
113,DeMarre Carroll,PF,33,HOU,9,0,155,4.8,11.0,.432,1.5,6.0,.250,3.3,5.1,.647,5.1,6.6,.773,1.5,5.7,7.2,4.2,1.8,0.9,2.1,3.6,16.1,,117,111
114,Jevon Carter,PG,24,PHO,58,2,945,5.1,12.2,.416,3.1,7.3,.425,2.0,4.9,.402,1.2,1.4,.852,1.5,4.4,5.9,4.2,2.4,0.9,1.6,4.3,14.4,,114,111
115,Vince Carter,SF,43,ATL,60,0,876,5.7,16.2,.352,3.2,10.7,.302,2.4,5.4,.451,1.2,1.5,.793,1.0,5.6,6.6,2.6,1.2,1.3,1.8,4.8,15.9,,94,116
116,Wendell Carter Jr.,C,20,CHI,43,43,1256,7.0,13.2,.534,0.2,1.1,.207,6.8,12.0,.564,4.3,5.8,.737,5.3,10.2,15.5,2.0,1.3,1.4,2.8,6.2,18.6,,115,108
117,Michael Carter-Williams,SG,28,ORL,45,0,833,6.5,15.2,.427,1.3,4.4,.293,5.2,10.8,.481,4.6,5.6,.832,2.7,5.9,8.6,6.4,2.9,1.3,3.0,5.1,18.9,,109,107
118,Alex Caruso,PG,25,LAL,64,2,1175,4.9,11.8,.412,1.6,4.9,.333,3.2,6.9,.468,2.8,3.8,.734,0.7,4.3,5.0,5.0,2.8,0.7,2.1,4.0,14.1,,107,106
119,Willie Cauley-Stein,C,26,TOT,54,39,1097,7.6,13.2,.579,0.0,0.0,.000,7.6,13.1,.581,1.7,2.9,.606,3.7,10.1,13.8,3.1,2.1,2.7,1.7,5.3,17.0,,117,108
120,Willie Cauley-Stein,C,26,GSW,41,37,940,7.3,13.1,.560,0.0,0.0,,7.3,13.1,.560,1.8,2.9,.614,3.6,9.4,13.0,3.1,2.3,2.5,1.8,5.2,16.4,,114,109
121,Willie Cauley-Stein,C,26,DAL,13,2,157,9.5,13.9,.689,0.0,0.3,.000,9.5,13.5,.705,1.5,2.8,.556,4.0,14.5,18.5,3.1,1.2,3.4,1.5,5.8,20.6,,135,105
122,Tyson Chandler,C,37,HOU,26,5,219,3.0,3.8,.778,0.0,0.0,,3.0,3.8,.778,1.3,2.7,.462,5.3,8.7,13.9,1.3,1.3,1.7,1.7,6.8,7.2,,135,109
123,Wilson Chandler,SF,32,BRK,35,3,734,4.8,11.8,.404,2.4,7.8,.306,2.4,4.0,.597,1.3,1.5,.870,0.7,8.6,9.3,2.5,1.0,0.8,2.2,5.1,13.2,,99,110
124,Joe Chealey,PG,24,CHO,4,0,33,0.0,10.6,.000,0.0,6.1,.000,0.0,4.6,.000,3.0,3.0,1.000,0.0,0.0,0.0,1.5,6.1,0.0,3.0,3.0,3.0,,29,108
125,Zylan Cheatham,SF,24,NOP,4,0,51,5.4,8.2,.667,0.0,0.9,.000,5.4,7.3,.750,0.0,0.0,,2.7,5.4,8.2,2.7,0.9,0.9,3.6,9.1,10.9,,103,114
126,Chris Chiozza,PG,24,TOT,28,2,401,6.5,16.5,.393,3.2,8.5,.375,3.3,8.0,.412,0.6,0.6,1.000,1.1,5.2,6.2,9.8,2.5,0.5,3.8,4.3,16.7,,103,111
127,Chris Chiozza,PG,24,WAS,10,0,123,3.8,12.9,.294,2.7,6.1,.438,1.1,6.8,.167,0.0,0.0,,0.0,5.7,5.7,10.6,3.8,0.8,3.4,4.6,10.3,,91,111
128,Chris Chiozza,PG,24,BRK,18,2,278,7.7,18.0,.425,3.4,9.5,.357,4.3,8.5,.500,0.9,0.9,1.000,1.5,4.9,6.5,9.4,1.9,0.3,3.9,4.3,19.6,,107,110
129,Marquese Chriss,PF,22,GSW,59,21,1196,8.4,15.4,.545,0.3,1.6,.205,8.1,13.8,.584,4.8,6.2,.769,4.6,10.0,14.6,4.6,1.6,2.5,3.1,4.9,21.9,,117,110
130,,,,,,,,,,,,,,,,,,,,,,,,,,,,,,,
131,Gary Clark,PF,25,TOT,42,5,567,4.5,11.2,.406,3.3,9.3,.351,1.3,1.9,.682,0.8,0.8,.900,3.1,6.1,9.3,1.4,0.5,1.9,0.8,3.9,13.1,,120,112
132,Gary Clark,PF,25,HOU,18,0,212,5.0,12.9,.390,3.9,11.1,.353,1.1,1.7,.625,1.3,1.5,.857,2.4,6.3,8.7,2.6,0.4,1.5,0.4,4.6,15.3,,126,113
133,Gary Clark,PF,25,ORL,24,5,355,4.3,10.1,.419,2.9,8.2,.350,1.4,1.9,.714,0.4,0.4,1.000,3.6,6.0,9.6,0.7,0.5,2.1,1.1,3.4,11.8,,116,111
134,Brandon Clarke,PF,23,MEM,58,4,1300,10.6,17.2,.618,0.8,2.3,.359,9.8,14.9,.658,3.1,4.0,.759,3.3,9.1,12.4,2.9,1.1,1.7,2.0,3.6,25.1,,127,109
135,Jordan Clarkson,SG,27,TOT,71,2,1705,11.2,24.7,.454,4.3,11.8,.368,6.9,13.0,.533,3.9,4.7,.836,1.4,3.9,5.3,3.9,1.3,0.5,2.8,3.1,30.8,,111,114
136,Jordan Clarkson,SG,27,CLE,29,0,666,10.5,23.8,.442,4.3,11.6,.371,6.2,12.2,.509,5.6,6.3,.884,1.5,3.5,5.0,5.1,1.2,0.6,2.8,2.4,30.9,,116,118
137,Jordan Clarkson,SG,27,UTA,42,2,1039,11.7,25.3,.462,4.4,11.9,.366,7.4,13.4,.547,2.9,3.7,.785,1.4,4.2,5.5,3.1,1.4,0.4,2.7,3.5,30.7,,109,112
138,Nicolas Claxton,PF,20,BRK,15,0,187,6.8,12.1,.563,0.3,1.8,.143,6.6,10.4,.634,2.8,5.3,.524,4.8,6.3,11.1,4.0,0.3,2.0,2.3,3.5,16.7,,118,111
139,Chris Clemons,SG,22,HOU,33,0,291,9.1,22.6,.401,5.9,17.0,.346,3.2,5.6,.571,1.6,1.7,.909,0.6,4.1,4.8,4.3,1.4,1.0,3.0,4.1,25.6,,105,112
140,Antonius Cleveland,SG,25,DAL,11,0,46,4.2,14.7,.286,0.0,3.2,.000,4.2,11.6,.364,3.2,5.3,.600,2.1,5.3,7.4,1.1,1.1,3.2,2.1,8.4,11.6,,74,110
141,Amir Coffey,SG,22,LAC,18,1,159,6.8,16.1,.426,1.8,5.6,.316,5.1,10.4,.486,1.8,3.3,.545,1.2,3.6,4.8,4.2,1.5,0.6,2.4,5.9,17.2,,100,110
142,John Collins,PF,22,ATL,41,41,1363,12.1,20.7,.583,2.0,5.0,.401,10.1,15.7,.642,4.1,5.1,.800,4.0,10.3,14.2,2.1,1.1,2.3,2.6,4.7,30.3,,124,112
143,Zach Collins,PF,22,POR,11,11,290,5.3,11.2,.471,1.2,3.1,.368,4.1,8.1,.510,1.0,1.3,.750,4.1,7.2,11.3,2.6,0.8,0.8,2.3,5.9,12.7,,110,116
144,Mike Conley,PG,32,UTA,47,41,1363,8.3,20.2,.409,3.4,9.1,.375,4.9,11.1,.437,4.1,5.0,.827,1.2,4.2,5.4,7.4,1.3,0.2,3.3,3.7,24.1,,109,112
145,Pat Connaughton,SG,27,MIL,67,4,1243,5.0,11.1,.455,2.0,6.1,.331,3.0,5.0,.607,1.1,1.5,.775,2.2,8.2,10.4,3.9,0.9,1.1,1.9,2.6,13.2,,114,104
146,Quinn Cook,PG,26,LAL,44,1,508,8.5,20.0,.425,2.9,8.0,.365,5.6,12.1,.465,1.0,1.3,.786,1.0,3.7,4.8,4.6,1.1,0.2,3.1,2.5,21.0,,99,111
147,Tyler Cook,PF,22,TOT,13,0,54,7.2,10.9,.667,0.0,0.0,,7.2,10.9,.667,6.3,7.2,.875,5.4,7.2,12.7,0.9,2.7,0.0,2.7,4.5,20.8,,135,112
148,Tyler Cook,PF,22,CLE,11,0,35,9.7,13.9,.700,0.0,0.0,,9.7,13.9,.700,7.0,8.3,.833,5.6,8.3,13.9,1.4,1.4,0.0,1.4,5.6,26.4,,150,116
149,Tyler Cook,PF,22,DEN,2,0,19,2.6,5.2,.500,0.0,0.0,,2.6,5.2,.500,5.2,5.2,1.000,5.2,5.2,10.4,0.0,5.2,0.0,5.2,2.6,10.4,,99,105
150,Robert Covington,PF-C,29,TOT,70,68,2137,6.6,15.7,.422,3.5,10.4,.335,3.1,5.3,.593,2.1,2.7,.798,1.4,8.7,10.0,1.9,2.5,2.0,2.2,4.8,18.9,,105,107
151,Robert Covington,PF,29,MIN,48,47,1411,7.1,16.3,.435,3.6,10.3,.346,3.6,6.1,.587,2.5,3.1,.798,1.2,8.3,9.4,1.8,2.6,1.5,2.4,4.9,20.2,,106,109
152,Robert Covington,C,29,HOU,22,21,726,5.7,14.5,.392,3.4,10.7,.315,2.3,3.8,.610,1.5,1.9,.800,1.7,9.5,11.2,2.0,2.2,3.1,1.9,4.6,16.3,,105,105
153,Allen Crabbe,SG,27,TOT,37,1,653,4.5,12.6,.356,2.6,8.5,.303,1.9,4.1,.466,0.7,1.0,.714,0.8,4.7,5.5,2.4,1.1,0.3,1.2,3.4,12.3,,97,117
154,Allen Crabbe,SG,27,ATL,28,1,522,4.6,12.8,.364,2.7,8.3,.323,2.0,4.5,.440,0.8,1.1,.750,0.9,4.9,5.8,2.5,1.3,0.4,1.1,3.2,12.8,,100,117
155,Allen Crabbe,SG,27,MIN,9,0,131,3.9,12.0,.324,2.1,9.2,.231,1.8,2.8,.625,0.4,0.7,.500,0.4,3.9,4.3,1.8,0.0,0.0,1.8,3.9,10.3,,81,119
156,Torrey Craig,SF,29,DEN,58,27,1072,5.7,12.4,.461,2.1,6.4,.326,3.6,6.0,.603,1.0,1.7,.611,2.9,5.8,8.7,2.2,1.1,1.7,1.2,6.2,14.5,,116,112
157,Jamal Crawford,SG,39,BRK,1,0,6,15.8,31.5,.500,7.9,15.8,.500,7.9,15.8,.500,0.0,0.0,,0.0,0.0,0.0,23.7,0.0,0.0,0.0,7.9,39.4,,155,118
158,Jae Crowder,SF,29,TOT,65,53,1875,5.7,14.2,.401,3.4,9.9,.343,2.3,4.3,.538,2.4,3.2,.776,1.3,8.4,9.7,4.1,1.8,0.6,1.7,3.6,17.3,,111,109
159,Jae Crowder,SF,29,MEM,45,45,1322,5.2,14.1,.368,2.8,9.4,.293,2.4,4.7,.519,2.6,3.4,.789,1.4,8.4,9.8,4.4,1.7,0.5,1.9,3.0,15.8,,106,110
160,Jae Crowder,SF,29,MIA,20,8,553,7.0,14.5,.482,5.0,11.3,.445,1.9,3.2,.611,1.9,2.6,.733,1.1,8.4,9.4,3.2,2.2,0.9,1.3,5.1,20.9,,127,107
161,Jarrett Culver,SG,20,MIN,63,35,1506,7.1,17.5,.404,2.0,6.8,.299,5.1,10.7,.471,1.7,3.6,.462,2.2,4.4,6.5,3.4,1.8,1.2,2.5,3.9,17.9,,94,113
162,Seth Curry,SG,29,DAL,64,25,1576,8.7,17.6,.495,4.4,9.8,.452,4.3,7.8,.549,2.5,3.0,.825,0.8,3.6,4.4,3.8,1.2,0.3,1.9,3.5,24.3,,123,115
163,,,,,,,,,,,,,,,,,,,,,,,,,,,,,,,
164,Stephen Curry,PG,31,GSW,5,5,139,11.4,28.2,.402,4.1,16.9,.245,7.2,11.4,.636,9.0,9.0,1.000,1.4,7.6,9.0,11.4,1.7,0.7,5.5,3.8,35.8,,109,113
165,Troy Daniels,SG,28,TOT,47,0,532,6.5,16.7,.387,4.1,11.9,.348,2.3,4.9,.481,0.9,1.4,.625,1.1,3.6,4.7,1.5,1.0,0.3,1.1,3.3,18.0,,105,112
166,Troy Daniels,SG,28,LAL,41,0,456,6.5,16.5,.392,4.2,11.7,.357,2.3,4.8,.478,1.0,1.7,.625,1.3,3.5,4.8,1.5,0.8,0.3,0.9,3.1,18.1,,108,112
167,Troy Daniels,SG,28,DEN,6,0,76,6.5,18.2,.357,3.9,13.0,.300,2.6,5.2,.500,0.0,0.0,,0.0,3.9,3.9,2.0,2.0,0.0,2.0,4.6,16.9,,89,113
168,Anthony Davis,PF,26,LAL,62,62,2131,12.3,24.5,.503,1.6,4.9,.330,10.7,19.6,.546,9.9,11.7,.846,3.2,9.7,12.9,4.5,2.0,3.2,3.4,3.5,36.1,,121,102
169,Ed Davis,C,30,UTA,28,1,303,3.5,7.4,.478,0.0,0.0,,3.5,7.4,.478,1.1,2.2,.500,5.6,11.2,16.9,1.9,1.8,1.4,2.1,9.8,8.2,,110,106
170,Terence Davis,SG,22,TOR,72,4,1209,7.8,17.2,.456,3.7,9.5,.388,4.1,7.6,.541,2.0,2.3,.864,2.0,7.4,9.3,4.5,1.5,0.6,3.0,4.9,21.4,,111,106
171,Dewayne Dedmon,C,30,TOT,44,18,774,6.3,15.8,.400,1.4,6.6,.206,5.0,9.2,.541,1.9,2.2,.833,3.7,11.7,15.4,1.4,1.5,2.5,3.5,8.2,15.9,,90,108
172,Dewayne Dedmon,C,30,SAC,34,10,541,6.2,15.3,.404,1.3,6.4,.197,4.9,9.0,.550,2.1,2.5,.821,4.1,10.9,15.0,1.3,1.3,2.3,4.2,8.3,15.7,,89,108
173,Dewayne Dedmon,C,30,ATL,10,8,233,6.6,16.8,.393,1.6,7.2,.222,5.0,9.6,.521,1.4,1.6,.875,2.8,13.6,16.4,1.4,2.0,3.0,2.0,8.0,16.2,,94,107
174,Matthew Dellavedova,PG,29,CLE,57,4,821,3.7,10.4,.354,1.2,5.4,.231,2.4,5.0,.488,1.9,2.2,.865,1.1,3.4,4.4,10.7,1.2,0.1,3.5,4.6,10.5,,103,118
175,DeMar DeRozan,SF,30,SAS,68,68,2316,11.5,21.6,.531,0.2,0.7,.257,11.3,20.9,.540,7.9,9.3,.845,0.9,6.8,7.7,7.8,1.4,0.4,3.4,3.7,31.0,,118,115
176,Cheick Diallo,C,23,PHO,47,2,479,9.1,14.0,.648,0.1,0.3,.333,9.0,13.7,.655,3.4,3.9,.872,3.0,10.0,13.0,2.2,1.1,1.2,3.2,5.4,21.7,,119,110
177,Hamidou Diallo,SF,21,OKC,46,3,896,7.2,16.1,.446,0.9,3.1,.281,6.3,13.0,.485,2.1,3.4,.603,2.4,6.7,9.1,2.0,2.0,0.5,2.8,5.5,17.2,,94,109
178,Gorgui Dieng,C,30,TOT,63,17,1096,7.0,15.4,.456,2.3,6.4,.355,4.8,9.0,.528,3.3,4.3,.772,3.9,11.2,15.0,3.1,2.2,2.5,2.5,5.3,19.7,,113,106
179,Gorgui Dieng,C,30,MIN,46,17,778,7.4,16.5,.448,2.7,7.2,.383,4.7,9.4,.497,2.8,3.5,.797,4.4,10.9,15.3,3.5,2.2,2.5,2.6,5.3,20.3,,113,107
180,Gorgui Dieng,C,30,MEM,17,0,318,6.2,12.8,.483,1.2,4.7,.250,5.0,8.1,.618,4.6,6.2,.738,2.6,11.7,14.4,2.2,2.1,2.5,2.3,5.1,18.1,,112,105
181,Spencer Dinwiddie,SG,26,BRK,64,49,1994,10.1,24.2,.415,2.9,9.5,.308,7.1,14.7,.485,8.2,10.6,.778,0.8,4.5,5.2,10.3,0.9,0.5,4.1,4.3,31.3,,111,113
182,Donte DiVincenzo,SG,23,MIL,66,24,1520,7.0,15.3,.455,2.5,7.4,.336,4.5,7.9,.567,1.9,2.6,.733,2.0,7.6,9.6,4.6,2.6,0.6,2.7,3.4,18.3,,108,101
183,Luka Dončić,PG,20,DAL,61,61,2047,13.7,29.6,.463,4.0,12.8,.316,9.7,16.9,.574,10.1,13.3,.758,1.8,11.7,13.5,12.7,1.5,0.3,6.1,3.6,41.5,,116,110
184,Luguentz Dort,SG,20,OKC,36,28,820,5.1,12.9,.394,1.8,6.0,.297,3.3,6.9,.479,2.5,3.1,.792,1.4,3.4,4.8,1.6,1.8,0.2,1.3,5.7,14.5,,103,111
185,Damyean Dotson,SG,25,NYK,48,0,836,7.0,16.9,.414,3.4,9.5,.362,3.6,7.4,.480,1.3,1.9,.667,0.6,4.7,5.3,3.3,1.3,0.2,1.2,2.6,18.7,,109,116
186,Sekou Doumbouya,SF,19,DET,38,19,754,6.0,15.4,.390,1.8,6.4,.286,4.2,9.0,.464,2.0,3.0,.674,1.3,6.4,7.7,1.2,1.3,0.5,2.3,5.2,15.9,,90,114
187,PJ Dozier,PG,23,DEN,29,0,412,7.8,18.8,.414,2.0,5.9,.347,5.8,13.0,.444,2.5,3.5,.724,1.2,5.4,6.6,7.6,1.7,0.7,3.2,5.4,20.2,,102,112
188,Goran Dragić,PG,33,MIA,59,3,1663,9.4,21.3,.441,3.6,9.9,.367,5.7,11.3,.505,5.6,7.2,.776,0.9,4.6,5.5,8.8,1.2,0.3,4.2,3.6,28.0,,110,113
189,Andre Drummond,C,26,TOT,57,56,1879,10.9,20.5,.533,0.1,0.9,.143,10.8,19.6,.551,4.4,7.7,.575,6.5,16.1,22.6,4.0,2.8,2.4,5.3,5.3,26.4,,104,103
190,Andre Drummond,C,26,DET,49,48,1654,10.7,20.2,.530,0.0,0.6,.048,10.7,19.6,.546,4.4,7.6,.584,6.7,16.3,23.0,4.1,2.9,2.4,5.2,5.2,25.9,,104,102
191,Andre Drummond,C,26,CLE,8,8,225,12.5,22.7,.552,0.9,3.0,.286,11.7,19.7,.593,4.3,8.4,.513,5.2,14.1,19.2,3.0,2.6,2.4,6.3,5.4,30.3,,100,107
192,,,,,,,,,,,,,,,,,,,,,,,,,,,,,,,
193,Jared Dudley,SF,34,LAL,45,1,364,3.1,7.8,.400,2.4,5.5,.429,0.8,2.4,.333,0.3,0.3,1.000,0.8,6.0,6.8,3.7,2.0,0.4,1.0,5.4,8.9,,117,108
194,Kris Dunn,PG,25,CHI,51,32,1269,5.8,13.0,.444,1.1,4.3,.259,4.7,8.7,.535,1.5,2.0,.741,0.9,6.2,7.1,6.6,3.8,0.6,2.6,6.0,14.2,,104,106
195,Carsen Edwards,SG,21,BOS,37,0,351,5.8,17.6,.328,3.3,10.5,.316,2.5,7.2,.346,1.8,2.6,.684,0.8,5.6,6.5,3.3,1.7,0.6,2.1,4.7,16.6,,92,109
196,Henry Ellenson,PF,23,BRK,5,0,15,3.2,22.1,.143,0.0,12.6,.000,3.2,9.5,.333,0.0,0.0,,6.3,12.6,18.9,3.2,0.0,0.0,0.0,3.2,6.3,,60,111
197,Wayne Ellington,SG,32,NYK,36,1,558,5.3,15.2,.351,4.4,12.5,.350,1.0,2.7,.355,1.0,1.1,.846,0.3,5.3,5.7,3.8,1.1,0.3,1.6,3.6,16.0,,105,116
198,Joel Embiid,C,25,PHI,51,51,1506,12.3,25.8,.477,1.8,5.5,.331,10.5,20.2,.517,11.3,14.0,.807,4.5,14.5,19.1,4.9,1.4,2.1,5.1,5.6,37.7,,113,104
199,James Ennis,SF,29,TOT,69,18,1265,6.1,13.8,.446,2.1,6.5,.325,4.0,7.3,.553,3.0,3.8,.806,2.7,6.7,9.4,2.4,1.3,0.8,2.2,5.3,17.4,,111,110
200,James Ennis,SF,29,PHI,49,0,776,6.2,14.1,.442,2.3,6.6,.349,3.9,7.5,.525,3.0,3.8,.787,3.0,6.4,9.4,2.6,1.4,0.9,1.9,5.3,17.8,,114,110
201,James Ennis,SF,29,ORL,20,18,489,6.0,13.2,.451,1.8,6.3,.286,4.2,7.0,.600,3.1,3.7,.838,2.3,7.2,9.5,2.2,1.2,0.8,2.7,5.2,16.8,,105,111
202,Drew Eubanks,PF,22,SAS,22,3,272,7.6,11.8,.642,0.2,0.2,1.000,7.4,11.6,.636,3.5,4.6,.769,4.9,10.0,14.9,2.6,0.9,3.0,3.7,6.5,18.8,,120,111
203,Jacob Evans,SG,22,TOT,29,1,418,5.2,15.3,.336,1.5,4.5,.333,3.7,10.9,.337,2.9,3.3,.862,1.0,3.7,4.7,3.5,1.3,1.4,2.9,4.7,14.6,,86,116
204,Jacob Evans,SG,22,GSW,27,1,414,5.2,15.4,.338,1.5,4.4,.342,3.7,11.0,.337,2.9,3.4,.862,1.0,3.7,4.7,3.6,1.3,1.4,2.9,4.7,14.8,,86,116
205,Jacob Evans,SG,22,MIN,2,0,4,0.0,11.6,.000,0.0,11.6,.000,0.0,0.0,,0.0,0.0,,0.0,0.0,0.0,0.0,0.0,0.0,0.0,0.0,0.0,,0,121
206,Dante Exum,SG,24,TOT,35,1,485,5.6,11.9,.471,1.5,4.3,.349,4.1,7.6,.539,3.2,4.3,.744,1.2,5.5,6.7,4.0,1.3,0.8,3.1,3.8,16.0,,106,115
207,Dante Exum,SG,24,UTA,11,0,83,5.9,13.5,.435,1.2,3.5,.333,4.7,10.0,.471,1.2,1.2,1.000,1.8,5.3,7.0,4.1,0.6,1.2,5.9,4.7,14.1,,83,112
208,Dante Exum,SG,24,CLE,24,1,402,5.6,11.6,.479,1.6,4.5,.351,4.0,7.1,.559,3.6,5.0,.732,1.1,5.6,6.7,4.0,1.5,0.7,2.5,3.6,16.3,,112,116
209,Tacko Fall,C,24,BOS,7,0,33,16.1,20.5,.786,0.0,0.0,,16.1,20.5,.786,1.5,4.4,.333,1.5,20.5,21.9,1.5,1.5,5.9,4.4,10.2,33.6,,115,93
210,Derrick Favors,C,28,NOP,51,49,1243,7.8,12.6,.617,0.0,0.3,.143,7.7,12.4,.627,1.5,2.6,.563,6.1,12.6,18.7,3.0,1.1,1.7,2.0,4.0,17.1,,126,109
211,Cristiano Felício,PF,27,CHI,22,0,386,4.2,6.7,.630,0.0,0.2,.000,4.2,6.5,.654,2.2,2.9,.783,6.9,5.9,12.7,2.0,1.2,0.2,2.2,4.2,10.7,,130,112
212,Terrance Ferguson,SF,21,OKC,56,38,1257,3.0,8.5,.355,1.9,6.5,.292,1.1,2.0,.558,0.6,0.8,.750,0.9,2.0,2.9,2.0,1.0,0.7,1.2,6.0,8.5,,97,114
213,Bruno Fernando,C,21,ATL,56,13,713,6.7,13.0,.518,0.3,2.4,.135,6.4,10.6,.605,1.9,3.3,.569,4.4,8.6,12.9,3.2,1.2,1.1,2.7,7.0,15.7,,107,114
214,Yogi Ferrell,PG,26,SAC,50,0,530,7.2,17.2,.420,2.2,7.2,.304,5.0,10.0,.505,3.3,3.8,.857,0.5,3.9,4.5,6.3,1.6,0.4,2.6,3.5,20.0,,107,114
215,Dorian Finney-Smith,PF,26,DAL,71,68,2120,5.5,11.9,.466,2.6,6.9,.376,2.9,5.0,.589,1.8,2.5,.722,3.3,5.9,9.2,2.6,1.0,0.9,1.6,4.1,15.5,,122,113
216,Bryn Forbes,SG,26,SAS,63,62,1579,7.3,17.6,.417,4.5,11.5,.388,2.8,6.1,.470,2.3,2.7,.833,0.4,3.4,3.8,3.3,1.0,0.0,1.7,3.4,21.4,,110,118
217,Evan Fournier,SG,27,ORL,66,66,2076,10.2,21.8,.467,4.1,10.2,.399,6.1,11.6,.527,4.2,5.2,.818,0.4,3.6,4.0,4.9,1.7,0.4,2.9,3.8,28.6,,112,112
218,De'Aaron Fox,PG,22,SAC,51,49,1634,11.6,24.2,.480,1.6,5.5,.292,10.0,18.7,.535,7.2,10.2,.705,1.0,4.8,5.8,10.3,2.2,0.7,4.7,4.3,32.0,,111,112
219,,,,,,,,,,,,,,,,,,,,,,,,,,,,,,,
220,Melvin Frazier,SG,23,ORL,19,0,126,5.8,13.1,.441,3.1,6.2,.500,2.7,7.0,.389,0.8,1.5,.500,0.8,3.1,3.9,1.2,3.5,0.8,1.9,4.3,15.5,,100,108
221,Michael Frazier,SG,25,HOU,13,0,145,2.2,9.3,.241,1.3,7.3,.174,1.0,1.9,.500,2.9,4.5,.643,0.3,2.9,3.2,0.6,0.6,0.0,1.6,7.0,8.6,,76,116
222,Tim Frazier,PG,29,DET,27,11,355,4.7,13.0,.362,1.4,4.2,.333,3.3,8.9,.375,2.6,3.3,.792,1.2,3.3,4.6,12.9,1.9,0.6,5.0,5.8,13.4,,99,114
223,Markelle Fultz,PG,21,ORL,72,60,1996,8.8,18.8,.465,0.9,3.3,.267,7.9,15.5,.507,2.8,3.9,.730,1.0,4.8,5.8,9.0,2.2,0.3,3.6,3.5,21.2,,104,111
224,Wenyen Gabriel,PF,22,TOT,30,1,235,4.3,9.8,.438,1.2,4.1,.300,3.1,5.7,.536,3.1,4.5,.682,4.3,6.3,10.6,1.6,2.2,1.4,3.3,7.9,12.8,,103,112
225,Wenyen Gabriel,PF,22,SAC,11,0,61,4.8,13.5,.353,0.8,6.4,.125,4.0,7.2,.556,4.8,8.0,.600,3.2,4.8,8.0,2.4,2.4,1.6,4.0,5.6,15.1,,87,110
226,Wenyen Gabriel,PF,22,POR,19,1,174,4.1,8.5,.484,1.4,3.3,.417,2.7,5.2,.526,2.5,3.3,.750,4.7,6.8,11.5,1.4,2.2,1.4,3.0,8.8,12.1,,112,112
227,Daniel Gafford,C,21,CHI,43,7,609,7.4,10.6,.701,0.0,0.0,,7.4,10.6,.701,2.5,4.7,.533,4.1,4.3,8.4,1.7,1.0,4.4,2.3,7.8,17.4,,124,109
228,Danilo Gallinari,PF,31,OKC,62,62,1834,9.5,21.6,.438,4.7,11.6,.405,4.8,10.0,.476,7.0,7.9,.893,0.9,7.6,8.5,3.2,1.1,0.1,2.0,2.0,30.7,,120,111
229,Langston Galloway,SG,28,DET,66,6,1702,6.8,15.7,.435,3.8,9.6,.399,3.0,6.1,.493,2.1,2.5,.859,1.0,3.4,4.3,2.9,1.4,0.3,1.2,2.8,19.6,,118,116
230,Darius Garland,PG,20,CLE,59,59,1824,7.5,18.6,.401,2.8,7.9,.355,4.7,10.7,.434,1.7,1.9,.875,0.7,2.2,3.0,6.1,1.1,0.1,4.0,2.5,19.4,,96,119
231,Marc Gasol,C,35,TOR,44,43,1161,4.9,11.4,.427,2.3,6.1,.385,2.5,5.4,.473,1.5,2.0,.735,1.3,10.0,11.3,6.0,1.4,1.6,2.4,5.1,13.6,,110,103
232,Rudy Gay,PF,33,SAS,67,5,1461,8.7,19.5,.446,2.4,7.2,.336,6.3,12.3,.511,3.9,4.4,.882,2.0,9.8,11.8,3.7,1.1,1.1,2.9,3.4,23.7,,107,113
233,Paul George,SF,29,LAC,48,48,1419,11.4,26.1,.439,5.2,12.7,.412,6.2,13.4,.464,6.3,7.2,.876,0.8,8.3,9.1,6.2,2.3,0.7,4.2,3.8,34.4,,112,106
234,Taj Gibson,C,34,NYK,62,56,1025,7.9,13.6,.584,0.2,0.7,.286,7.7,12.9,.599,1.9,2.7,.732,5.3,7.4,12.7,2.5,1.3,1.4,2.2,5.8,18.0,,121,113
235,Harry Giles,PF,21,SAC,46,17,667,10.1,18.3,.554,0.0,0.1,.000,10.1,18.1,.558,2.8,3.6,.776,3.1,10.5,13.7,4.4,1.6,1.3,3.2,8.7,23.0,,111,109
236,Shai Gilgeous-Alexander,SG,21,OKC,70,70,2428,9.6,20.3,.471,1.7,5.0,.347,7.8,15.3,.512,5.8,7.1,.807,0.9,7.3,8.2,4.6,1.6,0.9,2.7,2.3,26.6,,111,109
237,Rudy Gobert,C,27,UTA,68,68,2333,8.1,11.6,.693,0.0,0.0,,8.1,11.6,.693,5.3,8.4,.630,4.8,14.3,19.1,2.1,1.1,2.8,2.7,4.5,21.4,,130,104
238,Brandon Goodwin,PG,24,ATL,34,1,430,8.2,20.6,.400,2.8,9.4,.299,5.4,11.2,.485,3.0,3.3,.933,1.2,6.6,7.8,5.5,1.3,0.4,3.1,4.7,22.3,,101,116
239,Aaron Gordon,PF,24,ORL,62,62,2017,8.1,18.5,.437,1.8,5.7,.308,6.3,12.8,.494,3.6,5.4,.674,2.6,8.9,11.5,5.5,1.2,0.9,2.4,3.0,21.6,,107,110
240,Eric Gordon,SF,31,HOU,36,15,1016,7.8,21.1,.369,4.4,13.8,.317,3.4,7.3,.469,3.7,4.9,.766,0.4,2.8,3.2,2.5,1.0,0.6,2.0,3.2,23.7,,101,115
241,Devonte' Graham,PG,24,CHO,63,53,2211,8.3,21.8,.382,4.9,13.3,.373,3.4,8.6,.397,4.3,5.3,.820,1.0,3.9,4.8,10.7,1.4,0.3,4.1,2.6,25.9,,109,116
242,,,,,,,,,,,,,,,,,,,,,,,,,,,,,,,
243,Treveon Graham,SG,26,TOT,55,20,929,4.4,12.1,.360,1.7,6.0,.275,2.7,6.1,.443,1.8,2.8,.643,2.6,5.0,7.5,2.3,1.2,0.3,1.5,5.1,12.2,,99,116
244,Treveon Graham,SG,26,MIN,33,20,663,4.3,12.3,.354,1.4,5.8,.241,2.9,6.4,.457,1.9,2.6,.730,2.0,5.0,7.0,2.1,1.2,0.1,1.3,4.6,12.0,,97,116
245,Treveon Graham,SG,26,ATL,22,0,266,4.4,11.7,.373,2.3,6.5,.351,2.1,5.3,.400,1.6,3.3,.474,3.9,4.9,8.8,2.6,1.2,0.7,1.8,6.3,12.6,,104,117
246,Jerami Grant,PF,25,DEN,71,24,1892,7.9,16.6,.478,2.6,6.6,.389,5.4,10.0,.537,3.8,5.1,.750,1.5,5.0,6.5,2.3,1.3,1.5,1.6,4.0,22.2,,117,112
247,Jerian Grant,PG,27,WAS,6,0,80,5.8,15.8,.370,1.2,4.7,.250,4.7,11.1,.421,2.9,4.1,.714,1.2,2.3,3.5,5.3,0.6,0.6,1.8,6.4,15.8,,99,120
248,Josh Gray,PG,26,NOP,2,0,23,2.0,4.0,.500,0.0,0.0,,2.0,4.0,.500,0.0,0.0,,2.0,2.0,4.0,4.0,0.0,0.0,10.1,2.0,4.0,,47,119
249,Danny Green,SG,32,LAL,68,68,1687,5.6,13.4,.416,3.4,9.2,.367,2.2,4.1,.524,0.9,1.4,.688,1.4,4.9,6.3,2.6,2.4,0.9,1.8,3.8,15.4,,108,107
250,Draymond Green,PF,29,GSW,43,43,1222,4.8,12.4,.389,1.4,5.1,.279,3.4,7.3,.465,2.5,3.3,.759,0.9,9.5,10.4,10.4,2.3,1.3,3.8,4.3,13.5,,100,110
251,JaMychal Green,PF,29,LAC,63,1,1307,5.5,12.7,.429,3.3,8.6,.387,2.1,4.1,.518,1.3,1.7,.750,2.8,11.2,14.0,1.8,1.0,0.9,2.0,6.3,15.6,,112,106
252,Javonte Green,SF,26,BOS,48,2,468,6.5,13.0,.500,0.9,3.4,.273,5.6,9.6,.581,2.9,4.3,.667,2.5,7.1,9.6,2.7,2.5,0.8,2.4,4.4,16.8,,110,106
253,Jeff Green,PF-C,33,TOT,48,4,960,7.9,17.1,.462,3.1,9.1,.339,4.8,8.0,.602,3.6,4.5,.802,1.2,5.4,6.6,2.5,1.3,0.9,2.1,4.4,22.5,,114,111
254,Jeff Green,PF,33,UTA,30,2,553,6.6,17.2,.385,3.0,9.2,.327,3.6,8.0,.451,4.3,5.5,.778,1.2,5.9,7.1,1.8,1.1,0.9,2.4,4.0,20.5,,101,111
255,Jeff Green,C,33,HOU,18,2,407,9.6,16.9,.564,3.2,9.0,.354,6.4,8.0,.800,2.7,3.2,.857,1.1,4.8,5.9,3.4,1.6,1.0,1.7,4.9,25.0,,131,112
256,Blake Griffin,PF,30,DET,18,18,512,8.5,24.0,.352,2.6,10.7,.243,5.9,13.4,.439,7.3,9.4,.776,1.6,6.4,8.1,5.7,0.7,0.7,3.8,2.6,26.8,,97,115
257,Marko Guduric,SG,24,MEM,44,0,484,6.0,15.1,.395,2.4,8.0,.301,3.6,7.1,.500,2.3,2.5,.923,1.4,5.7,7.0,4.3,1.2,0.8,3.5,3.3,16.7,,97,112
258,Kyle Guy,SG,22,SAC,3,0,10,9.7,24.3,.400,0.0,14.6,.000,9.7,9.7,1.000,0.0,0.0,,0.0,4.9,4.9,4.9,0.0,0.0,0.0,4.9,19.4,,92,118
259,Rui Hachimura,PF,21,WAS,48,48,1444,8.2,17.6,.466,0.8,2.8,.287,7.4,14.8,.500,3.8,4.5,.829,2.5,7.0,9.5,2.8,1.2,0.3,1.7,3.4,21.0,,110,117
260,Devon Hall,SG,24,OKC,11,0,81,3.6,18.0,.200,2.4,10.2,.235,1.2,7.8,.154,2.4,4.8,.500,1.2,3.0,4.2,7.8,2.4,0.6,3.0,3.6,12.0,,74,110
261,Donta Hall,PF,22,TOT,9,0,133,5.4,7.9,.682,0.0,0.0,,5.4,7.9,.682,3.2,6.5,.500,5.1,8.7,13.7,1.4,1.1,2.2,1.8,8.3,14.1,,125,109
262,Donta Hall,PF,22,DET,4,0,48,1.0,4.1,.250,0.0,0.0,,1.0,4.1,.250,4.1,6.1,.667,6.1,9.2,15.4,2.0,1.0,1.0,2.0,9.2,6.1,,111,112
263,Donta Hall,PF,22,BRK,5,0,85,7.8,10.0,.778,0.0,0.0,,7.8,10.0,.778,2.8,6.7,.417,4.5,8.4,12.8,1.1,1.1,2.8,1.7,7.8,18.4,,131,107
264,Dusty Hannahs,SG,26,MEM,2,0,13,14.4,32.3,.444,7.2,10.8,.667,7.2,21.5,.333,7.2,7.2,1.000,0.0,3.6,3.6,0.0,0.0,0.0,0.0,3.6,43.1,,120,117
265,Tim Hardaway Jr.,SG,27,DAL,71,58,2091,8.9,20.4,.434,4.7,11.9,.398,4.2,8.6,.485,3.4,4.2,.819,0.6,4.8,5.4,3.2,0.9,0.1,1.6,2.9,25.9,,116,115
266,James Harden,SG,30,HOU,68,68,2483,12.5,28.2,.444,5.6,15.7,.355,7.0,12.5,.556,12.9,14.9,.865,1.3,7.0,8.3,9.5,2.3,1.1,5.7,4.2,43.5,,120,108
267,Maurice Harkless,SF,26,TOT,62,48,1427,4.7,9.4,.502,1.1,3.3,.347,3.6,6.2,.584,1.3,2.2,.591,1.8,6.2,8.0,2.3,1.9,1.1,1.8,4.9,11.9,,110,108
268,Maurice Harkless,SF,26,LAC,50,38,1141,4.6,9.0,.516,1.1,3.0,.370,3.5,6.0,.590,1.0,1.7,.571,1.9,6.3,8.3,2.0,2.0,1.2,1.9,5.0,11.4,,109,107
269,Maurice Harkless,SF,26,NYK,12,10,286,5.1,11.2,.455,1.2,4.3,.280,3.9,7.0,.561,2.6,4.1,.625,1.4,5.4,6.8,3.4,1.5,0.5,1.2,4.8,14.0,,114,114
270,Jared Harper,PG,22,PHO,3,0,8,5.9,23.7,.250,0.0,11.8,.000,5.9,11.8,.500,0.0,0.0,,0.0,0.0,0.0,0.0,0.0,0.0,0.0,0.0,11.8,,54,120
271,,,,,,,,,,,,,,,,,,,,,,,,,,,,,,,
272,Montrezl Harrell,C,26,LAC,63,2,1749,12.7,21.9,.580,0.0,0.5,.000,12.7,21.5,.593,6.2,9.5,.658,4.4,7.6,12.0,2.9,1.1,1.9,2.9,3.9,31.7,,119,107
273,Gary Harris,SG,25,DEN,56,55,1780,6.1,14.4,.420,1.9,5.8,.333,4.1,8.6,.479,2.1,2.6,.815,0.7,3.8,4.5,3.3,2.1,0.4,1.7,3.2,16.1,,105,113
274,Joe Harris,SF,28,BRK,69,69,2123,8.5,17.5,.486,3.8,9.0,.424,4.7,8.4,.553,1.4,2.0,.719,1.4,5.2,6.6,3.2,0.9,0.4,2.3,3.5,22.2,,114,112
275,Tobias Harris,PF,27,PHI,72,72,2469,10.9,23.0,.471,2.6,7.0,.367,8.3,16.0,.517,3.4,4.2,.806,1.4,8.4,9.7,4.5,1.0,0.8,2.0,3.2,27.7,,113,110
276,Shaquille Harrison,SF,26,CHI,43,10,484,7.7,16.4,.467,1.6,4.2,.381,6.1,12.2,.496,3.9,5.0,.780,2.2,6.4,8.6,4.9,3.4,1.9,1.9,5.5,20.8,,116,105
277,Josh Hart,SF,24,NOP,65,16,1755,5.9,14.0,.423,3.2,9.3,.342,2.7,4.7,.584,2.2,3.0,.739,1.6,9.6,11.2,2.8,1.7,0.6,2.0,4.2,17.3,,110,111
278,Isaiah Hartenstein,C,21,HOU,23,2,266,7.7,11.7,.657,0.0,0.9,.000,7.7,10.8,.710,3.3,4.9,.679,5.0,10.6,15.7,3.1,1.6,2.1,2.8,7.1,18.6,,128,107
279,Udonis Haslem,PF,39,MIA,4,1,44,4.4,12.2,.364,1.1,3.3,.333,3.3,8.9,.375,3.3,4.4,.750,1.1,16.6,17.7,1.1,0.0,0.0,1.1,6.7,13.3,,97,109
280,Jaxson Hayes,C,19,NOP,64,14,1080,7.5,11.1,.672,0.0,0.2,.250,7.4,10.9,.678,5.3,8.1,.647,4.2,6.9,11.1,2.4,1.1,2.4,2.3,6.9,20.2,,131,111
281,Gordon Hayward,SF,29,BOS,52,52,1740,9.7,19.4,.500,2.4,6.2,.383,7.4,13.3,.554,3.4,4.0,.855,1.5,8.1,9.7,5.9,1.1,0.6,2.7,2.7,25.2,,118,109
282,John Henson,PF,29,TOT,40,8,600,7.7,13.9,.556,0.7,2.9,.222,7.1,11.0,.644,1.9,3.7,.500,3.7,9.4,13.2,4.4,2.0,3.4,2.9,6.3,18.0,,112,109
283,John Henson,PF,29,CLE,29,2,412,7.2,14.2,.508,0.7,3.7,.194,6.5,10.5,.618,2.0,3.9,.515,3.8,9.7,13.5,5.1,1.9,3.8,2.5,6.5,17.1,,112,109
284,John Henson,PF,29,DET,11,6,188,8.9,13.3,.667,0.5,1.3,.400,8.4,12.0,.696,1.6,3.4,.462,3.7,8.9,12.6,2.9,2.1,2.6,3.9,6.0,19.9,,112,108
285,Dewan Hernandez,C,23,TOR,6,0,28,8.5,23.8,.357,1.7,3.4,.500,6.8,20.4,.333,5.1,8.5,.600,8.5,15.3,23.8,5.1,1.7,0.0,5.1,10.2,23.8,,95,101
286,Juan Hernangómez,PF,24,TOT,48,14,833,5.7,14.2,.405,2.5,7.4,.341,3.2,6.8,.475,2.5,4.1,.620,2.5,8.9,11.3,2.3,1.1,0.5,1.8,3.7,16.6,,105,113
287,Juan Hernangómez,PF,24,DEN,34,0,422,4.5,12.9,.345,1.8,7.0,.250,2.7,5.9,.460,1.9,2.9,.640,2.8,8.3,11.1,2.6,0.6,0.6,2.1,3.4,12.5,,95,113
288,Juan Hernangómez,PF,24,MIN,14,14,411,7.0,15.5,.453,3.3,7.8,.420,3.7,7.7,.485,3.2,5.2,.609,2.1,9.4,11.5,2.0,1.6,0.5,1.6,4.0,20.4,,114,112
289,Willy Hernangómez,C,25,CHO,31,0,375,9.9,18.6,.532,0.7,2.9,.227,9.2,15.6,.590,4.9,7.9,.627,5.7,12.2,17.9,3.9,1.3,0.9,4.0,4.3,25.4,,110,110
290,Tyler Herro,SG,20,MIA,55,8,1508,8.7,20.4,.428,3.8,9.6,.389,5.0,10.8,.462,2.8,3.2,.870,0.5,6.7,7.3,3.9,1.1,0.3,2.8,2.5,24.1,,103,112
291,Kevin Hervey,PF,23,OKC,10,0,52,6.5,25.2,.259,2.8,18.7,.150,3.7,6.5,.571,0.0,0.0,,0.9,10.3,11.2,4.7,0.9,0.9,0.0,3.7,15.9,,78,109
292,Mario Hezonja,PF,24,POR,53,4,871,5.0,11.9,.422,1.3,4.3,.308,3.7,7.7,.486,2.6,3.2,.814,1.6,8.4,10.1,2.7,2.0,0.5,2.3,5.9,14.0,,104,113
293,Buddy Hield,SG,27,SAC,72,44,2216,10.9,25.4,.429,5.9,15.1,.394,5.0,10.4,.479,2.5,3.0,.846,1.2,5.9,7.2,4.7,1.4,0.4,3.7,3.6,30.3,,106,114
294,George Hill,PG,33,MIL,59,2,1271,7.0,13.5,.516,2.9,6.3,.460,4.1,7.2,.565,3.1,3.6,.842,1.8,4.6,6.4,6.5,1.7,0.2,2.0,3.0,19.9,,131,106
295,Solomon Hill,SF,28,TOT,59,4,1088,4.8,12.0,.396,2.7,7.4,.368,2.0,4.6,.439,1.7,2.3,.741,1.3,5.9,7.1,4.5,1.9,0.5,2.2,3.7,14.0,,106,111
296,Solomon Hill,SF,28,MEM,48,3,901,5.0,12.1,.412,2.9,7.6,.381,2.1,4.5,.465,1.3,2.0,.684,1.2,6.2,7.5,4.9,1.6,0.4,2.1,3.8,14.2,,109,112
297,Solomon Hill,SF,28,MIA,11,1,187,3.7,11.7,.311,1.8,6.3,.292,1.8,5.5,.333,3.7,4.2,.875,1.3,4.2,5.5,2.6,3.1,1.3,2.9,3.1,12.8,,91,107
298,,,,,,,,,,,,,,,,,,,,,,,,,,,,,,,
299,Jaylen Hoard,SF,20,POR,13,0,103,6.9,14.8,.469,0.0,1.4,.000,6.9,13.4,.517,3.7,6.0,.615,6.5,8.3,14.8,1.9,2.3,0.0,1.9,5.6,17.6,,113,113
300,Aaron Holiday,PG,23,IND,66,33,1617,7.0,16.9,.414,2.6,6.6,.394,4.4,10.3,.427,2.2,2.6,.851,0.7,4.0,4.7,6.8,1.7,0.5,2.6,3.6,18.8,,104,110
301,Jrue Holiday,SG,29,NOP,61,61,2117,10.0,22.0,.455,2.7,7.6,.353,7.3,14.4,.509,2.8,4.0,.709,1.7,4.7,6.4,8.9,2.2,1.0,4.0,3.2,25.5,,108,112
302,Justin Holiday,SG,30,IND,73,6,1826,5.5,12.9,.428,3.6,8.8,.405,2.0,4.1,.477,1.4,1.8,.791,0.9,5.5,6.3,2.5,2.3,1.2,1.2,3.6,16.0,,114,107
303,Rondae Hollis-Jefferson,SF,25,TOR,60,6,1122,6.6,13.9,.471,0.1,1.0,.130,6.4,13.0,.497,4.5,6.1,.734,4.7,7.3,12.0,4.5,2.0,1.0,2.5,4.9,17.7,,114,104
304,Richaun Holmes,C,26,SAC,44,38,1242,8.7,13.4,.648,0.0,0.0,,8.7,13.4,.648,3.6,4.6,.788,5.0,9.0,14.0,1.6,1.6,2.2,2.0,6.6,21.1,,131,109
305,Rodney Hood,SF,27,POR,21,21,619,6.7,13.2,.506,2.7,5.5,.493,4.0,7.8,.515,1.6,2.1,.778,0.8,4.8,5.5,2.5,1.3,0.3,1.5,3.5,17.7,,121,117
306,Al Horford,C,33,PHI,67,61,2025,7.6,17.0,.450,2.4,6.8,.350,5.3,10.2,.516,1.5,1.9,.763,2.5,8.4,10.9,6.5,1.2,1.5,1.9,3.4,19.1,,115,109
307,Talen Horton-Tucker,SG,19,LAL,6,1,81,8.2,17.6,.467,2.3,7.6,.308,5.9,10.0,.588,1.2,2.3,.500,1.2,2.9,4.1,3.5,4.7,0.6,3.5,5.9,20.0,,97,103
308,Danuel House,SF,26,HOU,63,52,1913,5.6,13.0,.427,3.1,8.6,.363,2.4,4.5,.549,1.8,2.2,.811,1.4,5.1,6.5,2.1,1.6,0.8,1.3,3.2,16.0,,114,112
309,Dwight Howard,C,34,LAL,69,2,1306,7.4,10.1,.729,0.1,0.2,.600,7.2,9.9,.732,4.0,7.8,.514,6.3,12.2,18.5,1.6,1.1,2.9,3.1,8.1,18.8,,125,103
310,William Howard,PF,26,HOU,2,0,13,0.0,14.2,.000,0.0,14.2,.000,0.0,0.0,,0.0,0.0,,0.0,7.1,7.1,3.6,0.0,0.0,3.6,3.6,0.0,,14,115
311,Kevin Huerter,SG,21,ATL,56,48,1760,6.7,16.1,.413,3.4,8.8,.380,3.3,7.3,.453,1.4,1.7,.828,0.9,5.1,6.0,5.6,1.4,0.7,2.3,3.7,18.1,,107,116
312,De'Andre Hunter,SF,22,ATL,63,62,2018,6.5,15.8,.410,2.5,7.0,.355,4.0,8.8,.454,2.5,3.3,.764,1.0,5.6,6.6,2.6,1.0,0.4,2.4,4.2,18.0,,100,117
313,Chandler Hutchison,SF,23,CHI,28,10,527,7.3,16.0,.457,1.1,3.5,.316,6.2,12.5,.496,4.2,7.1,.590,1.6,8.2,9.9,2.4,2.5,0.6,2.5,4.3,19.9,,101,108
314,Serge Ibaka,C,30,TOR,55,27,1485,11.0,21.5,.512,2.2,5.8,.385,8.7,15.6,.559,2.9,4.0,.718,3.7,10.8,14.5,2.5,0.9,1.5,3.5,4.9,27.1,,108,104
315,Andre Iguodala,SG,36,MIA,21,0,418,4.4,10.3,.432,1.6,5.5,.298,2.8,4.8,.585,0.7,1.8,.400,2.0,7.1,9.1,6.0,1.6,2.5,3.0,4.1,11.2,,101,107
316,Ersan İlyasova,PF,32,MIL,63,8,986,6.8,14.5,.466,2.3,6.3,.365,4.4,8.2,.545,3.3,4.0,.828,2.9,11.1,14.0,2.3,1.1,0.8,1.6,4.4,19.2,,119,102
317,Joe Ingles,SF,32,UTA,72,45,2137,5.6,12.6,.445,3.2,8.0,.399,2.4,4.6,.525,1.7,2.1,.787,0.6,5.7,6.3,8.5,1.5,0.3,3.2,3.5,16.1,,115,111
318,Brandon Ingram,PF,22,NOP,62,62,2104,11.2,24.1,.463,3.3,8.4,.391,7.9,15.7,.501,6.9,8.1,.851,1.1,7.2,8.4,5.7,1.3,0.8,4.2,3.9,32.5,,112,112
319,,,,,,,,,,,,,,,,,,,,,,,,,,,,,,,
320,Kyrie Irving,PG,27,BRK,20,20,658,14.3,29.9,.478,4.0,10.2,.394,10.3,19.7,.522,6.8,7.3,.922,1.6,5.8,7.4,9.2,1.9,0.7,3.7,3.8,39.4,,119,109
321,Jonathan Isaac,SF,22,ORL,34,32,980,7.7,16.5,.470,1.6,4.7,.340,6.2,11.8,.521,3.0,3.8,.779,2.9,8.6,11.5,2.4,2.6,3.9,2.4,4.1,20.1,,107,103
322,Wesley Iwundu,SF,25,ORL,52,21,953,5.0,11.9,.416,1.4,4.2,.341,3.5,7.7,.457,4.0,5.0,.804,1.2,5.5,6.7,3.1,1.3,0.7,1.3,4.1,15.3,,113,112
323,Frank Jackson,PG,21,NOP,59,2,797,7.8,19.2,.405,2.7,8.4,.326,5.1,10.9,.465,3.3,4.4,.747,1.3,3.5,4.8,3.5,1.0,0.2,2.8,4.5,21.5,,100,116
324,Jaren Jackson Jr.,C,20,MEM,57,57,1622,10.2,21.7,.469,4.2,10.6,.394,6.0,11.1,.540,4.0,5.4,.747,1.6,6.0,7.5,2.2,1.2,2.6,2.8,6.7,28.5,,110,110
325,Josh Jackson,SG,22,MEM,22,0,381,8.6,19.5,.440,2.8,8.8,.319,5.8,10.7,.540,4.3,6.1,.700,1.3,6.7,8.1,4.3,2.2,1.1,3.4,4.9,24.3,,103,109
326,Justin Jackson,PF,24,DAL,65,3,1045,6.2,15.8,.396,2.2,7.5,.294,4.0,8.2,.489,1.9,2.3,.840,1.2,5.9,7.1,2.4,0.7,0.5,0.6,3.2,16.6,,108,115
327,Reggie Jackson,PG,29,TOT,31,16,743,8.7,21.2,.411,3.7,9.4,.393,5.0,11.8,.425,2.9,3.5,.833,1.1,4.9,6.0,8.2,0.8,0.3,3.3,3.8,24.0,,108,114
328,Reggie Jackson,PG,29,DET,14,10,381,9.8,25.6,.384,4.0,10.6,.378,5.8,15.0,.388,3.4,4.3,.788,1.4,3.9,5.3,9.3,1.0,0.1,3.0,2.7,27.0,,106,117
329,Reggie Jackson,PG,29,LAC,17,6,362,7.6,16.7,.453,3.4,8.2,.413,4.2,8.5,.492,2.5,2.7,.905,0.8,5.9,6.7,7.1,0.7,0.5,3.7,5.0,21.0,,111,111
330,Justin James,SG,23,SAC,36,0,232,7.3,17.6,.417,1.9,6.1,.310,5.4,11.5,.473,2.1,4.4,.476,1.3,5.4,6.7,3.8,1.3,1.9,1.7,3.6,18.6,,99,112
331,LeBron James,PG,35,LAL,67,67,2316,13.2,26.8,.493,3.0,8.7,.348,10.2,18.0,.564,5.4,7.8,.693,1.4,9.4,10.8,14.0,1.6,0.7,5.4,2.4,34.9,,116,106
332,Amile Jefferson,PF,26,ORL,18,0,74,3.3,9.2,.357,0.0,0.0,,3.3,9.2,.357,3.3,9.2,.357,6.6,8.6,15.1,2.6,0.7,2.0,2.0,4.6,9.9,,95,110
333,DaQuan Jeffries,SG,22,SAC,13,0,141,6.9,13.8,.500,1.7,6.2,.278,5.2,7.6,.682,1.7,2.1,.833,1.0,5.2,6.2,2.4,1.4,0.3,0.7,6.5,17.2,,121,114
334,Ty Jerome,PG,22,PHO,31,0,328,5.5,16.3,.336,2.0,7.2,.280,3.5,9.1,.381,1.7,2.3,.750,1.0,5.6,6.6,6.4,2.2,0.4,2.6,4.2,14.7,,92,111
335,Alize Johnson,SF,23,IND,17,1,118,4.9,11.9,.414,1.2,3.3,.375,3.7,8.6,.429,2.9,4.1,.700,6.6,13.2,19.7,2.9,1.2,0.8,2.9,4.9,14.0,,108,105
336,B.J. Johnson,SF,24,ORL,10,0,83,5.3,18.8,.281,1.8,5.3,.333,3.5,13.5,.261,5.3,5.9,.900,1.8,7.0,8.8,1.8,1.8,0.0,3.5,1.8,17.6,,81,111
337,Cameron Johnson,PF,23,PHO,57,9,1255,6.6,15.3,.435,4.0,10.3,.390,2.6,5.0,.526,1.7,2.2,.807,1.8,5.2,7.1,2.6,1.4,0.8,1.2,3.3,19.0,,117,113
338,James Johnson,PF,32,TOT,32,1,619,7.9,16.5,.479,2.5,7.0,.363,5.4,9.5,.565,2.4,3.7,.646,1.9,7.1,9.1,5.7,1.9,2.5,3.7,6.1,20.7,,107,108
339,James Johnson,PF,32,MIA,18,0,281,6.8,15.1,.448,2.8,7.8,.356,4.0,7.3,.548,1.4,2.4,.571,1.4,7.6,9.0,3.6,1.0,2.3,2.6,5.9,17.7,,103,109
340,James Johnson,PF,32,MIN,14,1,338,8.8,17.6,.500,2.3,6.3,.370,6.5,11.3,.573,3.2,4.7,.676,2.3,6.7,9.1,7.3,2.6,2.6,4.5,6.3,23.1,,109,108
341,Keldon Johnson,SF,20,SAS,17,1,301,8.4,14.1,.596,2.1,3.5,.591,6.4,10.6,.597,5.6,7.0,.795,1.6,7.5,9.0,2.4,2.2,0.3,2.1,4.4,24.4,,131,113
342,Stanley Johnson,PF,23,TOR,25,0,150,7.0,18.7,.373,2.2,7.6,.292,4.8,11.1,.429,2.9,5.1,.563,2.2,9.5,11.7,6.3,1.9,1.3,4.8,5.1,19.0,,90,103
343,Tyler Johnson,SG,27,TOT,39,7,709,6.5,16.7,.388,2.5,7.9,.319,3.9,8.8,.450,2.8,3.3,.840,1.2,3.9,5.1,4.9,1.1,0.6,1.9,3.9,18.3,,105,114
344,Tyler Johnson,SG,27,PHO,31,3,515,6.0,15.7,.380,2.2,7.6,.289,3.8,8.1,.466,2.2,2.9,.750,0.9,3.9,4.8,4.6,1.1,0.7,2.2,4.0,16.4,,98,114
345,Tyler Johnson,SG,27,BRK,8,4,194,7.8,19.3,.405,3.4,8.8,.389,4.4,10.5,.419,4.4,4.4,1.000,2.0,3.9,5.9,5.9,1.0,0.2,1.2,3.7,23.4,,121,113
346,,,,,,,,,,,,,,,,,,,,,,,,,,,,,,,
347,Nikola Jokić,C,24,DEN,73,73,2336,12.0,22.7,.528,1.7,5.4,.314,10.3,17.3,.594,5.2,6.4,.817,3.5,11.5,15.0,10.8,1.8,0.9,4.8,4.7,30.8,,119,108
348,Damian Jones,C,24,ATL,55,27,887,6.4,9.4,.680,0.1,0.5,.222,6.3,8.9,.704,3.3,4.4,.738,3.9,6.9,10.8,1.8,1.4,2.1,1.5,7.8,16.1,,138,113
349,Derrick Jones Jr.,SF,22,MIA,59,16,1375,6.5,12.4,.527,1.3,4.7,.280,5.2,7.7,.677,3.4,4.4,.772,2.3,5.9,8.3,2.2,2.1,1.3,1.1,4.6,17.7,,126,109
350,Tyus Jones,PG,23,MEM,65,6,1232,7.5,16.3,.459,1.8,4.7,.379,5.7,11.6,.492,1.6,2.2,.741,0.3,3.6,3.9,10.8,2.2,0.2,2.1,1.7,18.3,,116,112
351,DeAndre Jordan,C,31,BRK,56,6,1234,7.3,11.0,.666,0.0,0.0,,7.3,11.0,.666,3.2,4.7,.680,5.4,16.1,21.5,4.0,0.7,2.0,2.8,4.4,17.8,,129,104
352,Cory Joseph,PG,28,SAC,72,26,1759,4.7,11.4,.415,1.5,4.4,.352,3.2,7.0,.455,1.7,1.9,.857,1.2,4.0,5.2,6.9,1.5,0.6,2.2,3.7,12.6,,110,114
353,Mfiondu Kabengele,C,22,LAC,12,0,64,10.3,23.6,.438,6.6,14.8,.450,3.7,8.9,.417,3.7,3.7,1.000,0.7,7.4,8.1,1.5,1.5,1.5,1.5,6.6,31.0,,119,107
354,Frank Kaminsky,C,26,PHO,39,13,777,8.4,18.7,.450,2.5,7.6,.331,5.9,11.2,.530,3.7,5.5,.678,2.1,8.6,10.7,4.6,0.9,0.6,2.3,4.6,23.0,,110,112
355,Enes Kanter,C,27,BOS,58,7,983,9.8,17.1,.572,0.0,0.3,.143,9.7,16.7,.581,3.4,4.9,.707,8.0,13.2,21.2,2.7,1.1,2.0,2.7,4.9,23.0,,123,104
356,Luke Kennard,SG,23,DET,28,25,922,8.1,18.2,.442,3.9,9.8,.399,4.2,8.5,.491,3.6,4.0,.893,0.5,4.7,5.2,6.1,0.6,0.3,2.3,3.5,23.6,,117,117
357,Stanton Kidd,SF,27,UTA,4,0,15,0.0,9.7,.000,0.0,3.2,.000,0.0,6.5,.000,0.0,0.0,,0.0,9.7,9.7,3.2,0.0,0.0,6.5,9.7,0.0,,13,112
358,Michael Kidd-Gilchrist,SF-PF,26,TOT,25,0,281,3.9,11.6,.333,0.9,3.5,.250,3.0,8.1,.370,1.9,2.5,.786,2.5,9.3,11.8,2.5,0.4,1.1,2.8,6.5,10.5,,85,113
359,Michael Kidd-Gilchrist,PF,26,CHO,12,0,160,5.6,16.6,.340,1.6,5.3,.294,4.1,11.3,.361,2.2,2.8,.778,2.8,8.1,11.0,3.1,0.0,0.9,2.2,5.6,15.0,,91,115
360,Michael Kidd-Gilchrist,SF,26,DAL,13,0,121,1.6,5.2,.308,0.0,1.2,.000,1.6,4.0,.400,1.6,2.0,.800,2.0,10.8,12.8,1.6,0.8,1.2,3.6,7.6,4.8,,71,110
361,Louis King,SF,20,DET,10,0,62,6.3,16.7,.381,3.2,8.7,.364,3.2,7.9,.400,0.0,2.4,.000,0.8,7.1,7.9,4.0,1.6,0.0,1.6,7.9,15.9,,93,113
362,Maxi Kleber,C,28,DAL,74,21,1890,6.1,13.1,.461,3.0,8.2,.373,3.0,5.0,.605,2.0,2.4,.849,2.9,7.1,9.9,2.3,0.6,2.1,1.5,4.5,17.2,,122,112
363,Brandon Knight,PG,28,TOT,25,3,462,6.2,17.7,.353,4.8,13.9,.344,1.5,3.8,.389,2.1,3.6,.588,0.4,3.9,4.3,7.3,1.1,0.3,4.0,4.2,19.4,,98,117
364,Brandon Knight,PG,28,CLE,16,0,241,5.7,17.4,.326,3.8,12.9,.297,1.8,4.4,.409,0.8,2.6,.308,0.6,3.4,4.0,6.3,1.0,0.4,3.2,4.0,15.9,,89,119
365,Brandon Knight,PG,28,DET,9,3,221,6.9,18.0,.383,5.8,14.9,.388,1.1,3.1,.357,3.6,4.7,.762,0.2,4.5,4.7,8.5,1.1,0.2,4.9,4.5,23.1,,106,116
366,Kevin Knox,SF,20,NYK,65,4,1166,6.0,16.7,.359,2.7,8.3,.327,3.3,8.4,.391,2.8,4.2,.653,1.2,6.5,7.7,2.5,1.0,1.2,1.9,4.4,17.5,,97,114
367,John Konchar,SG,23,MEM,19,0,181,6.2,9.5,.649,1.3,2.6,.500,4.9,7.0,.704,0.3,0.5,.500,4.6,7.5,12.1,5.7,1.8,0.8,1.8,1.8,13.9,,140,110
368,Furkan Korkmaz,SG,22,PHI,72,12,1559,7.5,17.5,.430,4.4,11.1,.402,3.1,6.4,.478,2.4,3.2,.755,0.6,4.7,5.2,2.5,1.3,0.5,1.8,3.0,21.9,,111,112
369,Luke Kornet,C,24,CHI,36,14,559,7.1,16.1,.439,2.7,9.3,.287,4.4,6.8,.646,1.7,2.4,.714,1.9,5.3,7.2,2.8,0.9,2.2,1.2,4.7,18.5,,112,111
370,Kyle Korver,SF,38,MIL,58,1,960,6.0,13.9,.430,4.7,11.3,.418,1.3,2.7,.482,1.7,2.0,.854,0.7,5.1,5.8,3.2,1.2,0.6,2.3,3.7,18.4,,113,106
371,,,,,,,,,,,,,,,,,,,,,,,,,,,,,,,
372,Rodions Kurucs,PF,21,BRK,47,9,684,5.5,12.2,.446,2.3,6.2,.367,3.2,6.0,.529,1.7,2.6,.632,1.7,7.7,9.5,3.5,1.7,0.3,3.2,6.2,14.9,,101,109
373,Kyle Kuzma,PF,24,LAL,61,9,1526,9.1,20.8,.436,2.7,8.5,.316,6.4,12.3,.518,3.6,4.8,.735,1.6,6.9,8.5,2.5,0.9,0.8,2.8,3.9,24.4,,103,109
374,Skal Labissière,C,23,POR,33,1,567,6.8,12.4,.551,0.3,1.1,.231,6.6,11.3,.582,2.1,2.8,.758,5.5,8.7,14.2,3.5,0.6,2.6,2.5,7.5,16.0,,121,113
375,Jeremy Lamb,SG,27,IND,46,42,1291,8.1,18.0,.451,2.0,5.9,.335,6.1,12.1,.508,3.5,4.1,.836,0.9,6.6,7.5,3.6,2.1,0.8,1.9,3.9,21.7,,108,107
376,Romeo Langford,SG,20,BOS,32,2,370,3.7,10.4,.350,0.7,3.5,.185,3.0,6.9,.434,2.3,3.3,.720,2.0,3.4,5.3,1.7,1.0,1.0,1.4,4.3,10.3,,95,111
377,Zach LaVine,SG,24,CHI,60,60,2085,12.5,27.7,.450,4.3,11.2,.380,8.2,16.5,.497,6.2,7.7,.802,0.9,5.7,6.7,5.9,2.0,0.6,4.8,3.0,35.3,,106,110
378,Vic Law,SF,24,ORL,8,0,62,4.7,14.1,.333,0.8,5.5,.143,3.9,8.6,.455,1.6,4.7,.333,1.6,7.1,8.6,2.4,1.6,0.0,1.6,4.7,11.8,,79,111
379,Jake Layman,PF,25,MIN,23,2,505,7.4,16.5,.453,2.2,6.6,.333,5.2,9.8,.533,2.2,2.9,.750,1.6,3.7,5.2,1.4,1.6,0.9,2.2,4.3,19.3,,102,114
380,T.J. Leaf,PF,22,IND,28,1,222,7.9,18.8,.419,1.1,3.9,.278,6.8,14.9,.456,1.5,3.5,.438,5.0,10.5,15.5,2.0,2.2,0.9,1.7,4.8,18.4,,98,105
381,Jalen Lecque,PG,19,PHO,5,0,32,5.9,14.8,.400,0.0,5.9,.000,5.9,8.9,.667,3.0,3.0,1.000,0.0,3.0,3.0,3.0,0.0,0.0,3.0,4.4,14.8,,86,118
382,Courtney Lee,SG,34,DAL,24,9,345,5.6,11.5,.488,2.9,6.6,.447,2.7,4.9,.543,0.8,1.0,.857,1.0,3.5,4.5,1.7,2.5,0.8,1.5,4.6,15.0,,116,111
383,Damion Lee,SG,27,GSW,49,36,1423,7.2,17.2,.417,2.9,8.0,.356,4.3,9.1,.471,3.7,4.2,.873,1.1,7.0,8.0,4.5,1.7,0.2,2.3,3.9,20.9,,108,114
384,Alex Len,C,26,TOT,55,12,970,8.6,15.5,.555,0.8,2.9,.271,7.8,12.6,.619,3.3,5.1,.648,4.8,10.7,15.6,2.4,1.1,2.3,2.7,6.2,21.2,,116,111
385,Alex Len,C,26,ATL,40,9,745,8.9,16.3,.546,0.9,3.5,.250,8.0,12.8,.627,3.2,5.1,.630,4.3,10.1,14.4,2.6,1.3,2.1,2.4,5.8,21.8,,115,112
386,Alex Len,C,26,SAC,15,3,225,7.5,12.7,.593,0.4,0.6,.667,7.1,12.1,.589,3.7,5.2,.708,6.7,12.9,19.6,1.7,0.6,3.2,3.5,7.3,19.2,,119,108
387,Kawhi Leonard,SF,28,LAC,57,57,1848,13.6,29.0,.470,3.1,8.3,.378,10.5,20.7,.506,9.1,10.3,.886,1.4,8.9,10.3,7.2,2.6,0.8,3.8,2.9,39.5,,117,104
388,Meyers Leonard,C,27,MIA,51,49,1034,5.6,11.0,.509,2.5,6.0,.414,3.1,5.0,.623,0.8,1.3,.643,1.4,10.9,12.3,2.6,0.7,0.7,1.8,5.1,14.6,,114,110
389,Caris LeVert,SG,25,BRK,45,31,1330,11.1,26.0,.425,2.8,7.8,.364,8.2,18.2,.451,5.0,7.0,.711,1.7,5.0,6.7,7.1,1.9,0.4,4.2,2.9,30.0,,102,110
390,Damian Lillard,PG,29,POR,66,66,2474,12.0,26.0,.463,5.2,13.0,.401,6.8,13.0,.524,8.9,10.0,.888,0.6,4.8,5.5,10.2,1.3,0.4,3.7,2.2,38.1,,126,117
391,Nassir Little,PF,19,POR,48,5,573,5.4,12.6,.430,1.2,4.9,.237,4.2,7.7,.554,2.3,3.7,.636,2.6,6.4,9.0,1.8,1.1,1.2,1.2,6.0,14.3,,108,116
392,Kevon Looney,C,23,GSW,20,4,262,5.3,14.4,.367,0.2,2.6,.071,5.1,11.9,.431,1.6,2.2,.750,5.1,6.9,12.1,3.7,2.2,1.1,2.2,6.2,12.4,,94,112
393,Brook Lopez,C,31,MIL,68,67,1817,7.3,16.9,.435,2.6,8.2,.314,4.8,8.7,.549,3.2,3.8,.836,1.5,6.4,7.8,2.5,1.2,4.1,1.8,4.1,20.4,,109,100
394,,,,,,,,,,,,,,,,,,,,,,,,,,,,,,,
395,Robin Lopez,C,31,MIL,66,5,958,7.0,14.3,.492,1.7,5.0,.333,5.3,9.2,.577,1.3,2.5,.528,2.7,5.0,7.7,2.1,0.5,2.1,3.0,4.6,17.0,,101,105
396,Kevin Love,PF,31,CLE,56,56,1780,8.9,19.9,.450,4.0,10.7,.374,4.9,9.2,.537,5.1,6.0,.854,1.5,13.5,15.0,4.9,0.9,0.5,3.8,2.5,27.0,,112,113
397,Kyle Lowry,PG,33,TOR,58,58,2098,7.6,18.2,.416,3.7,10.6,.352,3.9,7.6,.504,6.7,7.8,.857,0.7,5.9,6.6,9.8,1.9,0.6,4.0,4.3,25.5,,116,106
398,Timothé Luwawu-Cabarrot,SG,24,BRK,47,2,853,6.5,14.9,.435,3.4,8.9,.388,3.1,6.0,.505,3.8,4.5,.852,1.6,5.4,7.0,1.6,1.0,0.4,2.1,5.9,20.2,,114,112
399,Trey Lyles,PF,24,SAS,63,53,1271,5.8,12.9,.446,2.4,6.3,.387,3.3,6.6,.503,1.2,1.7,.733,2.7,10.9,13.6,2.6,1.1,1.1,1.5,3.7,15.2,,113,113
400,Daryl Macon,SG,24,MIA,4,0,14,3.5,10.5,.333,3.5,7.0,.500,0.0,3.5,.000,0.0,0.0,,0.0,0.0,0.0,3.5,0.0,0.0,7.0,3.5,10.5,,65,118
401,J.P. Macura,SG,24,CLE,1,0,1,0.0,0.0,,0.0,0.0,,0.0,0.0,,0.0,0.0,,0.0,0.0,0.0,0.0,0.0,0.0,0.0,0.0,0.0,,,123
402,Josh Magette,PG,30,ORL,8,0,38,6.4,19.2,.333,1.3,5.1,.250,5.1,14.1,.364,1.3,2.6,.500,1.3,6.4,7.7,6.4,3.8,1.3,6.4,5.1,15.4,,71,105
403,Ian Mahinmi,C,33,WAS,38,35,808,6.0,12.1,.495,0.3,1.5,.192,5.7,10.6,.538,4.0,6.5,.619,4.5,8.1,12.6,2.8,1.8,2.5,2.6,6.6,16.4,,110,112
404,Thon Maker,C,22,DET,60,14,776,5.9,12.2,.482,1.4,4.1,.344,4.5,8.2,.550,4.6,7.0,.664,3.4,7.2,10.6,2.7,1.6,2.5,2.9,6.5,17.8,,111,110
405,Terance Mann,SG,23,LAC,41,6,362,4.8,10.3,.468,0.9,2.6,.350,3.9,7.7,.508,2.4,3.5,.667,1.3,5.9,7.2,6.9,1.4,0.7,2.4,6.0,12.9,,114,109
406,Boban Marjanović,C,31,DAL,44,5,422,13.9,24.2,.573,0.5,1.9,.235,13.4,22.2,.603,4.9,6.5,.754,7.6,15.0,22.6,2.3,0.9,1.1,3.4,6.4,33.1,,120,108
407,Lauri Markkanen,PF,22,CHI,50,50,1492,8.1,19.1,.425,3.5,10.2,.344,4.6,8.8,.518,4.1,4.9,.824,1.9,8.2,10.1,2.4,1.4,0.7,2.6,3.1,23.8,,108,110
408,Caleb Martin,SF,24,CHO,18,1,317,5.8,13.3,.440,3.2,5.8,.541,2.7,7.4,.362,2.7,3.3,.810,1.6,4.4,6.0,3.6,1.9,1.1,2.4,5.1,17.5,,113,113
409,Cody Martin,SF,24,CHO,48,3,903,4.9,11.5,.430,1.0,4.3,.234,3.9,7.2,.546,2.3,3.6,.646,2.1,6.7,8.8,5.3,2.2,0.5,2.4,4.3,13.2,,104,112
410,Jeremiah Martin,PG,23,BRK,9,0,99,11.5,25.3,.453,2.4,8.6,.278,9.1,16.7,.543,5.3,6.7,.786,0.5,4.3,4.8,8.6,3.3,1.0,1.9,3.3,30.6,,116,107
411,Kelan Martin,SF,24,MIN,31,4,495,6.7,17.0,.392,2.3,9.0,.260,4.3,8.0,.541,2.8,2.9,.968,1.1,7.9,9.0,2.2,0.7,0.8,1.9,4.8,18.5,,100,114
412,Frank Mason III,PG,25,MIL,9,0,118,8.9,19.7,.451,2.3,8.1,.286,6.6,11.6,.567,3.9,6.6,.588,1.9,5.4,7.4,11.2,1.9,0.4,4.3,4.3,24.0,,110,104
413,Garrison Mathews,SG,23,WAS,18,0,227,4.9,11.5,.429,3.9,9.5,.413,1.0,2.1,.500,6.4,7.0,.912,1.2,3.7,4.9,2.1,1.6,0.2,1.6,6.6,20.2,,133,118
414,Wesley Matthews,SG,33,MIL,67,67,1635,4.7,11.8,.396,3.0,8.3,.364,1.6,3.5,.472,1.5,1.9,.765,0.6,4.0,4.6,2.6,1.1,0.3,1.2,2.9,13.8,,109,107
415,,,,,,,,,,,,,,,,,,,,,,,,,,,,,,,
416,Luc Mbah a Moute,PF,33,HOU,3,0,25,3.7,9.3,.400,0.0,3.7,.000,3.7,5.6,.667,1.9,3.7,.500,1.9,1.9,3.7,0.0,3.7,0.0,1.9,0.0,9.3,,82,110
417,Patrick McCaw,SF,24,TOR,37,12,908,3.5,8.5,.414,1.2,3.7,.324,2.3,4.8,.484,0.7,0.9,.722,1.0,3.5,4.5,4.1,2.0,0.2,1.5,3.1,8.9,,105,108
418,CJ McCollum,SG,28,POR,70,70,2556,11.4,25.3,.451,3.6,9.5,.379,7.8,15.7,.494,2.6,3.4,.757,0.9,4.7,5.5,5.8,1.0,0.8,2.4,3.4,29.0,,111,118
419,T.J. McConnell,PG,27,IND,71,3,1326,7.8,15.0,.516,0.2,0.6,.294,7.6,14.4,.525,1.3,1.5,.833,1.4,5.5,6.9,13.0,2.0,0.4,3.7,2.7,17.0,,112,109
420,Jalen McDaniels,PF,22,CHO,16,0,293,5.6,12.0,.471,1.5,4.1,.375,4.1,7.9,.522,2.4,2.9,.824,2.6,8.5,11.1,2.2,1.4,0.5,1.9,6.2,15.2,,112,113
421,Doug McDermott,PF,28,IND,69,0,1372,9.4,19.3,.488,4.5,10.4,.435,4.9,8.9,.549,1.7,2.1,.828,0.9,5.2,6.2,2.8,0.4,0.2,1.5,4.1,25.1,,117,113
422,JaVale McGee,C,32,LAL,68,68,1130,8.2,12.9,.637,0.1,0.3,.500,8.1,12.6,.640,2.2,3.5,.646,5.3,11.2,16.4,1.6,1.5,4.0,2.3,6.7,18.8,,124,101
423,Rodney McGruder,SG,28,LAC,56,4,871,3.9,9.8,.398,1.3,4.8,.270,2.6,5.0,.522,1.0,1.8,.559,1.6,6.6,8.2,2.0,1.4,0.4,1.3,4.0,10.1,,100,109
424,Alfonzo McKinnie,SF,27,CLE,40,1,593,6.0,14.0,.427,1.1,5.3,.215,4.8,8.7,.557,1.8,2.5,.710,3.0,6.2,9.3,1.1,1.9,0.7,2.1,5.9,14.9,,99,115
425,Jordan McLaughlin,PG,23,MIN,30,2,590,6.8,14.0,.489,2.3,6.0,.382,4.6,8.0,.569,2.0,3.1,.667,0.6,3.3,3.9,9.8,2.7,0.3,2.4,2.4,18.0,,121,113
426,Ben McLemore,SG,26,HOU,71,23,1619,6.9,15.6,.444,5.2,12.9,.400,1.7,2.7,.656,1.4,1.9,.746,0.6,3.9,4.5,1.7,1.3,0.5,1.4,4.4,20.4,,118,113
427,Jordan McRae,SG,28,TOT,37,4,784,9.0,22.0,.407,2.7,7.6,.357,6.3,14.4,.433,5.0,6.6,.761,1.1,6.4,7.5,5.6,1.3,1.0,2.6,4.4,25.6,,105,116
428,Jordan McRae,SG,28,WAS,29,4,654,9.5,22.7,.420,2.9,7.6,.377,6.6,15.1,.441,4.6,5.9,.771,1.2,6.2,7.4,5.9,1.4,1.1,2.7,4.4,26.4,,106,116
429,Jordan McRae,SG,28,DEN,4,0,32,3.1,9.3,.333,3.1,6.2,.500,0.0,3.1,.000,4.6,6.2,.750,1.5,6.2,7.7,6.2,3.1,1.5,0.0,3.1,13.9,,144,108
430,Jordan McRae,SG,28,DET,4,0,98,7.0,21.6,.326,1.5,8.0,.188,5.5,13.6,.407,8.0,11.0,.727,0.0,7.5,7.5,3.5,0.0,0.0,2.5,5.0,23.6,,92,117
431,Nicolò Melli,C,29,NOP,60,8,1042,6.0,14.3,.421,3.1,9.1,.335,3.0,5.2,.573,2.4,3.2,.740,1.7,6.3,8.0,3.6,1.5,1.0,2.0,5.5,17.5,,111,112
432,De'Anthony Melton,PG,21,MEM,60,8,1167,6.4,16.0,.401,1.6,5.6,.286,4.8,10.4,.464,3.7,4.8,.769,1.7,7.1,8.8,7.0,3.1,0.8,3.4,4.4,18.2,,102,107
433,Chimezie Metu,PF,22,SAS,18,0,105,10.9,19.1,.571,0.0,0.9,.000,10.9,18.2,.600,4.6,5.9,.769,5.5,9.6,15.0,4.6,1.4,2.7,4.6,3.2,26.4,,113,110
434,Khris Middleton,SF,28,MIL,62,59,1853,11.6,23.3,.497,3.6,8.7,.415,8.0,14.6,.546,5.1,5.6,.916,1.1,8.3,9.4,6.5,1.3,0.2,3.4,3.5,32.0,,118,104
435,Eric Mika,PF,25,SAC,1,0,19,5.1,7.7,.667,0.0,0.0,,5.1,7.7,.667,5.1,5.1,1.000,5.1,12.8,17.9,0.0,0.0,0.0,0.0,12.8,15.3,,173,113
436,C.J. Miles,SG,32,WAS,10,0,161,5.5,17.1,.322,3.2,10.2,.314,2.3,7.0,.333,4.4,5.8,.750,1.2,2.3,3.5,3.5,2.9,1.2,1.2,4.1,18.6,,103,114
437,Malcolm Miller,SF,26,TOR,28,1,162,3.5,8.5,.414,2.3,6.5,.364,1.2,2.1,.571,0.9,2.3,.375,0.6,4.1,4.7,3.2,1.5,0.6,1.2,5.3,10.3,,108,108
438,Patty Mills,PG,31,SAS,66,1,1485,8.3,19.2,.431,5.0,13.0,.382,3.3,6.3,.533,3.1,3.6,.866,0.7,2.8,3.5,3.8,1.7,0.2,1.7,3.4,24.7,,115,116
439,,,,,,,,,,,,,,,,,,,,,,,,,,,,,,,
440,Paul Millsap,PF,34,DEN,51,48,1240,8.4,17.5,.482,2.2,4.9,.435,6.3,12.5,.500,4.6,5.6,.816,3.9,7.8,11.7,3.3,1.8,1.2,2.8,6.0,23.6,,116,110
441,Shake Milton,SG,23,PHI,40,24,805,8.1,16.7,.484,3.5,8.1,.430,4.6,8.6,.535,3.1,3.9,.785,0.9,4.4,5.3,6.3,1.2,0.4,2.8,5.5,22.7,,118,112
442,Donovan Mitchell,SG,23,UTA,69,69,2364,12.4,27.6,.449,3.6,9.7,.366,8.8,17.9,.494,5.7,6.6,.863,1.1,5.2,6.3,6.1,1.4,0.3,3.8,3.5,34.1,,110,111
443,Naz Mitrou-Long,SG,26,IND,5,0,47,6.2,17.5,.353,2.1,12.4,.167,4.1,5.2,.800,0.0,0.0,,0.0,7.2,7.2,8.3,1.0,1.0,3.1,2.1,14.5,,87,109
444,Adam Mokoka,SG,21,CHI,11,0,112,5.2,12.0,.429,2.6,6.5,.400,2.6,5.6,.462,0.9,1.7,.500,3.0,1.3,4.3,1.7,1.7,0.0,0.9,7.3,13.8,,115,114
445,Malik Monk,SG,21,CHO,55,1,1169,9.1,20.9,.434,2.5,8.7,.284,6.6,12.2,.542,3.5,4.3,.820,1.2,5.6,6.7,4.9,1.1,0.7,3.3,3.2,24.2,,102,115
446,Matt Mooney,SG,22,CLE,4,0,19,2.6,10.2,.250,0.0,5.1,.000,2.6,5.1,.500,0.0,0.0,,0.0,7.7,7.7,2.6,5.1,2.6,0.0,2.6,5.1,,69,104
447,E'Twaun Moore,SG,30,NOP,56,6,1020,8.4,19.8,.426,2.9,7.6,.377,5.6,12.2,.456,1.4,2.0,.689,1.4,4.5,5.9,3.5,1.5,0.5,1.8,3.6,21.1,,104,114
448,Ja Morant,PG,20,MEM,67,67,2074,10.1,21.1,.477,1.4,4.0,.335,8.7,17.1,.511,5.4,6.9,.776,1.1,4.7,5.8,11.0,1.3,0.4,5.0,2.5,26.9,,109,113
449,Juwan Morgan,PF,22,UTA,21,0,134,5.4,9.4,.577,1.1,2.9,.375,4.4,6.5,.667,1.1,1.5,.750,3.6,6.9,10.5,2.2,0.4,0.7,2.2,6.9,13.1,,121,112
450,Marcus Morris,SF-PF,30,TOT,62,62,1936,8.9,20.2,.438,3.5,8.7,.408,5.3,11.5,.461,4.5,5.5,.823,1.5,6.3,7.8,2.1,1.2,0.7,2.4,4.5,25.8,,111,113
451,Marcus Morris,SF,30,NYK,43,43,1387,9.9,22.3,.442,4.1,9.3,.439,5.8,13.1,.444,5.7,7.0,.823,1.7,6.5,8.2,2.1,1.2,0.6,2.6,4.5,29.5,,113,115
452,Marcus Morris,PF,30,LAC,19,19,549,6.4,15.0,.425,2.2,7.2,.310,4.1,7.7,.533,1.5,1.9,.818,0.9,5.8,6.7,2.3,1.1,1.1,2.1,4.5,16.5,,101,109
453,Markieff Morris,PF,30,TOT,58,17,1187,8.4,18.9,.443,3.6,9.4,.386,4.7,9.5,.500,2.7,3.5,.776,1.6,7.3,9.0,3.2,1.3,0.7,3.1,5.5,23.1,,105,112
454,Markieff Morris,PF,30,DET,44,16,988,8.7,19.4,.450,3.7,9.4,.397,5.0,10.0,.500,3.0,3.9,.772,1.2,7.4,8.6,3.4,1.3,0.5,3.5,5.2,24.2,,104,113
455,Markieff Morris,PF,30,LAL,14,1,199,6.7,16.5,.406,3.1,9.3,.333,3.6,7.2,.500,1.2,1.4,.833,3.8,6.9,10.8,1.9,1.2,1.4,1.4,6.9,17.7,,110,107
456,Monte Morris,PG,24,DEN,73,12,1636,7.9,17.1,.459,2.0,5.2,.378,5.9,11.9,.495,2.3,2.7,.843,0.7,3.4,4.1,7.7,1.7,0.5,1.6,2.2,19.9,,118,114
457,Johnathan Motley,PF,24,LAC,13,0,41,12.7,17.3,.733,1.2,1.2,1.000,11.5,16.1,.714,5.8,8.1,.714,3.5,8.1,11.5,9.2,3.5,0.0,5.8,6.9,32.3,,132,104
458,Emmanuel Mudiay,PG,23,UTA,54,2,850,8.6,18.7,.462,1.7,5.0,.345,6.9,13.7,.504,3.6,4.8,.759,1.0,6.2,7.2,6.6,1.4,0.6,4.4,4.1,22.6,,103,111
459,Mychal Mulder,SG,25,GSW,7,3,204,6.1,15.7,.388,3.8,12.2,.308,2.3,3.5,.667,2.1,2.8,.750,0.7,4.7,5.4,1.9,0.5,0.2,1.2,4.7,18.1,,104,118
460,Dejounte Murray,PG,23,SAS,66,58,1687,8.3,18.0,.462,1.2,3.1,.369,7.2,14.9,.481,2.6,3.2,.798,2.0,8.9,10.8,7.7,3.1,0.5,3.5,4.1,20.4,,105,110
461,Jamal Murray,PG,22,DEN,59,59,1904,10.6,23.2,.456,2.9,8.4,.346,7.7,14.8,.519,4.2,4.8,.881,1.2,5.0,6.1,7.4,1.7,0.4,3.3,2.6,28.3,,112,113
462,Džanan Musa,SF,20,BRK,40,0,487,6.2,16.7,.372,1.8,7.6,.244,4.4,9.1,.479,4.4,5.8,.750,2.0,6.3,8.4,4.2,1.5,0.1,3.5,2.9,18.7,,96,111
463,Mike Muscala,C,28,OKC,47,2,572,6.5,16.1,.407,4.6,12.1,.378,2.0,3.9,.500,1.5,1.9,.818,1.4,7.8,9.2,3.4,0.8,1.0,1.4,4.9,19.2,,114,110
464,,,,,,,,,,,,,,,,,,,,,,,,,,,,,,,
465,Sviatoslav Mykhailiuk,SF,22,DET,56,27,1265,6.5,15.7,.410,4.5,11.1,.404,2.0,4.7,.425,2.2,2.7,.814,0.7,3.4,4.0,4.1,1.6,0.2,2.4,3.4,19.6,,110,116
466,Abdel Nader,SF,26,OKC,55,6,867,6.9,14.7,.468,2.7,7.2,.375,4.2,7.6,.556,2.9,3.7,.773,0.8,4.8,5.6,2.1,1.3,1.1,2.4,4.4,19.3,,107,111
467,Larry Nance Jr.,C,27,CLE,56,10,1472,7.6,14.2,.531,1.9,5.3,.352,5.7,9.0,.636,1.7,2.4,.676,3.5,10.0,13.5,4.1,1.9,0.7,2.0,3.0,18.6,,122,113
468,Shabazz Napier,PG,28,TOT,56,32,1344,6.5,15.8,.412,2.6,8.3,.317,3.9,7.5,.519,4.4,5.3,.824,0.9,4.6,5.5,9.1,2.4,0.4,4.4,3.5,20.0,,106,114
469,Shabazz Napier,PG,28,MIN,36,22,856,6.2,15.3,.403,2.5,8.6,.296,3.6,6.7,.540,3.9,4.8,.818,0.9,5.0,6.0,10.1,2.2,0.4,4.1,3.4,18.8,,108,113
470,Shabazz Napier,PG,28,WAS,20,10,488,7.1,16.6,.428,2.8,7.8,.358,4.3,8.8,.489,5.2,6.2,.831,0.9,3.7,4.6,7.2,2.8,0.4,5.0,3.7,22.1,,104,115
471,Raul Neto,PG,27,PHI,54,3,668,7.3,16.1,.455,2.5,6.4,.386,4.9,9.7,.500,2.8,3.4,.830,0.8,3.6,4.4,6.9,1.7,0.4,3.4,3.6,20.0,,109,111
472,Malik Newman,SG,22,CLE,1,0,4,0.0,24.3,.000,0.0,12.2,.000,0.0,12.2,.000,24.3,24.3,1.000,0.0,0.0,0.0,0.0,0.0,0.0,12.2,0.0,24.3,,58,123
473,Georges Niang,PF,26,UTA,66,1,923,7.4,17.0,.438,4.7,11.9,.400,2.7,5.1,.526,1.1,1.3,.833,0.8,5.9,6.7,2.3,0.9,0.3,1.6,4.0,20.7,,113,112
474,Joakim Noah,C,34,LAC,5,0,50,3.8,7.6,.500,0.0,0.0,,3.8,7.6,.500,5.7,7.6,.750,4.7,10.4,15.1,6.6,0.9,0.9,5.7,8.5,13.2,,107,107
475,Nerlens Noel,C,25,OKC,61,7,1127,7.9,11.6,.684,0.0,0.1,.333,7.9,11.5,.688,3.4,4.6,.755,3.9,9.0,12.9,2.5,2.5,3.9,2.8,7.2,19.4,,127,102
476,Zach Norvell,SG,22,TOT,5,0,41,3.5,14.0,.250,3.5,9.3,.375,0.0,4.7,.000,1.2,1.2,1.000,0.0,7.0,7.0,3.5,2.3,0.0,3.5,4.7,11.7,,74,112
477,Zach Norvell,SG,22,LAL,2,0,5,0.0,9.5,.000,0.0,0.0,,0.0,9.5,.000,0.0,0.0,,0.0,9.5,9.5,0.0,0.0,0.0,0.0,0.0,0.0,,0,111
478,Zach Norvell,SG,22,GSW,3,0,36,4.0,14.6,.273,4.0,10.6,.375,0.0,4.0,.000,1.3,1.3,1.000,0.0,6.6,6.6,4.0,2.7,0.0,4.0,5.3,13.3,,78,113
479,Jaylen Nowell,SG,20,MIN,15,0,151,5.8,16.3,.358,0.9,8.0,.115,4.9,8.3,.593,4.9,5.2,.941,0.9,3.1,4.0,5.8,0.9,0.3,0.9,3.4,17.5,,109,117
480,Frank Ntilikina,PG,21,NYK,57,26,1187,5.4,13.7,.393,1.8,5.6,.321,3.6,8.0,.444,2.1,2.4,.864,0.9,4.0,5.0,7.1,2.2,0.7,2.9,5.8,14.6,,103,113
481,Kendrick Nunn,SG,24,MIA,67,67,1962,10.0,22.7,.439,3.4,9.7,.350,6.6,13.0,.505,2.1,2.5,.850,0.5,4.0,4.5,5.5,1.4,0.4,2.8,3.8,25.5,,103,112
482,Jusuf Nurkić,C,25,POR,8,8,253,10.2,20.5,.495,0.4,1.9,.200,9.8,18.6,.525,5.8,6.6,.886,4.3,11.1,15.4,6.0,2.1,3.0,3.6,7.3,26.6,,116,108
483,David Nwaba,SF,27,BRK,20,0,268,6.5,12.5,.521,2.1,4.9,.429,4.4,7.6,.581,3.2,4.8,.667,1.4,6.5,7.9,1.4,1.9,2.1,1.4,5.7,18.4,,120,107
484,Royce O'Neale,PF,26,UTA,71,62,2049,3.8,8.7,.433,2.2,5.8,.377,1.6,2.9,.545,1.0,1.3,.764,0.6,8.6,9.2,4.3,1.4,0.8,1.4,4.8,10.7,,117,109
485,Kyle O'Quinn,C,29,PHI,29,2,313,6.5,13.2,.494,1.1,4.2,.259,5.4,9.0,.603,1.7,3.1,.550,5.3,12.7,18.0,7.9,1.1,3.7,3.1,5.7,15.8,,117,104
486,Semi Ojeleye,PF,25,BOS,69,6,1011,3.8,9.4,.408,2.3,6.1,.378,1.5,3.3,.464,1.3,1.5,.875,1.2,5.7,6.9,1.8,1.0,0.2,0.9,3.8,11.3,,116,111
487,Jahlil Okafor,C,24,NOP,30,9,467,10.0,16.1,.623,0.1,0.3,.333,9.9,15.8,.629,4.0,6.1,.645,4.8,7.8,12.6,3.7,0.7,2.2,3.8,6.6,24.1,,117,112
488,Elie Okobo,PG,22,PHO,55,3,719,4.7,11.9,.398,1.6,4.7,.352,3.1,7.2,.427,3.3,4.7,.704,1.1,4.9,5.9,7.6,1.6,0.3,2.5,3.6,14.4,,109,113
489,,,,,,,,,,,,,,,,,,,,,,,,,,,,,,,
490,Josh Okogie,SG,21,MIN,62,28,1547,5.1,11.9,.427,1.2,4.6,.266,3.9,7.3,.529,4.6,5.7,.796,2.6,5.4,8.0,3.0,2.0,0.8,2.6,4.2,16.0,,108,113
491,KZ Okpala,SF,20,MIA,5,0,26,5.6,9.4,.600,0.0,1.9,.000,5.6,7.5,.750,1.9,3.8,.500,1.9,7.5,9.4,1.9,3.8,1.9,1.9,3.8,13.1,,110,103
492,Victor Oladipo,SG,27,IND,19,16,528,8.9,22.6,.394,3.0,9.6,.317,5.9,13.0,.451,4.4,5.4,.814,0.8,6.1,6.9,5.1,1.6,0.4,4.3,3.3,25.3,,94,110
493,Kelly Olynyk,C,28,MIA,67,9,1300,6.9,14.9,.462,3.6,8.8,.406,3.3,6.2,.543,3.2,3.8,.860,1.7,9.8,11.5,4.4,1.7,0.9,2.7,6.5,20.6,,116,108
494,Miye Oni,SG,22,UTA,10,1,109,5.4,14.3,.375,3.1,8.5,.368,2.2,5.8,.385,1.8,2.2,.800,2.2,5.4,7.6,1.8,1.8,0.9,1.8,4.0,15.6,,104,110
495,Cedi Osman,SF,24,CLE,65,65,1910,6.8,15.5,.437,3.1,8.2,.383,3.6,7.3,.497,1.6,2.4,.670,1.0,4.9,5.9,3.9,1.4,0.4,2.3,4.1,18.3,,107,117
496,Kelly Oubre Jr.,SF,24,PHO,56,55,1933,9.1,20.2,.452,2.6,7.5,.352,6.5,12.7,.511,4.7,6.0,.780,1.6,7.2,8.8,2.1,1.7,1.0,2.0,4.7,25.6,,109,110
497,Tariq Owens,PF,24,PHO,3,0,15,3.2,15.8,.200,0.0,6.3,.000,3.2,9.5,.333,6.3,6.3,1.000,6.3,3.2,9.5,0.0,3.2,0.0,0.0,3.2,12.6,,96,111
498,Jeremy Pargo,PG,33,GSW,3,0,44,12.0,23.9,.500,3.3,7.6,.429,8.7,16.3,.533,0.0,1.1,.000,1.1,2.2,3.3,8.7,1.1,0.0,4.4,8.7,27.2,,103,119
499,Jabari Parker,PF,24,TOT,38,23,917,11.2,21.9,.510,1.6,6.1,.269,9.5,15.8,.603,3.1,4.1,.753,3.1,7.8,10.9,3.5,2.3,0.8,3.3,5.0,27.1,,108,112
500,Jabari Parker,PF,24,ATL,32,23,837,11.0,21.9,.504,1.7,6.4,.270,9.3,15.5,.601,3.0,4.0,.736,3.0,7.6,10.6,3.2,2.3,0.8,3.3,5.2,26.7,,106,113
501,Jabari Parker,PF,24,SAC,6,0,80,12.7,21.8,.583,0.6,2.4,.250,12.1,19.4,.625,4.9,5.5,.889,4.2,9.7,13.9,6.1,1.8,0.6,2.4,3.6,30.9,,129,110
502,Chandler Parsons,SF,31,ATL,5,0,54,4.3,15.5,.278,3.5,12.1,.286,0.9,3.5,.250,0.0,0.0,,0.9,5.2,6.0,2.6,3.5,0.9,2.6,2.6,12.1,,77,112
503,Eric Paschall,PF,23,GSW,60,26,1654,9.2,18.5,.497,1.1,3.7,.287,8.1,14.8,.550,4.7,6.1,.774,2.4,5.6,8.0,3.7,0.9,0.4,2.7,3.6,24.2,,110,117
504,Anžejs Pasečņiks,C,24,WAS,27,0,437,6.5,12.4,.526,0.0,0.3,.000,6.5,12.1,.540,3.6,6.2,.586,4.5,7.0,11.4,1.9,1.0,1.3,2.6,8.0,16.7,,109,116
505,Patrick Patterson,PF,30,LAC,59,18,776,5.8,14.2,.408,4.1,10.5,.390,1.7,3.7,.459,2.1,2.6,.814,2.1,7.1,9.2,2.5,0.4,0.2,1.3,3.3,17.8,,119,111
506,Justin Patton,C,22,OKC,5,0,24,8.1,20.2,.400,2.0,8.1,.250,6.1,12.1,.500,0.0,0.0,,2.0,8.1,10.1,4.0,0.0,0.0,4.0,8.1,18.2,,86,113
507,Chris Paul,PG,34,OKC,70,70,2208,9.6,19.5,.489,2.4,6.7,.365,7.1,12.8,.554,5.6,6.1,.907,0.6,7.1,7.7,10.4,2.4,0.2,3.5,3.5,27.1,,120,108
508,Cameron Payne,PG,25,PHO,8,0,183,8.5,17.6,.485,3.9,7.5,.517,4.7,10.1,.462,1.6,1.8,.857,1.0,7.0,8.0,6.2,2.1,0.5,2.8,5.2,22.5,,115,110
509,Elfrid Payton,PG,25,NYK,45,36,1246,7.5,17.2,.439,0.5,2.7,.203,7.0,14.5,.482,1.9,3.4,.570,2.0,6.3,8.3,12.6,2.7,0.7,3.8,3.5,17.5,,105,111
510,Gary Payton II,PG,27,WAS,29,17,432,5.2,12.6,.414,1.4,5.0,.283,3.8,7.6,.500,0.4,0.9,.500,2.8,5.8,8.7,5.2,3.6,0.8,2.2,5.8,12.2,,103,111
511,Norvel Pelle,C,26,PHI,24,0,232,5.2,10.0,.521,0.0,0.2,.000,5.2,9.8,.532,1.5,2.9,.500,4.2,10.9,15.0,1.7,0.6,6.5,3.8,11.5,11.9,,94,102
512,,,,,,,,,,,,,,,,,,,,,,,,,,,,,,,
513,Theo Pinson,SG,24,BRK,33,0,365,5.8,20.1,.290,1.9,10.4,.188,3.9,9.7,.400,1.9,2.1,.938,1.3,5.7,7.0,7.3,2.2,0.5,4.3,4.5,15.6,,80,109
514,Mason Plumlee,C,29,DEN,61,1,1057,8.3,13.5,.615,0.0,0.2,.000,8.3,13.2,.625,3.9,7.2,.535,4.6,10.2,14.8,7.2,1.5,1.8,3.8,6.7,20.4,,118,108
515,Jakob Poeltl,C,24,SAS,66,18,1171,6.8,10.9,.624,0.0,0.0,,6.8,10.9,.624,1.6,3.5,.465,5.3,10.0,15.3,4.7,1.5,3.9,2.2,5.1,15.2,,125,108
516,Vincent Poirier,C,26,BOS,22,0,130,6.3,13.4,.472,0.4,0.7,.500,5.9,12.6,.471,2.2,2.6,.857,4.8,11.1,16.0,3.0,0.7,3.3,3.0,9.3,15.2,,107,104
517,Shamorie Ponds,PG,21,TOR,4,0,11,13.0,21.6,.600,4.3,8.6,.500,8.6,13.0,.667,8.6,8.6,1.000,0.0,4.3,4.3,8.6,0.0,4.3,0.0,8.6,38.9,,164,107
518,Jordan Poole,SG,20,GSW,57,14,1274,6.3,18.9,.333,2.8,10.0,.279,3.5,8.9,.392,3.6,4.5,.798,0.3,4.1,4.4,5.0,1.3,0.4,2.8,3.5,18.9,,91,117
519,Kevin Porter Jr.,SF,19,CLE,50,3,1162,7.8,17.6,.442,2.2,6.6,.335,5.6,11.0,.506,3.1,4.2,.723,0.9,5.9,6.8,4.6,1.9,0.6,3.9,5.7,20.9,,99,115
520,Michael Porter Jr.,PF,21,DEN,55,8,903,10.7,21.0,.509,3.4,8.0,.422,7.3,12.9,.564,3.3,3.9,.833,3.6,10.6,14.2,2.5,1.5,1.4,2.7,5.5,28.0,,118,109
521,Otto Porter,SF,26,CHI,14,9,331,9.0,20.4,.443,3.5,9.0,.387,5.5,11.4,.487,2.8,3.9,.704,1.9,5.1,7.0,3.6,2.2,0.9,1.6,4.5,24.3,,112,110
522,Bobby Portis,C,24,NYK,66,5,1393,9.3,20.6,.450,2.3,6.5,.358,6.9,14.1,.493,2.5,3.3,.763,2.8,9.0,11.8,3.4,1.1,0.6,2.6,3.8,23.3,,107,113
523,Kristaps Porziņģis,PF,24,DAL,57,57,1814,10.6,24.8,.427,3.8,10.7,.352,6.8,14.1,.484,6.0,7.5,.799,2.7,11.7,14.4,2.7,1.1,3.1,2.5,4.9,31.0,,111,107
524,Dwight Powell,C,28,DAL,40,37,1061,6.7,10.4,.638,0.5,1.8,.256,6.2,8.7,.716,3.4,5.1,.667,3.4,6.9,10.3,2.7,1.5,1.0,1.6,4.6,17.1,,134,111
525,Norman Powell,SG,26,TOR,52,26,1479,9.5,19.2,.495,3.5,8.8,.399,6.0,10.5,.575,4.1,4.9,.843,0.8,5.3,6.1,2.9,1.9,0.7,2.5,3.5,26.7,,115,106
526,Chasson Randle,PG,26,GSW,3,0,40,0.0,4.8,.000,0.0,2.4,.000,0.0,2.4,.000,6.0,7.2,.833,0.0,2.4,2.4,6.0,2.4,0.0,0.0,3.6,6.0,,113,116
527,Julius Randle,PF,25,NYK,64,64,2080,10.8,23.5,.460,1.5,5.4,.277,9.3,18.1,.515,6.0,8.2,.733,3.5,11.0,14.6,4.6,1.2,0.5,4.5,4.2,29.2,,105,112
528,Josh Reaves,SG,22,DAL,4,0,28,5.2,15.5,.333,0.0,3.5,.000,5.2,12.1,.429,3.5,3.5,1.000,1.7,3.5,5.2,5.2,0.0,0.0,0.0,8.6,13.8,,107,118
529,Cam Reddish,SF,20,ATL,58,34,1551,6.4,16.6,.384,2.5,7.5,.332,3.9,9.1,.428,3.0,3.8,.802,1.1,5.4,6.5,2.6,1.9,0.8,2.9,4.0,18.3,,95,115
530,J.J. Redick,SG,35,NOP,60,36,1581,8.4,18.5,.453,5.3,11.6,.453,3.1,6.8,.453,4.8,5.4,.892,0.3,4.1,4.4,3.5,0.6,0.3,2.2,2.8,26.8,,122,116
531,Naz Reid,C,20,MIN,30,11,495,9.4,22.8,.412,3.0,9.1,.330,6.4,13.7,.466,3.5,5.0,.698,3.2,8.4,11.6,3.3,1.8,2.1,2.1,7.8,25.2,,105,110
532,Josh Richardson,SG,26,PHI,55,53,1693,8.0,18.5,.430,2.4,7.1,.341,5.5,11.4,.486,3.3,4.0,.809,1.2,3.8,5.0,4.6,1.5,1.0,3.0,3.9,21.6,,104,111
533,,,,,,,,,,,,,,,,,,,,,,,,,,,,,,,
534,Austin Rivers,SG,27,HOU,68,4,1594,6.1,14.5,.421,2.8,7.8,.356,3.3,6.7,.498,2.3,3.2,.703,0.8,4.3,5.1,3.3,1.4,0.3,1.5,3.7,17.3,,110,113
535,Andre Roberson,SG,28,OKC,7,0,87,4.5,16.2,.276,1.7,7.8,.214,2.8,8.4,.333,0.6,1.1,.500,3.9,11.2,15.1,2.2,0.6,1.7,1.1,7.3,11.2,,84,108
536,Duncan Robinson,SG,25,MIA,73,68,2166,7.3,15.5,.470,6.1,13.7,.446,1.2,1.8,.654,1.5,1.6,.931,0.2,5.0,5.2,2.3,0.8,0.4,1.6,4.3,22.2,,122,113
537,Glenn Robinson III,SF,26,TOT,62,52,1786,7.7,15.9,.486,2.1,5.3,.391,5.7,10.6,.534,2.0,2.3,.860,2.2,5.1,7.2,2.6,1.4,0.4,1.5,2.7,19.5,,114,115
538,Glenn Robinson III,SF,26,GSW,48,48,1516,7.7,16.0,.481,2.1,5.4,.400,5.6,10.6,.522,2.0,2.3,.851,2.1,5.1,7.1,2.7,1.4,0.4,1.6,2.6,19.5,,112,116
539,Glenn Robinson III,SF,26,PHI,14,4,270,7.9,15.3,.518,1.6,4.8,.333,6.3,10.4,.603,2.0,2.2,.917,2.7,5.2,7.9,2.0,1.6,0.4,0.9,3.2,19.4,,124,111
540,Jerome Robinson,SG,22,TOT,63,6,979,5.5,14.9,.371,2.4,7.3,.320,3.2,7.5,.420,1.9,2.7,.702,0.6,5.6,6.2,4.2,1.3,0.8,2.4,5.4,15.3,,96,113
541,Jerome Robinson,SG,22,LAC,42,1,476,4.6,13.5,.338,1.9,6.7,.284,2.7,6.9,.391,1.1,1.9,.579,0.5,5.5,6.0,4.6,1.3,0.8,2.6,5.5,12.1,,87,109
542,Jerome Robinson,SG,22,WAS,21,5,503,6.4,16.2,.397,2.8,8.0,.349,3.6,8.2,.443,2.7,3.5,.763,0.7,5.7,6.4,3.8,1.4,0.8,2.1,5.3,18.3,,103,116
543,Justin Robinson,PG,22,WAS,9,0,49,4.8,11.4,.417,2.9,4.8,.600,1.9,6.7,.286,0.0,0.0,,1.0,3.8,4.8,6.7,0.0,1.0,2.9,1.9,12.4,,105,120
544,Mitchell Robinson,C,21,NYK,61,7,1412,8.7,11.8,.742,0.0,0.0,,8.7,11.8,.742,2.9,5.1,.568,6.4,8.3,14.8,1.2,1.8,4.1,1.3,6.7,20.3,,144,107
545,Isaiah Roby,SF,21,OKC,3,0,11,0.0,4.4,.000,0.0,0.0,,0.0,4.4,.000,0.0,0.0,,0.0,8.8,8.8,0.0,0.0,0.0,4.4,4.4,0.0,,0,113
546,Rajon Rondo,PG,33,LAL,48,3,984,6.6,15.8,.418,2.0,6.0,.328,4.6,9.8,.473,1.3,2.0,.659,1.1,5.8,6.9,11.6,1.9,0.1,4.4,2.8,16.5,,103,108
547,Derrick Rose,PG,31,DET,50,15,1298,14.0,28.5,.490,1.7,5.6,.306,12.3,23.0,.535,4.6,5.3,.871,1.0,3.6,4.6,10.5,1.5,0.6,4.8,1.9,34.3,,109,115
548,Terrence Ross,SG,28,ORL,69,0,1889,8.8,21.8,.403,4.6,13.0,.351,4.2,8.8,.480,4.0,4.7,.853,0.3,5.4,5.7,2.1,2.0,0.6,1.8,2.8,26.2,,106,110
549,Terry Rozier,PG,25,CHO,63,63,2164,9.2,21.8,.423,4.0,9.8,.407,5.2,12.0,.436,3.8,4.4,.874,1.2,5.2,6.4,6.0,1.4,0.2,3.3,2.9,26.3,,108,115
550,Ricky Rubio,PG,29,PHO,65,65,2016,6.7,16.3,.415,1.8,5.1,.361,4.9,11.2,.439,4.6,5.3,.863,1.1,6.1,7.1,13.4,2.2,0.3,4.1,3.9,19.9,,113,111
551,D'Angelo Russell,PG,23,TOT,45,45,1452,11.8,27.7,.426,5.2,14.1,.367,6.6,13.6,.487,5.3,6.5,.809,0.6,5.2,5.8,9.3,1.6,0.4,4.8,2.8,34.0,,106,115
552,D'Angelo Russell,PG,23,GSW,33,33,1060,12.3,28.7,.430,5.4,14.5,.374,6.9,14.2,.487,5.1,6.5,.785,0.6,4.9,5.5,9.3,1.4,0.4,4.6,2.9,35.2,,106,116
553,D'Angelo Russell,PG,23,MIN,12,12,392,10.3,25.0,.412,4.5,13.0,.345,5.8,12.0,.485,5.7,6.5,.873,0.4,6.2,6.5,9.4,2.0,0.5,5.4,2.6,30.8,,105,113
554,Domantas Sabonis,PF,23,IND,62,62,2159,10.3,19.1,.540,0.4,1.5,.254,9.9,17.6,.565,4.8,6.7,.723,4.2,13.1,17.3,7.0,1.1,0.7,3.8,4.4,25.8,,115,106
555,Luka Šamanić,PF,20,SAS,3,1,48,5.0,15.9,.313,3.0,8.0,.375,2.0,8.0,.250,3.0,4.0,.750,1.0,9.0,10.0,6.0,0.0,2.0,2.0,6.0,15.9,,98,115
556,JaKarr Sampson,SF,26,IND,34,12,471,7.0,11.8,.591,0.2,1.3,.154,6.8,10.5,.647,1.9,2.8,.667,2.1,7.0,9.1,2.2,1.6,1.2,1.5,6.6,16.1,,118,108
557,Dario Šarić,PF,25,PHO,66,51,1632,7.4,15.6,.476,2.4,6.8,.357,5.0,8.8,.568,3.1,3.7,.844,2.9,8.9,11.8,3.6,1.1,0.5,2.6,4.5,20.4,,114,112
558,Tomáš Satoranský,PG,28,CHI,65,64,1878,6.1,14.1,.430,1.6,5.1,.322,4.4,9.0,.491,2.7,3.1,.876,1.9,4.6,6.5,9.1,2.1,0.2,3.3,3.5,16.5,,111,112
559,Admiral Schofield,SF,22,WAS,33,2,368,4.4,11.7,.380,2.4,7.7,.311,2.0,3.9,.516,1.3,1.9,.667,0.9,5.1,6.0,1.9,1.0,0.5,0.9,6.4,12.6,,104,118
560,,,,,,,,,,,,,,,,,,,,,,,,,,,,,,,
561,Dennis Schröder,PG,26,OKC,65,2,1999,11.0,23.5,.469,3.0,7.9,.385,8.0,15.6,.513,4.8,5.7,.839,0.5,5.3,5.7,6.4,1.1,0.3,4.0,3.5,29.9,,108,112
562,Mike Scott,PF,31,PHI,68,11,1207,6.0,14.1,.426,3.2,8.7,.369,2.8,5.3,.519,1.2,1.5,.811,2.6,7.3,10.0,2.2,0.8,0.2,1.0,3.9,16.4,,117,112
563,Thabo Sefolosha,PF,35,HOU,41,0,436,3.9,9.7,.407,1.6,5.7,.278,2.3,3.9,.595,0.3,0.8,.375,2.2,7.6,9.9,2.7,2.5,1.3,1.6,4.6,9.8,,103,107
564,Collin Sexton,SG,21,CLE,65,65,2143,11.6,24.7,.472,2.2,5.8,.380,9.4,18.9,.501,5.1,6.1,.846,1.4,3.2,4.6,4.4,1.5,0.2,3.6,3.2,30.6,,108,118
565,Landry Shamet,SG,22,LAC,53,30,1452,5.1,12.7,.404,3.6,9.6,.375,1.5,3.1,.495,2.1,2.5,.855,0.2,3.1,3.3,3.2,0.7,0.3,1.4,4.6,16.0,,115,113
566,Marial Shayok,SG,24,PHI,4,0,28,5.2,20.8,.250,3.5,10.4,.333,1.7,10.4,.167,5.2,6.9,.750,1.7,10.4,12.1,1.7,0.0,1.7,5.2,6.9,19.0,,75,110
567,Iman Shumpert,SG,29,BRK,13,0,241,4.1,12.6,.328,1.6,6.5,.242,2.6,6.1,.419,0.8,1.4,.571,1.8,4.9,6.7,2.4,2.4,0.4,2.0,4.1,10.6,,85,109
568,Pascal Siakam,PF,25,TOR,60,60,2110,11.3,24.9,.453,3.0,8.2,.359,8.3,16.7,.499,5.4,6.8,.792,1.4,8.5,9.9,4.7,1.4,1.2,3.3,3.8,30.9,,107,105
569,Chris Silva,PF,23,MIA,44,0,346,6.8,11.0,.615,0.0,0.4,.000,6.8,10.6,.640,5.2,7.8,.673,8.5,9.3,17.8,3.2,1.3,3.0,4.5,12.0,18.8,,120,106
570,Ben Simmons,PG,23,PHI,57,57,2017,9.0,15.5,.580,0.0,0.2,.286,9.0,15.4,.583,4.4,7.2,.621,2.7,8.0,10.7,10.9,2.9,0.8,4.8,4.5,22.5,,116,106
571,Anfernee Simons,SG,20,POR,70,4,1449,7.0,17.6,.399,2.5,7.4,.332,4.6,10.2,.448,2.5,3.0,.826,0.8,4.2,5.0,3.2,0.9,0.3,2.0,4.4,19.0,,102,119
572,Alen Smailagić,PF,19,GSW,14,0,139,6.9,13.8,.500,1.0,4.5,.231,5.9,9.3,.630,5.5,6.5,.842,3.4,5.9,9.3,4.5,1.0,1.4,3.8,4.8,20.3,,112,115
573,Marcus Smart,SG,25,BOS,60,40,1919,6.4,17.2,.375,3.4,9.9,.347,3.0,7.2,.415,3.2,3.8,.836,1.1,4.6,5.7,7.3,2.5,0.7,2.6,4.1,19.5,,110,107
574,Dennis Smith Jr.,PG,22,NYK,34,3,537,6.5,19.1,.341,1.5,4.9,.296,5.1,14.2,.357,2.4,4.8,.509,1.9,5.2,7.1,8.9,2.5,0.7,5.3,5.9,17.0,,84,112
575,Ish Smith,PG,31,WAS,68,23,1787,8.1,18.0,.447,1.6,4.4,.367,6.4,13.6,.473,1.6,2.2,.721,0.8,4.9,5.7,8.7,1.5,0.8,2.5,2.8,19.4,,108,117
576,J.R. Smith,SG,34,LAL,6,0,79,4.2,13.2,.318,0.6,6.6,.091,3.6,6.6,.545,1.2,1.2,1.000,0.0,3.0,3.0,1.8,0.6,0.0,2.4,3.0,10.2,,72,113
577,Zhaire Smith,SG,20,PHI,7,0,32,4.5,16.7,.273,0.0,4.5,.000,4.5,12.1,.375,3.0,6.1,.500,0.0,3.0,3.0,3.0,4.5,0.0,3.0,6.1,12.1,,65,106
578,Tony Snell,SF,28,DET,59,57,1641,5.1,11.5,.445,3.1,7.6,.402,2.0,3.8,.531,1.0,1.0,1.000,0.3,3.1,3.3,3.8,1.0,0.4,0.9,3.0,14.2,,121,117
579,Omari Spellman,PF,22,GSW,49,3,886,6.9,15.9,.431,2.3,5.9,.391,4.5,10.0,.454,3.9,5.0,.793,4.2,7.7,11.8,2.5,1.8,1.3,2.9,3.4,20.0,,107,112
580,Max Strus,SG,23,CHI,2,0,6,16.1,24.1,.667,0.0,8.0,.000,16.1,16.1,1.000,8.0,8.0,1.000,8.0,0.0,8.0,0.0,0.0,0.0,0.0,8.0,40.1,,153,119
581,,,,,,,,,,,,,,,,,,,,,,,,,,,,,,,
582,Edmond Sumner,PG,24,IND,31,3,447,6.6,15.4,.430,1.5,5.8,.264,5.1,9.7,.528,1.7,3.1,.552,1.2,3.8,5.0,6.0,1.6,1.0,2.4,4.8,16.5,,100,110
583,Caleb Swanigan,PF,22,TOT,27,1,288,4.6,7.8,.596,0.0,0.3,.000,4.6,7.5,.622,1.5,2.8,.529,4.5,12.1,16.6,5.1,0.5,1.2,6.1,10.3,10.8,,95,113
584,Caleb Swanigan,PF,22,SAC,7,0,23,4.2,8.4,.500,0.0,0.0,,4.2,8.4,.500,2.1,4.2,.500,4.2,10.5,14.8,4.2,2.1,4.2,12.7,16.9,10.5,,61,104
585,Caleb Swanigan,PF,22,POR,20,1,265,4.7,7.7,.605,0.0,0.4,.000,4.7,7.4,.634,1.4,2.7,.533,4.5,12.2,16.7,5.2,0.4,0.9,5.6,9.7,10.8,,99,114
586,Jayson Tatum,PF,21,BOS,66,66,2265,11.8,26.1,.450,4.0,10.0,.403,7.7,16.1,.480,5.4,6.7,.812,1.4,8.4,9.8,4.3,2.0,1.2,3.3,2.9,33.0,,111,106
587,Jeff Teague,PG,31,TOT,59,17,1464,6.8,15.5,.436,1.4,3.7,.368,5.4,11.8,.457,5.5,6.3,.873,0.9,3.7,4.5,9.8,1.4,0.6,3.7,3.4,20.4,,112,116
588,Jeff Teague,PG,31,MIN,34,13,945,7.1,15.9,.448,1.6,4.3,.379,5.5,11.6,.473,6.1,7.1,.868,0.7,3.6,4.3,10.2,1.2,0.6,3.7,3.4,22.0,,116,116
589,Jeff Teague,PG,31,ATL,25,4,519,6.1,14.8,.412,0.9,2.7,.333,5.2,12.1,.430,4.2,4.8,.887,1.1,3.8,4.8,9.0,1.7,0.5,3.6,3.2,17.3,,105,117
590,Garrett Temple,SG,33,BRK,62,35,1730,6.1,16.1,.378,3.5,10.6,.329,2.6,5.5,.473,1.9,2.4,.805,0.8,5.2,6.0,4.3,1.3,0.8,1.7,3.0,17.5,,106,111
591,Daniel Theis,C,27,BOS,65,64,1566,7.4,13.1,.566,1.0,3.0,.333,6.4,10.2,.633,2.7,3.5,.763,4.3,8.8,13.1,3.4,1.1,2.6,1.7,6.7,18.5,,130,105
592,Isaiah Thomas,PG,30,WAS,40,37,925,8.8,21.5,.408,3.9,9.6,.413,4.9,12.0,.405,3.1,3.8,.816,0.6,2.9,3.4,7.4,0.7,0.3,3.9,3.9,24.7,,103,120
593,Khyri Thomas,SG,23,DET,8,0,61,4.0,13.7,.294,4.0,11.3,.357,0.0,2.4,.000,1.6,3.2,.500,0.8,0.0,0.8,2.4,2.4,0.0,2.4,7.3,13.7,,88,116
594,Lance Thomas,SF,31,BRK,7,4,98,3.9,11.1,.348,1.9,6.3,.308,1.9,4.8,.400,1.9,1.9,1.000,1.0,5.3,6.3,2.9,0.0,0.0,2.9,5.3,11.6,,91,115
595,Matt Thomas,SG,25,TOR,41,1,440,7.9,16.2,.487,5.1,10.7,.475,2.8,5.5,.510,1.0,1.3,.750,1.0,5.6,6.6,2.4,1.1,0.1,1.7,4.1,21.8,,119,109
596,Tristan Thompson,C,28,CLE,57,51,1721,8.1,15.9,.512,0.3,0.7,.391,7.9,15.2,.518,2.8,4.6,.615,6.4,9.9,16.3,3.4,0.9,1.4,2.9,3.5,19.3,,112,114
597,Sindarius Thornwell,SG,25,NOP,2,0,35,7.9,14.5,.545,2.6,5.3,.500,5.3,9.3,.571,2.6,5.3,.500,0.0,5.3,5.3,5.3,1.3,1.3,2.6,2.6,21.2,,115,113
598,Matisse Thybulle,SG,22,PHI,65,14,1287,4.2,10.0,.423,2.1,5.9,.357,2.1,4.1,.519,0.9,1.5,.610,1.7,2.4,4.0,3.0,3.5,1.8,1.9,5.3,11.5,,105,106
599,Anthony Tolliver,PF,34,TOT,55,13,872,3.5,9.9,.357,2.7,7.9,.338,0.9,2.0,.432,1.1,1.6,.724,1.9,6.5,8.4,2.3,1.0,0.6,1.9,4.0,10.9,,103,115
600,Anthony Tolliver,PF,34,POR,33,9,554,3.7,10.1,.368,2.6,7.7,.337,1.1,2.4,.464,1.1,1.6,.684,2.3,7.1,9.5,2.5,0.7,0.8,1.8,4.6,11.1,,106,117
601,Anthony Tolliver,PF,34,SAC,9,0,82,1.8,10.1,.176,1.2,8.9,.133,0.6,1.2,.500,0.6,1.2,.500,1.2,5.3,6.5,1.8,2.4,0.6,2.4,3.6,5.3,,57,112
602,Anthony Tolliver,PF,34,MEM,13,4,236,3.8,9.5,.396,3.4,8.1,.415,0.4,1.4,.286,1.4,1.6,.875,1.0,5.5,6.5,2.0,1.4,0.2,1.8,2.8,12.3,,110,113
603,Juan Toscano-Anderson,SF,26,GSW,13,6,272,5.1,11.1,.460,1.4,4.0,.348,3.7,7.0,.525,0.5,0.9,.600,1.6,7.6,9.1,4.6,2.3,0.9,2.8,5.3,12.1,,98,112
604,Karl-Anthony Towns,C,24,MIN,35,35,1187,12.4,24.3,.508,4.5,10.8,.412,7.9,13.5,.586,7.0,8.8,.796,3.7,11.1,14.8,6.0,1.3,1.6,4.3,4.6,36.2,,121,110
605,Gary Trent Jr.,SG,21,POR,61,8,1332,7.0,15.8,.444,4.0,9.6,.418,3.0,6.2,.486,1.3,1.6,.822,0.9,2.7,3.6,2.2,1.7,0.6,0.8,3.2,19.4,,121,117
606,Allonzo Trier,PG,24,NYK,24,1,291,8.5,17.7,.481,3.2,8.9,.358,5.4,8.9,.604,5.7,7.2,.791,1.0,3.8,4.9,4.7,0.5,0.7,3.7,4.9,25.9,,115,118
607,P.J. Tucker,PF,34,HOU,72,72,2467,3.3,8.0,.415,2.0,5.6,.358,1.3,2.4,.551,0.7,0.9,.813,2.1,6.8,8.9,2.2,1.4,0.7,1.4,4.3,9.4,,114,111
608,Rayjon Tucker,SG,22,UTA,20,0,161,6.0,13.0,.465,0.9,5.1,.176,5.1,7.9,.654,5.7,7.0,.826,0.9,5.1,6.0,1.5,0.3,0.3,2.4,3.0,18.7,,109,114
609,,,,,,,,,,,,,,,,,,,,,,,,,,,,,,,
610,Evan Turner,PG,31,ATL,19,0,251,4.6,12.4,.373,0.0,0.9,.000,4.6,11.5,.403,2.2,2.6,.857,1.5,5.6,7.1,7.1,1.7,1.5,4.8,3.7,11.5,,84,115
611,Myles Turner,C,23,IND,62,62,1826,7.1,15.6,.457,2.3,6.6,.344,4.8,9.0,.540,3.4,4.5,.751,2.3,8.5,10.8,1.9,1.2,3.5,2.3,4.4,19.9,,108,105
612,Jarrod Uthoff,SF,26,TOT,7,0,53,6.2,15.9,.389,2.6,7.9,.333,3.5,7.9,.444,1.8,1.8,1.000,1.8,3.5,5.3,0.0,0.9,0.0,0.0,1.8,16.8,,105,119
613,Jarrod Uthoff,SF,26,MEM,4,0,14,3.3,23.3,.143,0.0,13.3,.000,3.3,10.0,.333,6.7,6.7,1.000,3.3,0.0,3.3,0.0,3.3,0.0,0.0,3.3,13.3,,67,112
614,Jarrod Uthoff,SF,26,WAS,3,0,39,7.2,13.2,.545,3.6,6.0,.600,3.6,7.2,.500,0.0,0.0,,1.2,4.8,6.0,0.0,0.0,0.0,0.0,1.2,18.0,,135,121
615,Jonas Valančiūnas,C,27,MEM,70,70,1845,10.9,18.7,.585,0.8,2.3,.352,10.1,16.4,.617,3.7,5.1,.740,5.4,14.6,19.9,3.3,0.8,1.9,3.2,4.7,26.4,,120,107
616,Denzel Valentine,SF,26,CHI,36,5,488,9.6,23.4,.409,4.5,13.5,.336,5.0,9.9,.510,0.6,0.8,.750,0.9,6.4,7.3,4.2,2.6,0.6,2.6,5.0,24.3,,100,109
617,Jarred Vanderbilt,SF-PF,20,TOT,11,0,46,5.3,8.5,.625,0.0,1.1,.000,5.3,7.5,.714,2.1,2.1,1.000,3.2,6.4,9.6,2.1,3.2,1.1,7.5,6.4,12.8,,81,108
618,Jarred Vanderbilt,SF,20,DEN,9,0,41,6.0,8.4,.714,0.0,0.0,,6.0,8.4,.714,0.0,0.0,,3.6,6.0,9.6,2.4,3.6,1.2,8.4,7.2,12.1,,77,107
619,Jarred Vanderbilt,PF,20,MIN,2,0,5,0.0,9.3,.000,0.0,9.3,.000,0.0,0.0,,18.6,18.6,1.000,0.0,9.3,9.3,0.0,0.0,0.0,0.0,0.0,18.6,,124,116
620,Fred VanVleet,PG,25,TOR,54,54,1928,7.9,19.1,.413,3.6,9.2,.390,4.3,9.8,.434,4.1,4.9,.848,0.4,4.6,5.0,8.8,2.5,0.4,3.0,3.3,23.5,,113,106
621,Gabe Vincent,PG,23,MIA,9,0,83,4.7,21.8,.216,3.5,15.9,.222,1.2,5.9,.200,0.0,0.0,,0.0,2.9,2.9,3.5,2.9,0.0,0.6,3.5,12.9,,70,110
622,Noah Vonleh,C-PF,24,TOT,36,1,377,6.4,11.4,.565,0.4,1.9,.200,6.1,9.5,.636,3.1,4.0,.781,4.6,10.8,15.3,3.5,1.4,0.7,2.6,4.9,16.3,,121,111
623,Noah Vonleh,C,24,MIN,29,1,347,6.3,11.5,.547,0.3,1.9,.143,6.0,9.6,.625,3.1,3.7,.821,4.5,11.0,15.5,3.5,1.5,0.8,2.5,4.8,15.9,,119,111
624,Noah Vonleh,PF,24,DEN,7,0,30,8.2,9.9,.833,1.6,1.6,1.000,6.6,8.2,.800,3.3,6.6,.500,4.9,8.2,13.2,3.3,0.0,0.0,3.3,6.6,21.4,,136,115
625,Nikola Vučević,C,29,ORL,62,62,1998,12.0,25.2,.477,2.4,7.0,.339,9.6,18.1,.531,3.2,4.1,.784,3.4,13.0,16.4,5.4,1.3,1.1,2.1,3.3,29.6,,114,107
626,Dean Wade,PF,23,CLE,12,0,71,6.2,8.9,.692,1.4,2.7,.500,4.8,6.2,.778,0.0,0.7,.000,2.1,11.0,13.0,1.4,1.4,2.7,2.1,5.5,13.7,,122,111
627,Moritz Wagner,C,22,WAS,45,5,835,8.1,14.9,.545,1.4,4.5,.313,6.7,10.4,.645,4.4,5.3,.821,3.1,9.1,12.3,3.1,1.6,1.1,3.7,8.5,22.0,,114,113
628,Dion Waiters,SG,28,TOT,10,0,207,9.5,22.9,.414,3.5,10.9,.319,6.0,12.0,.500,3.2,3.9,.824,0.5,5.1,5.5,4.6,0.9,1.4,3.7,4.8,25.6,,98,110
629,Dion Waiters,SG,28,MIA,3,0,42,11.6,30.2,.385,9.3,19.8,.471,2.3,10.5,.222,0.0,1.2,.000,0.0,12.8,12.8,3.5,0.0,2.3,3.5,5.8,32.5,,93,108
630,Dion Waiters,SG,28,LAL,7,0,165,8.9,21.0,.425,2.0,8.6,.233,6.9,12.4,.558,4.0,4.6,.875,0.6,3.2,3.7,4.9,1.2,1.2,3.7,4.6,23.9,,99,110
631,Kemba Walker,PG,29,BOS,56,56,1742,10.5,24.6,.425,5.0,13.1,.381,5.5,11.5,.476,5.8,6.7,.864,1.0,5.0,6.0,7.4,1.3,0.8,3.2,2.5,31.7,,116,110
632,Lonnie Walker,SG,21,SAS,61,12,988,7.4,17.3,.426,2.0,4.9,.406,5.4,12.4,.434,2.1,3.0,.721,1.1,5.6,6.7,3.3,1.5,0.7,2.1,3.8,18.8,,100,115
633,Tyrone Wallace,SG,25,ATL,14,0,160,4.1,12.8,.318,0.3,4.4,.067,3.8,8.4,.448,3.2,5.0,.647,0.9,5.5,6.4,3.8,2.0,0.3,2.9,5.5,11.6,,80,115
634,Taurean Prince,SF,25,BRK,64,61,1857,7.1,18.8,.376,3.7,11.0,.339,3.4,7.8,.429,1.8,2.3,.798,1.3,8.4,9.7,3.0,1.5,0.6,3.2,4.1,19.7,,94,109
635,Derrick Walton,PG,24,TOT,26,1,248,3.4,7.5,.462,1.9,4.6,.417,1.5,2.9,.533,1.3,1.7,.778,0.4,2.7,3.1,5.2,1.3,0.0,1.0,4.0,10.1,,131,112
636,Derrick Walton,PG,24,LAC,23,1,222,3.6,7.7,.472,1.9,4.5,.429,1.7,3.2,.533,1.5,1.9,.778,0.4,2.8,3.2,4.7,0.9,0.0,0.9,4.0,10.6,,133,113
637,Derrick Walton,PG,24,DET,3,0,26,1.9,5.7,.333,1.9,5.7,.333,0.0,0.0,,0.0,0.0,,0.0,1.9,1.9,9.5,5.7,0.0,1.9,3.8,5.7,,117,107
638,Brad Wanamaker,PG,30,BOS,71,1,1369,5.7,12.8,.448,1.3,3.6,.363,4.4,9.2,.481,4.4,4.8,.926,0.8,4.3,5.1,6.3,2.2,0.5,2.7,4.7,17.2,,115,109
639,T.J. Warren,SF,26,IND,67,67,2202,11.8,22.0,.536,2.0,5.0,.403,9.8,17.0,.575,3.7,4.5,.819,1.5,4.7,6.2,2.2,1.7,0.7,1.9,4.1,29.2,,116,110
640,,,,,,,,,,,,,,,,,,,,,,,,,,,,,,,
641,P.J. Washington,PF,21,CHO,58,57,1759,7.6,16.8,.455,2.4,6.6,.374,5.2,10.2,.507,2.5,3.9,.647,1.7,7.3,9.0,3.5,1.5,1.3,2.6,4.5,20.2,,105,112
642,Yuta Watanabe,SG,25,MEM,18,0,105,6.7,15.1,.441,1.3,3.6,.375,5.3,11.6,.462,1.3,3.6,.375,3.1,5.8,8.9,2.2,2.2,0.4,0.9,4.0,16.0,,105,110
643,Tremont Waters,PG,22,BOS,11,1,119,5.7,19.9,.286,1.6,9.7,.167,4.1,10.1,.400,3.2,3.2,1.000,0.0,4.9,4.9,6.5,4.1,0.8,6.1,5.3,16.2,,73,103
644,Paul Watson,SF-SG,25,TOT,10,0,87,5.4,14.2,.385,2.2,6.5,.333,3.3,7.6,.429,3.8,4.9,.778,1.1,8.2,9.3,4.4,2.2,0.5,1.6,2.7,16.9,,106,106
645,Paul Watson,SG,25,ATL,2,0,17,0.0,19.2,.000,0.0,8.2,.000,0.0,11.0,.000,0.0,0.0,,0.0,5.5,5.5,8.2,2.7,0.0,0.0,2.7,0.0,,27,114
646,Paul Watson,SF,25,TOR,8,0,70,6.8,12.9,.526,2.7,6.1,.444,4.1,6.8,.600,4.8,6.1,.778,1.4,8.8,10.2,3.4,2.0,0.7,2.0,2.7,21.1,,127,104
647,Quinndary Weatherspoon,SG,23,SAS,11,0,78,3.1,10.4,.294,0.6,3.1,.200,2.5,7.4,.333,0.6,1.2,.500,0.6,3.7,4.3,6.7,1.8,0.6,3.1,4.9,7.4,,77,115
648,Russell Westbrook,PG,31,HOU,57,57,2049,13.6,28.9,.472,1.2,4.8,.258,12.4,24.1,.514,6.5,8.6,.763,2.3,7.9,10.2,9.1,2.1,0.5,5.8,4.5,35.1,,106,109
649,Coby White,SG,19,CHI,65,1,1674,9.0,22.8,.394,3.8,10.8,.354,5.2,12.0,.430,2.9,3.7,.791,0.8,5.8,6.6,5.0,1.4,0.2,3.1,3.4,24.7,,100,112
650,Derrick White,SG,25,SAS,68,20,1677,7.2,15.7,.458,2.3,6.2,.366,5.0,9.6,.518,5.1,6.0,.853,1.0,5.4,6.4,6.9,1.3,1.7,2.5,4.3,21.8,,118,114
651,Hassan Whiteside,C,30,POR,67,61,2008,10.3,16.7,.621,0.1,0.2,.571,10.3,16.5,.622,3.9,5.7,.686,6.1,15.4,21.5,1.9,0.6,4.7,2.8,4.7,24.7,,125,107
652,Andrew Wiggins,SF-SG,24,TOT,54,54,1858,11.0,24.6,.447,2.8,8.4,.332,8.2,16.2,.506,4.8,6.7,.709,1.7,5.2,6.9,5.0,1.1,1.3,3.3,3.2,29.6,,105,114
653,Andrew Wiggins,SF,24,MIN,42,42,1455,11.2,25.2,.444,2.9,8.8,.331,8.3,16.4,.505,4.8,6.6,.720,1.5,5.5,7.0,4.9,0.9,1.1,3.4,3.2,30.1,,104,115
654,Andrew Wiggins,SG,24,GSW,12,12,403,10.2,22.3,.457,2.4,7.0,.339,7.8,15.3,.512,4.9,7.2,.672,2.1,4.4,6.5,5.1,1.9,2.0,3.0,3.1,27.7,,106,113
655,Grant Williams,PF,21,BOS,69,5,1043,4.0,9.8,.412,1.1,4.4,.250,2.9,5.3,.548,1.8,2.5,.722,2.7,5.5,8.2,3.1,1.4,1.7,2.3,7.5,11.0,,104,108
656,Johnathan Williams,C,24,WAS,15,6,180,4.9,8.8,.559,0.0,0.5,.000,4.9,8.3,.594,1.8,3.4,.538,6.2,10.4,16.6,2.1,0.3,2.1,1.3,4.2,11.7,,126,115
657,Kenrich Williams,PF,25,NOP,39,18,832,2.8,8.2,.347,1.4,5.4,.258,1.4,2.8,.520,0.5,1.4,.346,2.8,7.5,10.3,3.2,1.5,1.2,1.2,4.9,7.6,,103,111
658,Lou Williams,SG,33,LAC,65,8,1864,9.9,23.7,.418,2.8,8.0,.352,7.1,15.7,.451,7.4,8.6,.861,0.8,4.3,5.1,9.3,1.1,0.3,4.6,2.0,30.1,,109,111
659,Marvin Williams,PF,33,TOT,58,1,1129,5.1,11.5,.446,2.4,6.7,.359,2.7,4.8,.568,2.1,2.5,.860,1.3,6.6,7.9,2.6,1.6,1.3,1.4,4.4,14.8,,116,110
660,Marvin Williams,PF,33,CHO,41,1,808,5.8,13.0,.448,2.7,7.3,.376,3.1,5.8,.538,2.7,3.1,.860,0.9,5.8,6.8,2.5,1.6,1.4,1.6,4.4,17.1,,115,113
661,Marvin Williams,PF,33,MIL,17,0,321,3.6,8.1,.439,1.7,5.5,.308,1.8,2.6,.722,0.9,1.0,.857,2.1,8.4,10.5,2.7,1.4,1.1,1.1,4.6,9.7,,119,103
662,Robert Williams,C,22,BOS,29,1,388,8.0,10.9,.727,0.0,0.0,,8.0,10.9,.727,2.7,4.2,.647,5.0,10.9,15.9,3.4,2.7,4.4,2.6,6.3,18.7,,134,98
663,Nigel Williams-Goss,PG,25,UTA,10,0,50,4.9,15.6,.313,1.9,6.8,.286,2.9,8.8,.333,1.9,1.9,1.000,1.9,3.9,5.8,5.8,2.9,1.0,2.9,5.8,13.6,,92,108
664,Zion Williamson,PF,19,NOP,24,24,668,14.5,24.9,.583,0.4,1.0,.429,14.1,24.0,.590,7.9,12.3,.640,4.4,6.0,10.4,3.5,1.1,0.6,4.1,2.9,37.4,,115,114
665,D.J. Wilson,PF,23,MIL,37,1,363,6.5,16.6,.394,2.3,9.2,.247,4.3,7.4,.576,1.4,2.3,.611,1.5,10.1,11.6,3.1,0.4,0.6,2.4,4.2,16.7,,94,105
666,Justise Winslow,SF,23,MIA,11,5,352,6.9,17.9,.388,0.8,3.7,.222,6.1,14.1,.431,2.5,3.7,.667,2.2,7.9,10.1,6.1,1.0,0.7,3.3,5.3,17.2,,93,111
667,,,,,,,,,,,,,,,,,,,,,,,,,,,,,,,
668,Christian Wood,PF,24,DET,62,12,1325,10.7,18.9,.567,2.0,5.2,.386,8.7,13.7,.636,6.7,9.0,.744,3.9,10.6,14.5,2.2,1.3,2.0,3.1,3.6,30.1,,123,110
669,Delon Wright,SG,27,DAL,73,5,1570,5.8,12.7,.462,1.4,3.9,.370,4.4,8.7,.504,2.4,3.1,.770,2.2,6.5,8.6,7.5,2.6,0.7,2.2,2.9,15.5,,120,110
670,Justin Wright-Foreman,PG,22,UTA,4,0,45,7.6,21.6,.350,2.2,10.8,.200,5.4,10.8,.500,3.2,4.3,.750,0.0,5.4,5.4,7.6,2.2,0.0,3.2,5.4,20.5,,93,110
671,Thaddeus Young,PF,31,CHI,64,16,1591,8.1,18.2,.448,2.4,6.7,.356,5.8,11.5,.501,1.3,2.2,.583,2.8,6.7,9.5,3.5,2.8,0.7,3.1,4.1,20.0,,101,108
672,Trae Young,PG,21,ATL,60,60,2120,12.0,27.5,.437,4.5,12.5,.361,7.5,15.0,.501,10.6,12.3,.860,0.7,4.9,5.6,12.3,1.4,0.2,6.4,2.3,39.1,,114,117
673,Cody Zeller,C,27,CHO,58,39,1341,9.4,17.9,.524,0.7,2.8,.240,8.7,15.1,.577,4.6,6.7,.682,6.0,9.4,15.4,3.3,1.5,0.9,2.8,5.2,24.0,,116,111
674,Tyler Zeller,C,30,SAS,2,0,4,11.9,47.8,.250,0.0,0.0,,11.9,47.8,.250,0.0,0.0,,35.8,11.9,47.8,0.0,0.0,0.0,0.0,0.0,23.9,,95,116
675,Ante Žižić,C,23,CLE,22,0,221,9.0,15.9,.569,0.0,0.0,,9.0,15.9,.569,3.1,4.2,.737,4.0,10.6,14.5,1.3,1.5,1.1,2.2,5.9,21.1,,116,113
676,Ivica Zubac,C,22,LAC,72,70,1326,8.4,13.7,.613,0.0,0.1,.000,8.4,13.7,.616,4.4,5.9,.747,7.0,12.3,19.4,2.9,0.6,2.4,2.2,6.0,21.2,,134,105
